{
"type": "FeatureCollection",
"name": "Colectores",
"crs": { "type": "name", "properties": { "name": "urn:ogc:def:crs:OGC:1.3:CRS84" } },
"features": [
{ "type": "Feature", "properties": { "fid": 1, "NOMBRE": "CANAL SOSA", "TIPO": "Matriz", "AREACUENCA": null, "LONGITUD": "3.58 km", "CAPACIDAD": "200 m3/s", "OBSERVACIO": "Forma parte de un sistema mixto en conjunto con el sistema de riego. Pendiente media del 2%", "Clase": "Canal" }, "geometry": { "type": "LineString", "coordinates": [ [ [ -68.908645204435444, -33.000054891382689 ], [ -68.907172226297988, -32.999066690860133 ], [ -68.906867716190973, -32.998414169202249 ], [ -68.902691577580583, -32.995673578239149 ], [ -68.901629647604409, -32.995177039847519 ], [ -68.901106762116413, -32.995145025834042 ], [ -68.900504372061988, -32.995100401846855 ], [ -68.899020377000113, -32.994558658000265 ], [ -68.896985323676404, -32.993341191626627 ], [ -68.896216901876315, -32.992900677807157 ], [ -68.895382088500085, -32.992381255000275 ], [ -68.894847431929563, -32.992097031458563 ], [ -68.894443535131984, -32.991920108996382 ], [ -68.89415553530074, -32.991825267869473 ], [ -68.893701055243753, -32.991709000059224 ], [ -68.892964066809284, -32.99160116015576 ], [ -68.892155999275545, -32.99148379479827 ], [ -68.891423695604175, -32.991372796605397 ], [ -68.891259076248062, -32.99136004037085 ], [ -68.891116895521066, -32.991356763220985 ], [ -68.89037232390011, -32.991451347800258 ], [ -68.888831454811537, -32.991512411516943 ], [ -68.886882009925259, -32.99152327360104 ], [ -68.886587334423382, -32.991535619265782 ], [ -68.885067065827329, -32.991688738069293 ], [ -68.882528914911376, -32.991938635400395 ], [ -68.880219960500114, -32.992205286800242 ], [ -68.877630117400116, -32.992494233000258 ], [ -68.871563734400112, -32.993149790400246 ], [ -68.870610959300095, -32.993301468100228 ], [ -68.867226699959389, -32.994093519912006 ], [ -68.86609906721587, -32.994365071063811 ], [ -68.865696864202206, -32.994336259899953 ], [ -68.865347145113603, -32.994242862605503 ] ] ] } },
{ "type": "Feature", "properties": { "fid": 2, "NOMBRE": "COLECTOR BALCARCE", "TIPO": "Descargador", "AREACUENCA": null, "LONGITUD": "1.30 km", "CAPACIDAD": null, "OBSERVACIO": "Recoge los desagues pluviales del area que antiguamente ocupaba el Zanjon Maure, que desagua directamente al\nCanal Cacique Guaymallen.", "Clase": "Colector" }, "geometry": { "type": "LineString", "coordinates": [ [ [ -68.842268403576725, -32.922866495153052 ], [ -68.841790689300083, -32.921592361400279 ], [ -68.841551527300098, -32.920986551200258 ], [ -68.841271782700119, -32.919815906900268 ], [ -68.840873925700095, -32.918173618600285 ], [ -68.840094552800124, -32.914780995200275 ], [ -68.839904080400103, -32.913305647000264 ], [ -68.839602111900135, -32.912580719700266 ], [ -68.839561002161346, -32.912487472332423 ], [ -68.839486547200096, -32.912404732900264 ], [ -68.838993611800106, -32.912042867800267 ], [ -68.838552324613275, -32.911852758368155 ] ] ] } },
{ "type": "Feature", "properties": { "fid": 3, "NOMBRE": "COLECTOR BARRIO LOS CERRILLOS", "TIPO": "Canalización Intermedia", "AREACUENCA": null, "LONGITUD": "0.91 km", "CAPACIDAD": null, "OBSERVACIO": "Suelo Natural", "Clase": "Colector" }, "geometry": { "type": "LineString", "coordinates": [ [ [ -68.887871599800107, -32.905398925500272 ], [ -68.887501350161628, -32.905477497341927 ], [ -68.88708262879959, -32.905521265900518 ], [ -68.886648870314119, -32.905631238456309 ], [ -68.886129086160793, -32.905778970629427 ], [ -68.885912106768558, -32.905911210879999 ], [ -68.885702708274778, -32.905961472218877 ], [ -68.88546145699209, -32.906072798964615 ], [ -68.885073333463538, -32.906300661933535 ], [ -68.884549697259288, -32.906531157751353 ], [ -68.884452391276469, -32.906619359885937 ], [ -68.884351117413914, -32.906884142319406 ], [ -68.884122799133934, -32.907107814250807 ], [ -68.883907595159059, -32.907307059965405 ], [ -68.88375040702573, -32.907448811787312 ], [ -68.88356699547451, -32.907633108351085 ], [ -68.883312559789545, -32.907815761727555 ], [ -68.883066710659335, -32.9078640137989 ], [ -68.882885429538277, -32.907848077685955 ], [ -68.882689073088542, -32.907925149100265 ], [ -68.882270158441798, -32.908104492615138 ], [ -68.8818074517947, -32.908183282345114 ], [ -68.8813529392162, -32.90842407818586 ], [ -68.881027405825989, -32.908655141150476 ], [ -68.880724244606554, -32.908927611472457 ], [ -68.88033133039167, -32.909224827286337 ], [ -68.880110657369599, -32.909311331204144 ], [ -68.87981712431376, -32.909370961787907 ] ] ] } },
{ "type": "Feature", "properties": { "fid": 4, "NOMBRE": "CANAL RIO SECO", "TIPO": "Descargador", "AREACUENCA": null, "LONGITUD": "1.61 km", "CAPACIDAD": null, "OBSERVACIO": "Suelo natural", "Clase": "Canal" }, "geometry": { "type": "LineString", "coordinates": [ [ [ -68.880429231018439, -32.965473878279973 ], [ -68.87957580794486, -32.965889288293312 ], [ -68.879021903297613, -32.966103174486662 ], [ -68.877944574914352, -32.966121045958069 ], [ -68.87682260356361, -32.965962281770778 ], [ -68.876014848360128, -32.965803819791709 ], [ -68.875580856853048, -32.965860146873361 ], [ -68.874833265929084, -32.965481009221058 ], [ -68.873680753971897, -32.964450310734328 ], [ -68.872895976248913, -32.963932380506584 ], [ -68.872481170292559, -32.963657624363805 ], [ -68.872296260183703, -32.963486371253687 ], [ -68.872188946608688, -32.963328992786977 ], [ -68.871996557867774, -32.963156943259349 ], [ -68.871483829920678, -32.962702741870785 ], [ -68.871356651012078, -32.962704187590653 ], [ -68.871269746372832, -32.962661529084009 ], [ -68.871183840997048, -32.962574725939177 ], [ -68.871041796527237, -32.962509937595705 ], [ -68.870894271671773, -32.962355669736127 ], [ -68.870484954268349, -32.962173933695532 ], [ -68.870086806854246, -32.962028470394579 ], [ -68.869794147631339, -32.962006487039879 ], [ -68.869571583351373, -32.962010984741873 ], [ -68.86922768403727, -32.961859268815523 ], [ -68.868937107632306, -32.961693812393769 ], [ -68.868570630284637, -32.961635092077358 ], [ -68.868332206825031, -32.961614738978604 ], [ -68.868114412704884, -32.961556173952374 ], [ -68.867914390643634, -32.961494474081171 ], [ -68.867826441068459, -32.961527490264508 ], [ -68.867716041738547, -32.961565212501291 ], [ -68.867607594829011, -32.961547754693498 ], [ -68.867587085903395, -32.9615051639718 ], [ -68.867607757062856, -32.961438967461262 ], [ -68.867609681357379, -32.961402707032171 ], [ -68.867547101427405, -32.96135415934949 ], [ -68.866933228868376, -32.961024385618337 ], [ -68.866744465573859, -32.960939046426688 ], [ -68.866598646289177, -32.960901051691593 ], [ -68.866368622799584, -32.960892922692366 ], [ -68.8662451963324, -32.960888060709735 ], [ -68.865889954871975, -32.960823038042228 ], [ -68.865712290219165, -32.960819693922105 ] ] ] } },
{ "type": "Feature", "properties": { "fid": 5, "NOMBRE": "RIO SECO TEJO - VIAMONTE  -  LINIERS", "TIPO": "Matriz", "AREACUENCA": null, "LONGITUD": "5.43 km", "CAPACIDAD": "80 m3/s", "OBSERVACIO": "Forma parte de un sistema mixto en conjunto con el sistema de riego", "Clase": "Zanjon" }, "geometry": { "type": "LineString", "coordinates": [ [ [ -68.89005369130011, -32.983565969400253 ], [ -68.889336367800112, -32.983893645800265 ], [ -68.888188625256859, -32.984244394386408 ], [ -68.887806803098911, -32.984401714299331 ], [ -68.887092830885905, -32.984635987721177 ], [ -68.886372294288691, -32.984880499127641 ], [ -68.885361693593637, -32.985201206647709 ], [ -68.884205247170627, -32.985461859115759 ], [ -68.883204164271973, -32.985646968347417 ], [ -68.881978698377793, -32.98574987326068 ], [ -68.880987130556449, -32.985808843835088 ], [ -68.88071018585201, -32.985865338012573 ], [ -68.88025742580497, -32.985896437133249 ], [ -68.880058282180499, -32.985830027835753 ], [ -68.87983775787788, -32.985665847007596 ], [ -68.878815213000124, -32.984447377800265 ], [ -68.878796507971813, -32.984434286143959 ], [ -68.877798425742483, -32.983799510729959 ], [ -68.877539760770603, -32.983491027402508 ], [ -68.876642247093542, -32.982519732053277 ], [ -68.876189336514443, -32.98199978622123 ], [ -68.875782201221284, -32.981523241416951 ], [ -68.875194690783914, -32.980949552723793 ], [ -68.874565909525899, -32.98046411074661 ], [ -68.873929697526364, -32.979947125583287 ], [ -68.873174994012132, -32.979231362159304 ], [ -68.872962035394409, -32.97902933774445 ], [ -68.872374369185465, -32.978588071932506 ], [ -68.87212553318966, -32.978297324254605 ], [ -68.871974432538806, -32.978009041237357 ], [ -68.871823037100114, -32.977583159500277 ], [ -68.871366694084742, -32.976583147608956 ], [ -68.871232038596645, -32.976244822702306 ], [ -68.871157533347272, -32.976027171550911 ], [ -68.871092304330546, -32.975862346877591 ], [ -68.871002826436055, -32.975650986668676 ], [ -68.870941367674206, -32.975466457981518 ], [ -68.87081651154547, -32.9751446972666 ], [ -68.870313011755044, -32.974092566042636 ], [ -68.870002055492421, -32.973445826103422 ], [ -68.869469824753793, -32.972229298015819 ], [ -68.869078246640299, -32.971405100831277 ], [ -68.868678846500103, -32.970264773400267 ], [ -68.868319472239293, -32.969096121453468 ], [ -68.867882867408056, -32.96775276809251 ], [ -68.867299416844205, -32.966122310750656 ], [ -68.866929049838319, -32.9649039715935 ], [ -68.866799769673278, -32.964433998591659 ], [ -68.866826407748093, -32.964131314356663 ], [ -68.866755715214737, -32.96356798846336 ], [ -68.866584738701064, -32.962844133447163 ], [ -68.866123237100112, -32.961786778600271 ], [ -68.866040432321356, -32.961646889648989 ], [ -68.865991970768476, -32.961538050270939 ], [ -68.865813151766076, -32.961060139710689 ], [ -68.865701116693188, -32.960788149326746 ], [ -68.865358049693342, -32.960249262608109 ], [ -68.865018110840523, -32.959654506481854 ], [ -68.864512018743227, -32.959177816503512 ], [ -68.864209034032697, -32.958883051953329 ], [ -68.864057229904176, -32.95878710660137 ], [ -68.863751967184129, -32.958759971335652 ], [ -68.863484514793555, -32.958772292389376 ], [ -68.862960360791433, -32.95879852120212 ], [ -68.862663526295506, -32.958763509374528 ], [ -68.862309796680336, -32.958785981125509 ], [ -68.86157305271017, -32.958721313419581 ], [ -68.861087768437045, -32.95870658507144 ], [ -68.859403284763701, -32.958665284870911 ], [ -68.858249402044507, -32.958660827634731 ], [ -68.856888437591152, -32.958632473239312 ], [ -68.855192656841822, -32.958639978836864 ], [ -68.854740528187591, -32.958650490333035 ], [ -68.85424483802376, -32.95870982488578 ], [ -68.853666400411129, -32.95876433068026 ], [ -68.853207300710935, -32.95874891261505 ] ] ] } },
{ "type": "Feature", "properties": { "fid": 6, "NOMBRE": "ZANJON CACIQUE GUAYMALLEN", "TIPO": "Gran colector aluvional", "AREACUENCA": null, "LONGITUD": "27 km", "CAPACIDAD": "250 m3/s", "OBSERVACIO": "Es el principal canal de riego y de desague aluvional que atraviesa, de Sur a Norte. Tiene multiples funciones. Entre 15 y 20 metros de ancho y entre 2 y 3,5 metros de alto.", "Clase": "Zanjon" }, "geometry": { "type": "LineString", "coordinates": [ [ [ -68.867434717283359, -33.000054891382696 ], [ -68.867185210100104, -32.999241414600256 ], [ -68.866905190700109, -32.998530441400256 ], [ -68.866596472700095, -32.997562365600238 ], [ -68.866306699009556, -32.996872908293291 ], [ -68.865922442672954, -32.99610389390142 ], [ -68.865773425599301, -32.995668586579143 ], [ -68.865427335900108, -32.994539418300263 ], [ -68.865305180400114, -32.994096437300271 ], [ -68.865286197200106, -32.993960654500277 ], [ -68.865201948900108, -32.99356157180025 ], [ -68.865148813400097, -32.993084814800305 ], [ -68.865065271000105, -32.992361852100238 ], [ -68.864928430400113, -32.991348015100257 ], [ -68.86482789350012, -32.99059946430026 ], [ -68.864733421000111, -32.989864625700264 ], [ -68.864544126200101, -32.988533706500249 ], [ -68.864484847500108, -32.988292504400249 ], [ -68.86429460650011, -32.98787532960025 ], [ -68.863967413800111, -32.987307295100251 ], [ -68.863763905500093, -32.986774066100288 ], [ -68.86363320539057, -32.986454856390502 ], [ -68.863517772388846, -32.986095260306399 ], [ -68.863376137963641, -32.985743518545668 ], [ -68.863238258256658, -32.985383897603981 ], [ -68.86321602842095, -32.985241977193674 ], [ -68.862912457900109, -32.984558305800256 ], [ -68.862842268245018, -32.984388614164338 ], [ -68.862689188058539, -32.984183484921935 ], [ -68.862580907489914, -32.984041469723046 ], [ -68.862506342466475, -32.983871900647692 ], [ -68.86246177349382, -32.98366058404747 ], [ -68.862450779197488, -32.983512369345199 ], [ -68.862290502640931, -32.983124343345835 ], [ -68.862067394000107, -32.982593319400245 ], [ -68.861930658200095, -32.982326278500281 ], [ -68.861713792400096, -32.981887862300276 ], [ -68.861657300900106, -32.981720495800275 ], [ -68.8615633494001, -32.981314083100287 ], [ -68.86140635701301, -32.980890077744704 ], [ -68.861156744181528, -32.980218158624957 ], [ -68.8609743444825, -32.979630663182199 ], [ -68.860846507600101, -32.979100336800279 ], [ -68.860690552219481, -32.978691467101598 ], [ -68.860473812304065, -32.977939175203844 ], [ -68.860231172741024, -32.97700633031031 ], [ -68.860123277669885, -32.976627819519436 ], [ -68.860065941600112, -32.976277833500269 ], [ -68.86006623370011, -32.976092606300249 ], [ -68.860121876000107, -32.975668194100251 ], [ -68.860021144600097, -32.975224735900255 ], [ -68.859801961700114, -32.974776863800273 ], [ -68.859564316800117, -32.974413861300292 ], [ -68.859418541100112, -32.973896612400267 ], [ -68.859253669800097, -32.973250512700254 ], [ -68.858943352700095, -32.972501543100257 ], [ -68.8585689529001, -32.971721628800267 ], [ -68.858378776900096, -32.971127311500297 ], [ -68.858166624992037, -32.970818900271347 ], [ -68.858002679370472, -32.97041194435954 ], [ -68.858006943614697, -32.970084799193302 ], [ -68.857779162983292, -32.969829914833447 ], [ -68.857678436055593, -32.969658736103277 ], [ -68.857704888205049, -32.969492432121079 ], [ -68.857724132955099, -32.969155055909013 ], [ -68.857731148105458, -32.968862599613587 ], [ -68.857563194063303, -32.96862591415568 ], [ -68.857404109900116, -32.968479402300275 ], [ -68.857204920461427, -32.968105218160225 ], [ -68.8571578340663, -32.967727562121212 ], [ -68.857106319700108, -32.967460751400289 ], [ -68.857022568200094, -32.967220460900265 ], [ -68.85688128462472, -32.966984654109105 ], [ -68.856806974905666, -32.966672396717257 ], [ -68.856748044500108, -32.96638044570026 ], [ -68.856603289600116, -32.966067703300247 ], [ -68.856305323800115, -32.965338902700253 ], [ -68.856239512900117, -32.965214924200254 ], [ -68.855862135798631, -32.964567300351966 ], [ -68.855605416100104, -32.963872659300257 ], [ -68.855354077500095, -32.963146299700256 ], [ -68.8550088211001, -32.962372477800265 ], [ -68.854609470779124, -32.961452007701219 ], [ -68.854275955400098, -32.960673649700269 ], [ -68.85423901690011, -32.960507625000261 ], [ -68.854140159059156, -32.960244551219304 ], [ -68.853901070344406, -32.960064536119191 ], [ -68.853752108520922, -32.959667839602638 ], [ -68.853385569934176, -32.959091151984566 ], [ -68.853034269700132, -32.958416605300258 ], [ -68.852904430361818, -32.958267585852965 ], [ -68.852814961132111, -32.958087744712998 ], [ -68.852751718300098, -32.957854198800291 ], [ -68.852669742700101, -32.957683250100267 ], [ -68.852167910200109, -32.956825912600273 ], [ -68.852115362500101, -32.956759023300293 ], [ -68.851773573100118, -32.956079708300258 ], [ -68.851436586000119, -32.95549680860028 ], [ -68.851234775353632, -32.955243209414299 ], [ -68.850674709403719, -32.954671801099394 ], [ -68.850494702531094, -32.954401193714247 ], [ -68.849765876600117, -32.953423159600291 ], [ -68.849418967000119, -32.953020596700263 ], [ -68.849310313500098, -32.952845620400247 ], [ -68.848754971200094, -32.952194868200273 ], [ -68.847505164200101, -32.950703000100283 ], [ -68.846487901100105, -32.949498356700268 ], [ -68.846217594672126, -32.94914818617643 ], [ -68.845975318600111, -32.948772083500288 ], [ -68.845402563993105, -32.947917407637213 ], [ -68.844554016100119, -32.946557169900238 ], [ -68.844096242996898, -32.945884294048994 ], [ -68.843737796600095, -32.945156700100242 ], [ -68.843519149000116, -32.944596358700238 ], [ -68.843071216100114, -32.943312300300271 ], [ -68.842474983800102, -32.941480227700254 ], [ -68.842317931700094, -32.940983988600252 ], [ -68.84213222240011, -32.940457469800272 ], [ -68.841905492600105, -32.939900943200264 ], [ -68.841690900100119, -32.939472903300256 ], [ -68.841537751700116, -32.939092472800283 ], [ -68.841449748500096, -32.938734746700248 ], [ -68.840985620700096, -32.937006820000285 ], [ -68.840546584900096, -32.935354164800259 ], [ -68.840208348364328, -32.934144497984491 ], [ -68.839692326605586, -32.93207134987744 ], [ -68.839302405091857, -32.930580928238165 ], [ -68.839097289401408, -32.929767908406816 ], [ -68.839012168259572, -32.929282983131252 ], [ -68.838886065590074, -32.928716808160438 ], [ -68.838782098437505, -32.928316208412838 ], [ -68.838647443700097, -32.927753695000277 ], [ -68.838454695900097, -32.927233132800254 ], [ -68.838286649808808, -32.926788595633816 ], [ -68.838074487640213, -32.926261724182716 ], [ -68.83792198265094, -32.9258271629826 ], [ -68.83784393674253, -32.925568493248022 ], [ -68.837806876000116, -32.925350961300254 ], [ -68.83779343430011, -32.925117225100237 ], [ -68.837773105500105, -32.924860114100262 ], [ -68.837773542700106, -32.924620553500276 ], [ -68.837753139400093, -32.924404342300285 ], [ -68.837687397600106, -32.924128975000286 ], [ -68.837648210800083, -32.923895208900284 ], [ -68.837648538600106, -32.92371574900028 ], [ -68.837663642400116, -32.923578043400262 ], [ -68.83769861250012, -32.923411148300275 ], [ -68.837713701000112, -32.923281790400246 ], [ -68.837732457000101, -32.921372357000273 ], [ -68.837772604400101, -32.920082946200253 ], [ -68.83782229960012, -32.918971506200251 ], [ -68.837753609710859, -32.917697797924845 ], [ -68.837822830200111, -32.916164208300259 ], [ -68.837839571400096, -32.914950085100287 ], [ -68.837888927000094, -32.914415922000252 ], [ -68.8379671199001, -32.913983744500257 ], [ -68.838108894600083, -32.913451367700283 ], [ -68.838346023408903, -32.912640704662934 ], [ -68.838549292358252, -32.911871566714673 ], [ -68.838684810647848, -32.911354603474408 ], [ -68.838719573400112, -32.910845531600259 ], [ -68.838614002900115, -32.910288875600237 ], [ -68.838387374500101, -32.909661680900257 ], [ -68.838184893700117, -32.909274001500279 ], [ -68.838069077700098, -32.909114805700248 ], [ -68.837986534617883, -32.908867337391051 ], [ -68.837950083003662, -32.90835645829106 ], [ -68.838101540700094, -32.907176724700243 ], [ -68.838276910700131, -32.906508145800267 ], [ -68.838291920100119, -32.906234931700254 ], [ -68.838185442400103, -32.905963178000249 ], [ -68.837857820700108, -32.905232776300245 ], [ -68.837590535433023, -32.904633539839573 ], [ -68.837278616210853, -32.903497951559004 ], [ -68.837048749102067, -32.902466527713528 ], [ -68.836915177016095, -32.901923988328655 ], [ -68.83681085050587, -32.901740961597312 ], [ -68.836646900201274, -32.901458528365339 ], [ -68.836378559505192, -32.90102933051152 ], [ -68.835886519097258, -32.900290816514257 ], [ -68.835504373831867, -32.899757408813272 ], [ -68.83413845096571, -32.897612945312929 ], [ -68.832693460500096, -32.895476490600267 ], [ -68.831504698573823, -32.893931112285927 ], [ -68.831102080065847, -32.893381896648918 ], [ -68.830736970867946, -32.892764934705575 ], [ -68.830373227745312, -32.891433753073052 ], [ -68.83005216882492, -32.890263446017521 ], [ -68.8297278478001, -32.888906300300249 ], [ -68.829689726500106, -32.888822514600278 ], [ -68.829002321595553, -32.887149715183199 ], [ -68.828295307000104, -32.885203211100261 ], [ -68.827873800300111, -32.882800570100258 ], [ -68.827255999300107, -32.880308283000247 ], [ -68.826689629100102, -32.87805936310027 ], [ -68.826479333700092, -32.877191536900256 ], [ -68.82638739230012, -32.876857210100276 ], [ -68.826261848200119, -32.876660264500259 ], [ -68.826102865800095, -32.876516366200271 ], [ -68.825897575600109, -32.876395267600287 ], [ -68.824544583300096, -32.875778735600292 ], [ -68.821658435200121, -32.874458040300262 ], [ -68.820210997800103, -32.873804324800268 ], [ -68.818968667600117, -32.873247003200269 ], [ -68.817872566100107, -32.872743899100278 ], [ -68.8168906163001, -32.872321679300242 ], [ -68.816585195800101, -32.872144180800255 ], [ -68.8162981639001, -32.871901277100271 ], [ -68.815498995200116, -32.871286364500264 ], [ -68.814685742400101, -32.870682980900305 ], [ -68.81407917196718, -32.870171568343082 ], [ -68.813706251612473, -32.869817843844729 ], [ -68.813159213896682, -32.869640443145556 ], [ -68.812643700390652, -32.869576606108353 ], [ -68.811528533030952, -32.869481908586138 ], [ -68.81076670362016, -32.869278947231614 ], [ -68.809930765768428, -32.868785764958844 ], [ -68.809219939335065, -32.868325877606416 ], [ -68.808481235521157, -32.867801300839659 ], [ -68.807824919497591, -32.867194860425727 ], [ -68.807256210624885, -32.866684727248114 ], [ -68.806681496563542, -32.866362203660422 ], [ -68.805710616809733, -32.866089515632943 ], [ -68.804941287959068, -32.865918040159478 ], [ -68.804228299091463, -32.865614209436188 ], [ -68.803795154965087, -32.865487398780473 ], [ -68.803257421159287, -32.865347808979692 ], [ -68.802247005737769, -32.865221660458587 ], [ -68.801626823074585, -32.865195452185311 ], [ -68.801111174862811, -32.865207246695554 ], [ -68.800625600994593, -32.865137101151916 ], [ -68.800185430044806, -32.864814762058067 ], [ -68.799730642894573, -32.864347346089374 ], [ -68.799242226512561, -32.863883027786585 ], [ -68.798888201114679, -32.863472529810501 ], [ -68.798687965122298, -32.862797400892426 ], [ -68.798198233636626, -32.862095001892477 ], [ -68.797918508532845, -32.861876972435311 ], [ -68.797582691240862, -32.861680924736881 ], [ -68.797342837516368, -32.861593032270193 ], [ -68.797123526000107, -32.861506193000238 ], [ -68.796626036379266, -32.861349064746257 ], [ -68.795774605754971, -32.861161632899844 ], [ -68.794743630588414, -32.861065346650896 ], [ -68.793576657127602, -32.860808797429591 ], [ -68.791945633815502, -32.860481305502347 ], [ -68.791673150852986, -32.860370486452105 ], [ -68.79156127217091, -32.860282007602301 ], [ -68.791060854711105, -32.860183420493115 ], [ -68.790327830853954, -32.86009784333298 ], [ -68.78999827068813, -32.860031071227674 ], [ -68.789763108447431, -32.859939230478624 ], [ -68.789535396654486, -32.859856861732695 ], [ -68.789255431418908, -32.859752331439047 ], [ -68.788851230791735, -32.859651532548362 ], [ -68.78776316211713, -32.859615005225301 ], [ -68.787218792000104, -32.859573907200264 ], [ -68.78662315837461, -32.859423867984468 ], [ -68.786130475700105, -32.859256273800248 ], [ -68.78543837702739, -32.858823502368459 ], [ -68.784920062702469, -32.858406376280634 ], [ -68.784386450423526, -32.858137426981685 ], [ -68.783794494444123, -32.858048901284789 ], [ -68.783499520812143, -32.857975865220993 ], [ -68.78321823580302, -32.858035290968346 ], [ -68.782467770049863, -32.857835330281063 ], [ -68.781981078280523, -32.857862862915972 ], [ -68.781415967496358, -32.857874490161514 ], [ -68.780835935577244, -32.857876628805784 ], [ -68.780151667819382, -32.858105619554493 ], [ -68.779837751848547, -32.858139753920817 ], [ -68.779344980113436, -32.857981220653663 ], [ -68.779035320213254, -32.857805665787062 ], [ -68.778495627738081, -32.857736915472856 ], [ -68.778100155012623, -32.85751548343287 ], [ -68.777831175157942, -32.857508699501828 ], [ -68.777496790875517, -32.857511258612867 ], [ -68.777055558467183, -32.857661831784348 ], [ -68.777069792868375, -32.857945654510267 ], [ -68.777132903893602, -32.858106585442101 ], [ -68.777263217321803, -32.858286555813251 ], [ -68.777265383059756, -32.858541188946184 ], [ -68.777212415667364, -32.858805972146165 ], [ -68.77709609173408, -32.859007576385984 ], [ -68.776759478340523, -32.859152028191879 ], [ -68.776318489808659, -32.859201693432468 ], [ -68.776019647766077, -32.859182238992879 ], [ -68.775673890090275, -32.859247838918662 ], [ -68.77536368867419, -32.859288275305182 ], [ -68.77494891529598, -32.859312756353383 ], [ -68.774499630410546, -32.859318254011669 ], [ -68.774041864600093, -32.859324511000267 ], [ -68.773628985327875, -32.859367134649666 ], [ -68.773184667192481, -32.859255964362788 ], [ -68.772819872800113, -32.858904066000257 ], [ -68.77268901537613, -32.858031583200514 ], [ -68.772499473841265, -32.857640229058958 ], [ -68.772328211421822, -32.857406573064885 ], [ -68.772230637856282, -32.857211678967253 ], [ -68.771988150480567, -32.857072491937529 ], [ -68.77166696503339, -32.857027759965021 ], [ -68.771416198331991, -32.857203887108106 ], [ -68.770878193106583, -32.857209209675602 ], [ -68.770400362403208, -32.857060128480796 ], [ -68.770150495718681, -32.856886238010773 ], [ -68.769971777028232, -32.85664941178127 ], [ -68.769818853001496, -32.856551378123839 ], [ -68.769518287888388, -32.856479875487906 ], [ -68.769267910318732, -32.856504640461104 ], [ -68.768990708083948, -32.856428449682966 ], [ -68.768770619364901, -32.856298757682616 ], [ -68.768449626771428, -32.856181491820081 ], [ -68.768173475063236, -32.856061154918621 ], [ -68.767927088805081, -32.855988172180382 ], [ -68.767562781129058, -32.856006415773443 ], [ -68.767338457496493, -32.856069064934815 ], [ -68.767076641823635, -32.856182096768002 ], [ -68.766762265766559, -32.856392782503178 ], [ -68.766292463556056, -32.856748229190075 ], [ -68.76592978861575, -32.856854763565487 ], [ -68.765414682770015, -32.856677213879081 ], [ -68.765090148417556, -32.856487406790151 ], [ -68.764541447412995, -32.856300330520078 ], [ -68.764343095488016, -32.856076860863929 ], [ -68.764115742757795, -32.855871467715744 ], [ -68.763936983717542, -32.855656705926684 ], [ -68.763717146704849, -32.855435559704887 ], [ -68.763455897364523, -32.855334160364698 ], [ -68.763065708054185, -32.855251436210857 ], [ -68.762505365848583, -32.855231454076474 ], [ -68.762307553899262, -32.855158552468623 ], [ -68.761936954882785, -32.855085321922431 ], [ -68.761690500630564, -32.855040706519418 ], [ -68.761145255948946, -32.854963987579261 ], [ -68.760737827088491, -32.855042041763312 ], [ -68.76049111092253, -32.855095175919537 ], [ -68.760291108626944, -32.855142880807492 ], [ -68.760092891347838, -32.855221333509164 ], [ -68.759801657286232, -32.855157708699267 ], [ -68.759798320702458, -32.855009497014812 ], [ -68.759858511989563, -32.854855100658128 ], [ -68.759896389426657, -32.854662821803792 ], [ -68.759885419478096, -32.85457450823953 ], [ -68.759754806695497, -32.854520651358399 ], [ -68.759493360407205, -32.854494922669375 ], [ -68.759399281675215, -32.854400931007184 ], [ -68.759280013421503, -32.854296642577467 ], [ -68.759149639967177, -32.854154493007208 ], [ -68.75893709423066, -32.854005878408863 ], [ -68.758683497080469, -32.853841417762638 ], [ -68.758474432450058, -32.853787408219503 ], [ -68.758145768395664, -32.853752087041471 ], [ -68.757777652901041, -32.853799462874278 ], [ -68.75732892566711, -32.853953105326717 ], [ -68.756925638191348, -32.853882949852348 ], [ -68.756544594456159, -32.853875902442326 ], [ -68.756215223752207, -32.85409914575061 ], [ -68.755680117080416, -32.854416585745156 ], [ -68.755250123372576, -32.854548184160919 ], [ -68.754790622665155, -32.854540977914269 ], [ -68.754596459059954, -32.854502757618292 ], [ -68.754522053323356, -32.854389092737435 ], [ -68.754309888506327, -32.854104878990562 ], [ -68.754091805884528, -32.853934960510131 ], [ -68.753726228466689, -32.853738736680512 ], [ -68.753464917103074, -32.853665696109964 ], [ -68.753181217091168, -32.853583150921949 ], [ -68.752755904197571, -32.853374193195876 ], [ -68.75264458932628, -32.853099635744279 ], [ -68.752686567303627, -32.852781234995049 ], [ -68.752489276688991, -32.852525427251805 ], [ -68.752380553155177, -32.852327342293179 ], [ -68.752224060402085, -32.852178827201413 ], [ -68.751981705883324, -32.852008068625068 ], [ -68.751769010450701, -32.851919354338278 ], [ -68.751402883678765, -32.851924934101774 ], [ -68.751009053152444, -32.851817727032369 ], [ -68.750774023689146, -32.851700586870869 ], [ -68.750550016942498, -32.851649687639508 ], [ -68.750266202414082, -32.851611281877922 ], [ -68.749948739464031, -32.851582268151674 ], [ -68.749516518507846, -32.851511242669616 ], [ -68.749195701829777, -32.851346628221805 ], [ -68.748904843599632, -32.851156846631952 ], [ -68.748733833323143, -32.85086009271069 ], [ -68.74868978636178, -32.850582513423795 ], [ -68.748671818733541, -32.850330212933073 ], [ -68.748559995519315, -32.850241695746071 ], [ -68.748302345405307, -32.850200184802382 ], [ -68.747958666699887, -32.850196339744116 ], [ -68.747667484653377, -32.850123226899747 ], [ -68.747465203040392, -32.849988015043195 ], [ -68.747305219244524, -32.849757500797104 ], [ -68.74713057963163, -32.849426050952623 ], [ -68.746966113777688, -32.849130096110549 ], [ -68.746453066199223, -32.848914632867263 ], [ -68.746068982603177, -32.848671049531411 ], [ -68.745681253142209, -32.848396712872336 ], [ -68.745476169971724, -32.848263857068723 ], [ -68.745174158842715, -32.848061430856617 ], [ -68.744976584554749, -32.847915976298097 ], [ -68.744711480628141, -32.847871289472927 ], [ -68.744495021542605, -32.847798321663781 ], [ -68.744339927210873, -32.847820866369396 ], [ -68.743996185493515, -32.847842236772046 ], [ -68.743674839302955, -32.847869958716892 ], [ -68.743314309577769, -32.847883409592377 ], [ -68.743045434622118, -32.84785132472809 ], [ -68.74283702118548, -32.847579712305723 ], [ -68.742576383272564, -32.84728276566068 ], [ -68.742248068792904, -32.84713703778236 ], [ -68.741830283617659, -32.846928058370743 ], [ -68.741397722669021, -32.846662287518235 ], [ -68.740987229685516, -32.846516386482861 ], [ -68.740755990522018, -32.846389775409804 ], [ -68.740539620886437, -32.846288421189747 ], [ -68.739822502090206, -32.846249092638892 ], [ -68.73926222237202, -32.846229006694934 ], [ -68.738806427907164, -32.846246976039708 ], [ -68.738365334983982, -32.846346960419538 ], [ -68.73807222236276, -32.846302200980233 ], [ -68.737856653246851, -32.845929659475097 ], [ -68.737754519046774, -32.845727633886177 ], [ -68.737441039698794, -32.845622917469406 ], [ -68.737269530027689, -32.845512191791208 ], [ -68.737021037881078, -32.84553847295615 ], [ -68.736699912103205, -32.845493651436101 ], [ -68.736282129083492, -32.845290960124963 ], [ -68.735847762319466, -32.845012553059583 ], [ -68.735258150254595, -32.84480949551731 ], [ -68.734501415212819, -32.844279713519434 ], [ -68.734124662618385, -32.844100751838468 ], [ -68.733721137134523, -32.844131426958931 ], [ -68.733008845959816, -32.843734169367139 ], [ -68.732441472380359, -32.843594212136182 ], [ -68.731798405377461, -32.843782034043066 ], [ -68.731050742556846, -32.843969627891262 ], [ -68.730333494412562, -32.843980697642387 ], [ -68.72936380360936, -32.843474075360653 ], [ -68.728286453684774, -32.843364528494298 ], [ -68.72802564586523, -32.843143230514656 ], [ -68.727615383856744, -32.842934220018051 ], [ -68.727377222798964, -32.842637290607072 ], [ -68.727228018503112, -32.842567592745148 ], [ -68.726884071178233, -32.842661441816276 ], [ -68.726672672441794, -32.842774499336706 ], [ -68.72632930433204, -32.842679149745564 ], [ -68.725993117132845, -32.842678414134184 ], [ -68.72560399382435, -32.842885679794882 ], [ -68.724982162802448, -32.842846475171363 ], [ -68.723675059012336, -32.842748996760179 ], [ -68.722345113754059, -32.842790199501991 ], [ -68.721888213550812, -32.842568453560169 ], [ -68.721702210700769, -32.842322082191927 ], [ -68.721485971274234, -32.842189162284363 ], [ -68.72129888637744, -32.8422896515997 ], [ -68.721149135337868, -32.842396530435479 ], [ -68.720849533481598, -32.842641820398605 ], [ -68.720571462792989, -32.84257182710833 ], [ -68.720392657568084, -32.842413762447379 ], [ -68.720243478949001, -32.842337749718993 ], [ -68.719929725397265, -32.84233074135669 ], [ -68.719765744457604, -32.842210548646953 ], [ -68.719413682497546, -32.841913349037902 ], [ -68.719204858677301, -32.841799361657294 ], [ -68.718987968515208, -32.841874554192557 ], [ -68.718859812614824, -32.842240049876935 ], [ -68.718672983303193, -32.842258549874977 ], [ -68.71844180703367, -32.842125591143159 ], [ -68.718166125743323, -32.841891625972721 ], [ -68.718309643719593, -32.841393726696559 ], [ -68.718698717599452, -32.84120540342785 ], [ -68.71892367332137, -32.840941031097422 ], [ -68.718999254357342, -32.840663709824256 ], [ -68.71900032730953, -32.840323155085514 ], [ -68.718717398255379, -32.840019802045553 ], [ -68.718149592875406, -32.840031137850325 ], [ -68.717776661560791, -32.83984109902012 ], [ -68.717178574938728, -32.839978494415575 ], [ -68.716412548254624, -32.840068206917486 ], [ -68.715457598927955, -32.839662416173582 ], [ -68.714622106141945, -32.839282117040817 ], [ -68.714190350981141, -32.838801829134148 ], [ -68.714057742092379, -32.838221317681274 ], [ -68.713906570160219, -32.83760607722315 ], [ -68.713744245364524, -32.836975044480859 ], [ -68.713431909272714, -32.836532866597885 ], [ -68.712849794034398, -32.83635494717322 ], [ -68.712266257170583, -32.836618484926561 ], [ -68.711397620010061, -32.837259759793952 ], [ -68.710709242139004, -32.837598727800348 ], [ -68.710472113807157, -32.837005357658995 ], [ -68.710503837233148, -32.836437835625446 ], [ -68.7102207445772, -32.836197529105846 ], [ -68.709534013358009, -32.836031965256126 ], [ -68.708354784646232, -32.835701279005171 ], [ -68.707650242965443, -32.835273938748877 ], [ -68.707277105744794, -32.835159547543256 ], [ -68.706619480631105, -32.835233687210511 ], [ -68.70581311605558, -32.835105662189065 ], [ -68.705455380376193, -32.83485255619884 ], [ -68.705052492295295, -32.834700248654769 ], [ -68.704439940450683, -32.83469880369131 ], [ -68.703961600098125, -32.834773352632226 ], [ -68.703498073505784, -32.834885774530349 ], [ -68.703213494097412, -32.835099525001098 ], [ -68.702996848471571, -32.835102164414508 ], [ -68.702638658380081, -32.834987794866855 ], [ -68.702564839846303, -32.834722741608246 ], [ -68.702699764837931, -32.834584316613721 ], [ -68.702715755908542, -32.834269023785922 ], [ -68.702521995778653, -32.834129817869851 ], [ -68.702133508721317, -32.834141507192648 ], [ -68.701640482402837, -32.834140332928378 ], [ -68.700968977123395, -32.833899079033081 ], [ -68.700521577128626, -32.833658357941673 ], [ -68.6999848360648, -32.833329128506072 ], [ -68.699477851502778, -32.833037807913442 ], [ -68.698582388852941, -32.832758163608567 ], [ -68.698086147556978, -32.832605608822938 ], [ -68.697564062442197, -32.832364696992258 ], [ -68.697041937329004, -32.832136396121719 ], [ -68.696490235637327, -32.831819728718777 ], [ -68.695730198774427, -32.831262901157764 ], [ -68.694708577240348, -32.830749577567282 ], [ -68.693760344746508, -32.830621128908533 ] ] ] } },
{ "type": "Feature", "properties": { "fid": 7, "NOMBRE": "COLECTOR  BARRIO SOL Y SIERRA", "TIPO": "Descargador", "AREACUENCA": null, "LONGITUD": "0.88 km", "CAPACIDAD": null, "OBSERVACIO": "Suelo natural", "Clase": "Colector" }, "geometry": { "type": "LineString", "coordinates": [ [ [ -68.892694123956829, -32.926475937851862 ], [ -68.891736503017157, -32.926840892140397 ], [ -68.891175362349728, -32.927080053843035 ], [ -68.890363444968841, -32.92753026280225 ], [ -68.88986941920011, -32.92778105880025 ], [ -68.889478546545675, -32.928030066027567 ], [ -68.889277756100114, -32.928112953100253 ], [ -68.889106812000094, -32.928223607200252 ], [ -68.888960278050035, -32.928359912308771 ], [ -68.888725505500105, -32.928444879600264 ], [ -68.888559978801723, -32.928536139470296 ], [ -68.888352382155304, -32.928599019709743 ], [ -68.88817282021796, -32.92866823124178 ], [ -68.888019336091489, -32.928813144497113 ], [ -68.887832179933866, -32.928973793722221 ], [ -68.887564661841992, -32.929111509146153 ], [ -68.887415002909137, -32.929187053030155 ], [ -68.88724662430613, -32.929281499498821 ], [ -68.887126869506872, -32.929363376560524 ], [ -68.886909898123236, -32.929445165576382 ], [ -68.886778921494212, -32.929530185422308 ], [ -68.886666607940313, -32.929640448255704 ], [ -68.886324344271159, -32.92974656045228 ], [ -68.886122335724423, -32.929822055152393 ], [ -68.885901615095236, -32.929910145542827 ], [ -68.885800582140604, -32.92996996548893 ], [ -68.885632220629901, -32.930048643408064 ], [ -68.885430170166188, -32.930155669693761 ], [ -68.885307015700093, -32.930270082400277 ], [ -68.885201815900103, -32.930336469200277 ], [ -68.88496045752062, -32.930505251710422 ], [ -68.884805668543365, -32.930662242468991 ], [ -68.884784255312724, -32.930681869850773 ] ] ] } },
{ "type": "Feature", "properties": { "fid": 8, "NOMBRE": "COLECTOR BLANCO ENCALADA", "TIPO": "Escudo", "AREACUENCA": null, "LONGITUD": "7 km", "CAPACIDAD": null, "OBSERVACIO": "Desagua sus crecidas hacia el cauce del Rio Mendoza, con direccion predominante norte-sur. Construido con muros de hormigon y lecho natural", "Clase": "Colector" }, "geometry": { "type": "LineString", "coordinates": [ [ [ -68.976535351700107, -32.983010601200242 ], [ -68.977102766745659, -32.992869974727753 ], [ -68.977184764797229, -32.994117098242263 ], [ -68.977255573492414, -32.995231783153152 ], [ -68.977367374594039, -32.997014174607592 ], [ -68.977464400257517, -32.998056339045313 ], [ -68.977553920575744, -32.999191522536066 ], [ -68.977627705181121, -33.000054891382696 ] ] ] } },
{ "type": "Feature", "properties": { "fid": 9, "NOMBRE": "CANAL PESCARA", "TIPO": "Descargador", "AREACUENCA": null, "LONGITUD": "22 km", "CAPACIDAD": null, "OBSERVACIO": "Cauce que conduce grandes caudales provenientes de Lujan, Maipu y Guaymallen", "Clase": "Canal" }, "geometry": { "type": "LineString", "coordinates": [ [ [ -68.769987409944676, -33.000054891382696 ], [ -68.770244499916018, -32.997698763354208 ], [ -68.770322581898128, -32.996447073454028 ], [ -68.770361630188773, -32.995818075169055 ], [ -68.770507640783862, -32.99434263003706 ], [ -68.770615617172439, -32.993103607148299 ], [ -68.770700443088302, -32.992134143057797 ], [ -68.770793162014911, -32.991005454813973 ], [ -68.770970368343882, -32.989035006991401 ], [ -68.771208736011474, -32.986558575585455 ], [ -68.771301499119232, -32.98540781333206 ], [ -68.771582926957024, -32.98145731850537 ], [ -68.771761582100112, -32.979066313500255 ], [ -68.771961533827835, -32.976803824691885 ], [ -68.772093601818966, -32.974907389477906 ], [ -68.772317719016257, -32.972125059323545 ], [ -68.772389098394882, -32.970548566248794 ], [ -68.772398933258728, -32.969630989299127 ], [ -68.77242309199309, -32.968962544874138 ], [ -68.772585527203518, -32.966884850236312 ], [ -68.77294989564561, -32.961901801619106 ], [ -68.773082905672538, -32.959619089039109 ], [ -68.772560604555721, -32.953251719597787 ], [ -68.772277849908633, -32.94975266660537 ], [ -68.771815212983284, -32.944950986603907 ], [ -68.771113840633589, -32.938485518352387 ], [ -68.77093550140485, -32.938037428238459 ], [ -68.770760025700099, -32.935586497600269 ], [ -68.770723718100115, -32.935241706500257 ], [ -68.770695266800104, -32.934607813600259 ], [ -68.770682988000104, -32.934334239600275 ], [ -68.770608236900117, -32.933971117600244 ], [ -68.77056517950011, -32.933500131400272 ], [ -68.77057688710012, -32.933253044500269 ], [ -68.770523502700115, -32.932476036600285 ], [ -68.770480879100106, -32.931811928900281 ], [ -68.770476548400097, -32.931345675600262 ], [ -68.770333597449536, -32.930745975222912 ], [ -68.770162837197461, -32.930266364759824 ], [ -68.769679090745313, -32.929363639827741 ], [ -68.769172768430394, -32.928519206677329 ], [ -68.768689041455133, -32.927616477747151 ], [ -68.768405958471917, -32.927201298753538 ], [ -68.76805426691611, -32.926571569536478 ], [ -68.76779369378886, -32.926129628089718 ], [ -68.767279962893639, -32.92527256008767 ], [ -68.766755643400117, -32.924410468700266 ], [ -68.766325826000099, -32.923634464300278 ], [ -68.766253744800096, -32.923481813500281 ], [ -68.765811324542938, -32.922857565699026 ], [ -68.765163090524084, -32.921979740311556 ], [ -68.764522146278694, -32.921177603708877 ], [ -68.763961086400116, -32.920278679700253 ], [ -68.763470122985964, -32.919610018224134 ], [ -68.763179431876821, -32.919262607938904 ], [ -68.762827068366875, -32.918910350055938 ], [ -68.762128340418258, -32.917363918950478 ], [ -68.76197349440011, -32.917069068400259 ], [ -68.76165806050011, -32.916454900100256 ], [ -68.761506458200103, -32.916058760000269 ], [ -68.761271550500098, -32.915777766300266 ], [ -68.760673994400108, -32.915271913800261 ], [ -68.760217113500119, -32.914957059300257 ], [ -68.759505517855132, -32.914677041666195 ], [ -68.758669081829893, -32.914315956505561 ], [ -68.757377065123023, -32.913771092483486 ], [ -68.755567917999642, -32.912999745937626 ], [ -68.753843111379169, -32.912157590623657 ], [ -68.752280475000134, -32.911487586407745 ], [ -68.750695383974474, -32.910834860887569 ], [ -68.749043343589719, -32.910070039628465 ], [ -68.748436609623397, -32.909810251661767 ], [ -68.748160301512414, -32.909696177460511 ], [ -68.747816938458726, -32.909499982250544 ], [ -68.747413478965257, -32.909404569500175 ], [ -68.747279351000472, -32.909246634675341 ], [ -68.74667291070908, -32.908887510564185 ], [ -68.746426585191429, -32.908748267075055 ], [ -68.746239711609093, -32.908735274805409 ], [ -68.746008123855376, -32.908671739015915 ], [ -68.745858974698677, -32.908538998345044 ], [ -68.744998711192295, -32.908053218851755 ], [ -68.744401348264688, -32.907793430403068 ], [ -68.743408546425087, -32.90725533986766 ], [ -68.74263018223985, -32.906895843150267 ], [ -68.742219739120003, -32.906636428917395 ], [ -68.742228037612648, -32.906352651172391 ], [ -68.741679550887184, -32.904071700023053 ], [ -68.741628134671373, -32.903756266041981 ], [ -68.740769035859302, -32.90032845094872 ], [ -68.739481428332013, -32.895192234491105 ], [ -68.73899404991144, -32.893149468026479 ], [ -68.73853603740946, -32.891295957472082 ], [ -68.737375611551599, -32.886841088221864 ], [ -68.736449305793357, -32.883501386040678 ], [ -68.736011513636001, -32.881794534183463 ], [ -68.733686452600097, -32.87301249340026 ], [ -68.73200081660012, -32.866596786500253 ], [ -68.7306099738001, -32.861530807400278 ], [ -68.729621444038813, -32.857675532382927 ], [ -68.729355685233728, -32.856609142515126 ], [ -68.729131386976434, -32.856039486484285 ], [ -68.729071621922401, -32.855421310218837 ], [ -68.728791220423062, -32.854260288071515 ], [ -68.728569519610176, -32.853454138874191 ], [ -68.72842169885331, -32.852924063467 ], [ -68.728281308225121, -32.852408193839146 ], [ -68.727771522858376, -32.850521410990645 ], [ -68.727240203338084, -32.848353934588445 ], [ -68.724766921211568, -32.847834530692481 ], [ -68.722153396316159, -32.84737467943107 ], [ -68.719763954813672, -32.846940502071632 ], [ -68.719454297707884, -32.846813676101839 ], [ -68.718326828628889, -32.846596718766691 ], [ -68.71802807237998, -32.846567666223784 ], [ -68.718082613523748, -32.845858295718529 ], [ -68.718195895591919, -32.845473847749133 ], [ -68.718398291235147, -32.845259878650033 ], [ -68.718476734698982, -32.844077565854306 ], [ -68.718450414968544, -32.842948623331296 ] ] ] } },
{ "type": "Feature", "properties": { "fid": 10, "NOMBRE": "ZANJON FRIAS", "TIPO": "Matriz", "AREACUENCA": null, "LONGITUD": "6 km", "CAPACIDAD": "100 m3/s", "OBSERVACIO": "Muros de 5 metros de altura. Ancho de 25 metros que disminuye paulatinamente hacia la zona urbana. Pendiente de 2,5 a 1", "Clase": "Zanjon" }, "geometry": { "type": "LineString", "coordinates": [ [ [ -68.892966721500102, -32.900533288200251 ], [ -68.892633833500113, -32.900533002800259 ], [ -68.892254924127769, -32.900492918225289 ], [ -68.891897407100103, -32.900386128000257 ], [ -68.891416069510157, -32.900247812582329 ], [ -68.89104599779678, -32.900266410400953 ], [ -68.890621852800095, -32.900140765200248 ], [ -68.889010309300104, -32.899859726300264 ], [ -68.887475615537554, -32.89935588903721 ], [ -68.886488837489793, -32.899348690547896 ], [ -68.885930528800102, -32.899364322700251 ], [ -68.885622746200099, -32.899364041500256 ], [ -68.884610209000101, -32.899556060300277 ], [ -68.882862735400096, -32.899894062700277 ], [ -68.881792667800099, -32.900054669400241 ], [ -68.880814563800101, -32.900089146800269 ], [ -68.880023438800109, -32.899982752000277 ], [ -68.879003242100097, -32.899862675900273 ], [ -68.878063170700102, -32.899828749500237 ], [ -68.877498576198136, -32.899915681339799 ], [ -68.876963902574772, -32.900031828086256 ], [ -68.875105631992881, -32.90042730022202 ], [ -68.873823189562145, -32.900675122511849 ], [ -68.873090695565381, -32.90058293580779 ], [ -68.872210855400112, -32.900563197600263 ], [ -68.870635887300097, -32.900739842800284 ], [ -68.869868251491454, -32.900850018101913 ], [ -68.869042397800115, -32.900923053500264 ], [ -68.868419986700118, -32.900988826600269 ], [ -68.867824492600093, -32.901041018400235 ], [ -68.867391408300094, -32.90110046300029 ], [ -68.865258069381525, -32.901748946329874 ], [ -68.864777291564366, -32.902047595503625 ], [ -68.864307846390616, -32.902266240430549 ], [ -68.864031024627209, -32.902405866849243 ], [ -68.863655234928004, -32.902487443107141 ], [ -68.863107653731888, -32.902467925060861 ], [ -68.862490915789877, -32.902451481866137 ], [ -68.861922771461465, -32.902435089302209 ], [ -68.861141564140596, -32.902418457716301 ], [ -68.860541667486231, -32.902389410459733 ], [ -68.860014472713715, -32.902480266668285 ], [ -68.859550827122604, -32.902568038764386 ], [ -68.859169548017562, -32.902572339823756 ], [ -68.858666905476369, -32.902500823696656 ], [ -68.857958666377442, -32.902435378729194 ], [ -68.857512225482097, -32.902282330483274 ], [ -68.857207798052343, -32.902147968470388 ], [ -68.856893882174546, -32.902103463549864 ], [ -68.856574251066561, -32.902126352805645 ], [ -68.85584324153001, -32.902275293280752 ], [ -68.855385215249441, -32.9023535965447 ], [ -68.8548076637951, -32.902376576862629 ], [ -68.854338492575195, -32.90241189980825 ], [ -68.853831850180711, -32.902502753878814 ], [ -68.853237343962235, -32.902606115938354 ], [ -68.852671025113438, -32.902616486418424 ], [ -68.85203936790424, -32.902581054369314 ], [ -68.851677339372984, -32.902248741968187 ], [ -68.851568748710761, -32.901242320270114 ], [ -68.851489379837489, -32.900645466313513 ], [ -68.85144517744358, -32.900254800251091 ], [ -68.851427116634767, -32.89987835501141 ], [ -68.851365610770529, -32.899777376687048 ], [ -68.851255521106467, -32.899671610613062 ], [ -68.851104246989038, -32.899606788154877 ], [ -68.850743578006174, -32.899587438419907 ], [ -68.850306249200173, -32.899588492267199 ], [ -68.849797888307279, -32.899597342498922 ], [ -68.848637238286798, -32.899627475767915 ], [ -68.847740072367245, -32.899676839114576 ], [ -68.846984954075509, -32.899720063356433 ], [ -68.845689851593647, -32.89968536224869 ], [ -68.844869443851081, -32.899657544141654 ], [ -68.844361203446297, -32.899597000081243 ], [ -68.843574503941042, -32.899531375976451 ], [ -68.843075584697544, -32.899485028148575 ], [ -68.842426634700118, -32.899536951700263 ], [ -68.842385964417957, -32.899479430836898 ], [ -68.841214240903128, -32.899430649045286 ], [ -68.840044316780123, -32.899421274675461 ], [ -68.839399425912902, -32.899485090436627 ], [ -68.838795670221458, -32.899537919402178 ], [ -68.838059143452412, -32.899633142948517 ], [ -68.837522704391461, -32.899665556559505 ], [ -68.836842239873619, -32.899762422411072 ], [ -68.836085156898704, -32.899854454206967 ], [ -68.835705661450262, -32.899910715314604 ] ] ] } },
{ "type": "Feature", "properties": { "fid": 11, "NOMBRE": "COLECTOR INFANTA", "TIPO": "Canalización Intermedia", "AREACUENCA": null, "LONGITUD": "1.74 km", "CAPACIDAD": null, "OBSERVACIO": null, "Clase": "Colector" }, "geometry": { "type": "LineString", "coordinates": [ [ [ -68.858950353370602, -32.863547560046712 ], [ -68.859623874951353, -32.862816549219765 ], [ -68.860637780228771, -32.862083599269717 ], [ -68.863238523853752, -32.860250532720897 ], [ -68.865502539372784, -32.858621928125721 ], [ -68.869532678373261, -32.85575372035855 ], [ -68.870853187025759, -32.854812012855717 ], [ -68.871165010164304, -32.854587710390696 ], [ -68.871502429794006, -32.854456598059954 ], [ -68.87165668715582, -32.854387115751251 ], [ -68.872020473355789, -32.854200461470903 ], [ -68.873235967368529, -32.853652372475487 ] ] ] } },
{ "type": "Feature", "properties": { "fid": 12, "NOMBRE": "ZANJON DE LOS CIRUELOS", "TIPO": "Matriz", "AREACUENCA": "57 ha", "LONGITUD": "8.44 km", "CAPACIDAD": null, "OBSERVACIO": "Revestido con seccion de hormigon aguas abajo de la Avenida Champagnat, unos 5000 metros aguas abajo del Dique Papagayos, tanto en el fondo como en los muros laterales. El ancho de las sucesivas etapas es muy variable, desde los 30 mts hasta los 10 mts", "Clase": "Zanjon" }, "geometry": { "type": "LineString", "coordinates": [ [ [ -68.798763844201559, -32.863051793418428 ], [ -68.799108942891593, -32.863030342946402 ], [ -68.800148984589043, -32.863114313354842 ], [ -68.801253946957672, -32.863241245308792 ], [ -68.80239686674237, -32.86335508157326 ], [ -68.803584918167999, -32.863426968563793 ], [ -68.806591583618413, -32.86354825111593 ], [ -68.809332693102846, -32.863710209358828 ], [ -68.809641542118925, -32.863696962214192 ], [ -68.810446278588358, -32.863613593099316 ], [ -68.813705752842168, -32.863323563801401 ], [ -68.815046882711826, -32.863225530501644 ], [ -68.81555080066812, -32.86319883952951 ], [ -68.816412452463851, -32.863097225963706 ], [ -68.818647939947098, -32.86279470135068 ], [ -68.820189642143092, -32.862634603330427 ], [ -68.821238299089472, -32.862482927766187 ], [ -68.821750443016981, -32.862403639959417 ], [ -68.821915735458688, -32.862379298229342 ], [ -68.825031184505917, -32.862278526787442 ], [ -68.826285496092822, -32.862234549785157 ], [ -68.82741597970012, -32.86217819100024 ], [ -68.82817103342957, -32.862163993799768 ], [ -68.829797686200109, -32.861940219300251 ], [ -68.830678019500112, -32.861811560100286 ], [ -68.830953785887544, -32.861792840661558 ], [ -68.831239070500104, -32.861812318200258 ], [ -68.832481825500111, -32.862008768800287 ], [ -68.832757285517388, -32.862126198327772 ], [ -68.833141910815399, -32.862147288081559 ], [ -68.834842948098057, -32.862231849941089 ], [ -68.835904201000105, -32.862273025400249 ], [ -68.837519418200102, -32.862275133500262 ], [ -68.839002729400093, -32.862304844300255 ], [ -68.840219999773581, -32.862307419865331 ], [ -68.841666584427713, -32.862293255228209 ], [ -68.842896419926603, -32.862299378079193 ], [ -68.843476033625237, -32.862352688189716 ], [ -68.844090927858019, -32.862369459672188 ], [ -68.844808768864326, -32.862381783383896 ], [ -68.845987045765597, -32.86244039551913 ], [ -68.847173333379388, -32.862567593686315 ], [ -68.847899148117421, -32.862670787636425 ], [ -68.849203341000106, -32.862819562700238 ], [ -68.850683163058733, -32.863123959923932 ], [ -68.852795757400102, -32.863212933800249 ], [ -68.854789652368268, -32.863284258217163 ], [ -68.855713355893798, -32.863312761856655 ], [ -68.856720963662241, -32.863387079691094 ], [ -68.858036723300103, -32.863413537600245 ], [ -68.858662908200117, -32.863497623500258 ], [ -68.858948945000094, -32.863546954900265 ], [ -68.859337251000099, -32.863692891200259 ], [ -68.860054893553297, -32.865610796829557 ], [ -68.8609244015001, -32.867944373400285 ], [ -68.861831416124829, -32.86948566793901 ], [ -68.863029015800109, -32.870443154800242 ], [ -68.864007401546431, -32.870898664052625 ], [ -68.871129292406991, -32.873138719174136 ], [ -68.874584679535104, -32.874280779640735 ], [ -68.880948590100104, -32.87625747730025 ], [ -68.881387342200114, -32.876376435000246 ], [ -68.881910996300093, -32.876574594000274 ] ] ] } },
{ "type": "Feature", "properties": { "fid": 13, "NOMBRE": "COLECTOR LOS CERRILLOS", "TIPO": "Canalización Intermedia", "AREACUENCA": null, "LONGITUD": "3.36 km", "CAPACIDAD": "45 m3/s", "OBSERVACIO": "Tributario del Maure, protegiendo amplia zona urbana de Godoy Cruz. Recientemente impermeabilizado", "Clase": "Colector" }, "geometry": { "type": "LineString", "coordinates": [ [ [ -68.867048360179055, -32.925339770336024 ], [ -68.867116556500619, -32.925365857388279 ], [ -68.867209965828692, -32.925408525893168 ], [ -68.867283725909104, -32.925464574889631 ], [ -68.867338285800116, -32.925518373900267 ], [ -68.867374194217959, -32.925599079318829 ], [ -68.867476845471117, -32.925712706143557 ], [ -68.867570194271394, -32.925796366903192 ], [ -68.867654184165772, -32.925887900872915 ], [ -68.867749765300104, -32.925984609600256 ], [ -68.867884718015262, -32.926120698873852 ], [ -68.867947325100118, -32.926176005000258 ], [ -68.867988413600102, -32.926262951300259 ], [ -68.868035574353115, -32.926505557900903 ], [ -68.868057869500106, -32.926676682500243 ], [ -68.868144091700103, -32.926902721100269 ], [ -68.868236343854448, -32.927271227371733 ], [ -68.868333095385893, -32.927583503591926 ], [ -68.868427147174131, -32.92782561650904 ], [ -68.868542028900109, -32.928171922700265 ], [ -68.868632267700107, -32.92847096350026 ], [ -68.868819508686883, -32.92925249162883 ], [ -68.868960910384047, -32.929716171291531 ], [ -68.869251172105436, -32.930660092530303 ], [ -68.869375871385515, -32.931042557356832 ], [ -68.869538688900107, -32.931544798500262 ], [ -68.869727465500105, -32.932115078100274 ], [ -68.86985248224677, -32.932409604386088 ], [ -68.870027014936724, -32.932598194074387 ], [ -68.870290340102983, -32.932797123839322 ], [ -68.870665864239271, -32.93298197948193 ], [ -68.870949876874349, -32.933098944168982 ], [ -68.871408606543156, -32.933280730194376 ], [ -68.872806261399461, -32.933858421042608 ], [ -68.873425682405454, -32.934114464995822 ], [ -68.874021741415064, -32.934366934894172 ], [ -68.874633715890425, -32.934605228186832 ], [ -68.875516619627021, -32.934968342887025 ], [ -68.8761921319241, -32.935234677098357 ], [ -68.877050761632333, -32.935583961326323 ], [ -68.877297422530987, -32.935682743496855 ], [ -68.877427323696054, -32.935712827055589 ], [ -68.877629936600115, -32.935849719000245 ], [ -68.877762657941219, -32.935911417461789 ], [ -68.87791210461117, -32.936004585063145 ], [ -68.878050285885337, -32.936132427477794 ], [ -68.878220145304212, -32.936338344077733 ], [ -68.878398835000098, -32.936622934400276 ], [ -68.878398879900118, -32.93662921020028 ], [ -68.878449472000113, -32.936923299000249 ], [ -68.878417060762885, -32.937267962474962 ], [ -68.87833501910012, -32.937599668000281 ], [ -68.878230103800107, -32.93809571800027 ], [ -68.878068934515824, -32.938892740043087 ], [ -68.878012448796454, -32.939179238322488 ], [ -68.877960637099008, -32.939465741127535 ], [ -68.877881609505934, -32.939827895773348 ], [ -68.877819504056077, -32.940121089126421 ], [ -68.877788495091451, -32.940235758976748 ], [ -68.87774140476111, -32.940487186138128 ], [ -68.877618939760154, -32.941161865834076 ], [ -68.87738944628218, -32.942160832851478 ], [ -68.877068541825423, -32.943679210236226 ], [ -68.877000705166367, -32.94405635309991 ], [ -68.87669768669717, -32.945476995393008 ], [ -68.876582836405532, -32.946043681656448 ], [ -68.876353219178995, -32.94711398847295 ], [ -68.876223390831072, -32.947690907540959 ], [ -68.876018122733655, -32.948726551652221 ], [ -68.875884238139065, -32.94952655965885 ], [ -68.87590295473359, -32.950183639718205 ], [ -68.875945774300121, -32.950624663300239 ] ] ] } },
{ "type": "Feature", "properties": { "fid": 14, "NOMBRE": "ZANJON MAURE", "TIPO": "Matriz", "AREACUENCA": "60 ha", "LONGITUD": "5.74 km", "CAPACIDAD": "200 m3/s", "OBSERVACIO": "Pendiente 2,5 a 1,5%. Ancho variable de 2,5 a 3 metros", "Clase": "Zanjon" }, "geometry": { "type": "LineString", "coordinates": [ [ [ -68.890878200082582, -32.93462242779875 ], [ -68.890198105543689, -32.934249745907415 ], [ -68.889891991369439, -32.933839551081491 ], [ -68.889705465861383, -32.933486220001917 ], [ -68.889459192331785, -32.933069770322319 ], [ -68.889272269432993, -32.933038072111671 ], [ -68.889242559838607, -32.932874075560498 ], [ -68.888934367475585, -32.932638094842282 ], [ -68.888753141344168, -32.93253702889502 ], [ -68.888551401335974, -32.93239495183257 ], [ -68.888146999863977, -32.932101730236148 ], [ -68.887499619541558, -32.93175625981111 ], [ -68.887032907976504, -32.931558917181491 ], [ -68.886848366587131, -32.931519570473476 ], [ -68.886725013895884, -32.931487925989451 ], [ -68.886510043441035, -32.93146250476849 ], [ -68.886180206053169, -32.93134908109964 ], [ -68.885825189379446, -32.931189516922565 ], [ -68.885541213404878, -32.931033564249908 ], [ -68.885318875932853, -32.930922995824581 ], [ -68.885085333800816, -32.930802956877081 ], [ -68.884772343182902, -32.930676931877187 ], [ -68.884609021124263, -32.930652343313028 ], [ -68.884362245998702, -32.930645808675756 ], [ -68.884101576082799, -32.93054190331604 ], [ -68.883804421897551, -32.930459642259443 ], [ -68.883580154446918, -32.930397944697297 ], [ -68.883345662128704, -32.930292485503728 ], [ -68.883170165669256, -32.930107855005339 ], [ -68.883048306900108, -32.930068706200274 ], [ -68.882927449800093, -32.930032447000251 ], [ -68.882841268214733, -32.929997576665173 ], [ -68.882677521400097, -32.929926423600222 ], [ -68.882451673610817, -32.929839941263225 ], [ -68.882275864587299, -32.929893381455933 ], [ -68.881999074228773, -32.929965645747174 ], [ -68.881636523121244, -32.929858091573124 ], [ -68.881461045792889, -32.929662422223821 ], [ -68.881049989620934, -32.929479141733047 ], [ -68.880593989894464, -32.929352575906279 ], [ -68.880144360971684, -32.929296880401864 ], [ -68.87898859656751, -32.928951354203882 ], [ -68.878652140620218, -32.928906882131422 ], [ -68.878349386228052, -32.928826179297296 ], [ -68.878008377343264, -32.928694197674524 ], [ -68.877793565748078, -32.928559973621617 ], [ -68.877665734834025, -32.928391542496392 ], [ -68.877464137184518, -32.928165885819006 ], [ -68.877236338522749, -32.927961093527095 ], [ -68.876885142380999, -32.927764062512466 ], [ -68.876634048381931, -32.927508005433609 ], [ -68.876013548982925, -32.927381260399663 ], [ -68.875213437850391, -32.92735523791135 ], [ -68.874402310689987, -32.927187301823892 ], [ -68.874095923072645, -32.927038789596388 ], [ -68.873957678881212, -32.92696927819091 ], [ -68.873752057098869, -32.926953304281852 ], [ -68.873512811459818, -32.926918376356056 ], [ -68.873329870898075, -32.926728994529505 ], [ -68.873154391051287, -32.926552233106612 ], [ -68.873023729876422, -32.926410203010661 ], [ -68.872795820183185, -32.926293300048613 ], [ -68.872608922070071, -32.926258423657274 ], [ -68.8722836601777, -32.926239172058324 ], [ -68.871820002601424, -32.926257617071691 ], [ -68.87164421254073, -32.926298429255986 ], [ -68.871262747657809, -32.926361102447139 ], [ -68.870791698407814, -32.926319623786291 ], [ -68.87047775923962, -32.926227853843919 ], [ -68.870081761993092, -32.926000406970864 ], [ -68.869648109262769, -32.92595580959135 ], [ -68.869412068190201, -32.925651272041385 ], [ -68.869083153898018, -32.925575249326364 ], [ -68.868726193596927, -32.925502349568717 ], [ -68.866583459617871, -32.925146968307068 ], [ -68.865233417352073, -32.924701673174447 ], [ -68.861753613141374, -32.923161487789493 ], [ -68.859803624382749, -32.922296025588047 ], [ -68.858591178152111, -32.921798018591069 ], [ -68.857223615510492, -32.921282479702391 ], [ -68.856683677155914, -32.921089511845345 ], [ -68.856276262076165, -32.92102282521941 ], [ -68.85592483147235, -32.92101611408804 ], [ -68.855491046334862, -32.921072372342969 ], [ -68.855161775767868, -32.921232808406181 ], [ -68.854847546516893, -32.921339655343431 ], [ -68.854520230889293, -32.921446486257466 ], [ -68.854202364776867, -32.921490261782814 ], [ -68.853918224845415, -32.921486776756112 ], [ -68.853009593614985, -32.92155508364786 ], [ -68.851663473872719, -32.921654398288197 ], [ -68.85085590216778, -32.921653437306702 ], [ -68.85008198463683, -32.921649358199254 ], [ -68.848868489878029, -32.921805560716244 ], [ -68.847406201684052, -32.922055257949523 ], [ -68.845715832660943, -32.922308598328705 ], [ -68.844352637288338, -32.922540250723998 ], [ -68.84226098839909, -32.92286783145358 ], [ -68.841115647822292, -32.923131358842916 ], [ -68.840936133774306, -32.92315951000819 ], [ -68.840794092517399, -32.923140409512307 ], [ -68.840642426080208, -32.92306319255799 ], [ -68.840329052016159, -32.922884338540022 ], [ -68.839886935378118, -32.922621883581407 ], [ -68.839691337328745, -32.922434759132003 ], [ -68.838800695536335, -32.921465011472371 ], [ -68.838372842512513, -32.920993778090448 ], [ -68.83820292646179, -32.920733503414837 ], [ -68.838101596352885, -32.92052531186421 ], [ -68.837999379591054, -32.92019762743972 ], [ -68.83793741947099, -32.919830355952477 ], [ -68.837892651186024, -32.919558765539918 ], [ -68.837816466531478, -32.919105511215427 ] ] ] } },
{ "type": "Feature", "properties": { "fid": 15, "NOMBRE": "COLECTOR CIVIT", "TIPO": "Descargador", "AREACUENCA": null, "LONGITUD": "1 km", "CAPACIDAD": null, "OBSERVACIO": "Forma parte de un sistema mixto en conjunto con el sistema de riego", "Clase": "Colector" }, "geometry": { "type": "LineString", "coordinates": [ [ [ -68.87954413043407, -32.908755808448809 ], [ -68.879460040800097, -32.908667767600264 ], [ -68.879394902300106, -32.908539033700265 ], [ -68.879235968500097, -32.907973611200248 ], [ -68.878852800184674, -32.907206088856746 ], [ -68.878491786100113, -32.90663072520028 ], [ -68.8781041517001, -32.905958408700279 ], [ -68.877931824200132, -32.905659510700247 ], [ -68.877708187400117, -32.905440361900261 ], [ -68.877677017500119, -32.905409493600253 ], [ -68.877555468300102, -32.905264112400268 ], [ -68.877487345300096, -32.905210665600265 ], [ -68.877402488200104, -32.905122577500272 ], [ -68.877246861100105, -32.904963096200269 ], [ -68.877224196700098, -32.90488814350028 ], [ -68.877156091100105, -32.904590248400247 ], [ -68.877082317300122, -32.90429478230029 ], [ -68.877076724500114, -32.904242388600252 ], [ -68.877008394700113, -32.903952698600257 ], [ -68.876998419700101, -32.903900210400245 ], [ -68.877127276600106, -32.903783027200255 ], [ -68.877190444400114, -32.90370833920025 ], [ -68.87720731440011, -32.903644335800251 ], [ -68.8767996543001, -32.903015456700253 ], [ -68.876755927200094, -32.902945352300286 ], [ -68.876719072600096, -32.90285235170024 ], [ -68.8767049060001, -32.902816630800267 ], [ -68.876665526900098, -32.902231575300263 ], [ -68.876946744826611, -32.901507025320328 ], [ -68.8770427893283, -32.900980520542866 ], [ -68.877069567721335, -32.900536721411889 ], [ -68.877051459439826, -32.900116133625239 ] ] ] } },
{ "type": "Feature", "properties": { "fid": 16, "NOMBRE": "COLECTOR DEL OESTE", "TIPO": "Descargador", "AREACUENCA": null, "LONGITUD": "4.21 km", "CAPACIDAD": null, "OBSERVACIO": "Forma parte de un sistema mixto en conjunto con el sistema de riego", "Clase": "Colector" }, "geometry": { "type": "LineString", "coordinates": [ [ [ -68.873901438030813, -32.907503896150942 ], [ -68.873901438030813, -32.907503896150942 ], [ -68.873887237337001, -32.907454623996088 ], [ -68.873388932984824, -32.906393959040223 ], [ -68.872803826685299, -32.905149393617855 ], [ -68.872666002771538, -32.904810669147096 ], [ -68.87261580316482, -32.904626150720674 ], [ -68.872586484718227, -32.904216981835525 ], [ -68.87248990677692, -32.902486516747885 ], [ -68.872466293659315, -32.90200955781448 ], [ -68.87242805892248, -32.900798606770685 ], [ -68.87243496668053, -32.900214246352029 ], [ -68.87240694863894, -32.899909005793127 ], [ -68.872345905800117, -32.899679874200253 ], [ -68.872330268462221, -32.899521125399389 ], [ -68.87234133493412, -32.899363386675098 ], [ -68.872521378098412, -32.898066419200568 ], [ -68.872789720800114, -32.895994665100268 ], [ -68.8728364432001, -32.895908781500268 ], [ -68.8738567146751, -32.893776513035192 ], [ -68.874272386300106, -32.893026173600255 ], [ -68.874775329340764, -32.891873002777785 ], [ -68.874900157324262, -32.891747384783365 ], [ -68.875072746200104, -32.891606631000265 ], [ -68.876145126689778, -32.890909004089323 ], [ -68.877221915635786, -32.890180756731297 ], [ -68.877512108350317, -32.890000428668799 ], [ -68.87773457738686, -32.8898046016403 ], [ -68.877854581089551, -32.889240018603161 ], [ -68.877856715500101, -32.889045690400252 ], [ -68.877470672598349, -32.888605212488528 ], [ -68.877522383567822, -32.888440654121467 ], [ -68.877265350763963, -32.888158051928116 ], [ -68.876045195157644, -32.886779390883376 ], [ -68.875877263469377, -32.886731213351013 ], [ -68.875687661130002, -32.886678441580443 ], [ -68.875419497547284, -32.886612445426493 ], [ -68.875387080943455, -32.886541539782819 ], [ -68.875270723024968, -32.886429398174208 ], [ -68.875054307601928, -32.886175409830194 ], [ -68.874845983734815, -32.885948864047677 ], [ -68.874613456231486, -32.885593121237989 ], [ -68.874116578000098, -32.884246420200256 ], [ -68.873644144900112, -32.883854789400282 ], [ -68.873698131600094, -32.883690285000256 ], [ -68.873696557600098, -32.883519232200271 ], [ -68.87364651590012, -32.883238304300271 ], [ -68.873566088800089, -32.882982863600276 ], [ -68.873536088000094, -32.882812593600271 ], [ -68.873556623700111, -32.882574296900259 ], [ -68.873614442000118, -32.882043799100273 ], [ -68.8736798356001, -32.88182258970027 ], [ -68.873753956000115, -32.881777219200281 ], [ -68.87377780090435, -32.881584505305618 ], [ -68.873810706876426, -32.881307903607521 ], [ -68.873943606200115, -32.880818189200269 ], [ -68.87412187577651, -32.879690131357975 ], [ -68.874028510074908, -32.879612305215936 ], [ -68.87400562703121, -32.879508258267471 ], [ -68.874011602203041, -32.879115031067023 ], [ -68.873946855181075, -32.878917777653605 ], [ -68.874046086799581, -32.877721030972886 ], [ -68.874243990936677, -32.877636639211786 ], [ -68.874284874427758, -32.87746464072643 ], [ -68.874343286389518, -32.877350958962815 ], [ -68.874464251244618, -32.877068729731583 ], [ -68.874577115448005, -32.876766487641945 ], [ -68.874343603315552, -32.876646225645473 ], [ -68.873128116644097, -32.875935978281511 ], [ -68.870844654731499, -32.874655346853217 ] ] ] } },
{ "type": "Feature", "properties": { "fid": 17, "NOMBRE": "COLECTOR BOULOGNE SUR MER", "TIPO": "Canalización Intermedia", "AREACUENCA": null, "LONGITUD": "7.37 km", "CAPACIDAD": "24 m3/s", "OBSERVACIO": "El canal nace como tal en la Rotonda de calle Regalado Olguin, se desarrolla hacia el norte hasta su desembocadura en el Colector Las Heras, con una longitud de 6000 metros.", "Clase": "Colector" }, "geometry": { "type": "LineString", "coordinates": [ [ [ -68.859739724706046, -32.852807277648161 ], [ -68.859749948234196, -32.852011122717599 ], [ -68.86000769208988, -32.8517393476886 ], [ -68.860019831291666, -32.850908309630896 ], [ -68.860102989504824, -32.849696690273753 ], [ -68.860125127573582, -32.849397216271008 ], [ -68.860196176361441, -32.848997201894335 ], [ -68.860291600937884, -32.848597214667045 ], [ -68.86079768541488, -32.847121432298394 ], [ -68.860969179395894, -32.846568921759435 ], [ -68.861086208232209, -32.846205537781593 ], [ -68.861393783336155, -32.845225648513889 ], [ -68.861867185792192, -32.843842989540882 ], [ -68.861910777796382, -32.843676141238518 ], [ -68.861911149508842, -32.843436085160917 ], [ -68.861803251054781, -32.841407488373441 ], [ -68.861784732472628, -32.841123972539314 ], [ -68.861820386231344, -32.840835944005725 ], [ -68.86185867718352, -32.840593643426296 ], [ -68.862320993306795, -32.839354431854517 ], [ -68.863414508269884, -32.836212030157945 ], [ -68.863469076510128, -32.835946884107521 ], [ -68.8636213387704, -32.835549241703838 ], [ -68.864420265100094, -32.833313438400282 ], [ -68.864580256600092, -32.831047264600265 ], [ -68.864606103600096, -32.828881902900264 ], [ -68.861320471714876, -32.824440076052923 ], [ -68.860971908017376, -32.823966433756247 ], [ -68.860731457444771, -32.82362094131296 ], [ -68.859710620600097, -32.822178319400273 ], [ -68.858393162400105, -32.820410561500282 ], [ -68.857581819100119, -32.819305849400251 ], [ -68.85655171650275, -32.817939437141852 ], [ -68.855979026592081, -32.817124870555404 ], [ -68.855818917400114, -32.816589321000272 ], [ -68.854733362000118, -32.813037963900257 ], [ -68.8544825524001, -32.812213906000267 ], [ -68.853457842790164, -32.809158890833061 ], [ -68.851949008700117, -32.80671518030028 ], [ -68.849216342300096, -32.802590034900248 ], [ -68.847021496700094, -32.799264041000214 ], [ -68.845134300000112, -32.796333921900271 ], [ -68.843592012200119, -32.793999089100247 ], [ -68.843356669600112, -32.793529887500263 ], [ -68.842723485600132, -32.791804222700272 ], [ -68.842793537300096, -32.791577208700275 ] ] ] } },
{ "type": "Feature", "properties": { "fid": 18, "NOMBRE": "COLECTOR DE BASE CONDOR", "TIPO": "Descargador", "AREACUENCA": null, "LONGITUD": "1.70 km", "CAPACIDAD": null, "OBSERVACIO": "Recorre la calle Dr Notti y descarga sobre colector Papagayos", "Clase": "Colector" }, "geometry": { "type": "LineString", "coordinates": [ [ [ -68.873758574891909, -32.874008954339971 ], [ -68.87376307780012, -32.864147509300274 ], [ -68.880279020900105, -32.864232204800253 ] ] ] } },
{ "type": "Feature", "properties": { "fid": 19, "NOMBRE": "COLECTOR LAS HERAS", "TIPO": "Escudo", "AREACUENCA": "27080 ha", "LONGITUD": "20 km", "CAPACIDAD": "0,65 hm3", "OBSERVACIO": "Creado en 1968", "Clase": "Colector" }, "geometry": { "type": "LineString", "coordinates": [ [ [ -68.77827734391434, -32.766889538029751 ], [ -68.778272194571585, -32.766940054411506 ], [ -68.778272194571571, -32.767000674031763 ], [ -68.778261895886075, -32.767084386772829 ], [ -68.778351151160479, -32.767199852493377 ], [ -68.778440406434868, -32.767257585297486 ], [ -68.778519363023747, -32.767295111600106 ], [ -68.778546826185092, -32.767361504250509 ], [ -68.778660111725671, -32.767456763184214 ], [ -68.778756232790414, -32.767528928975239 ], [ -68.778893548597168, -32.767598208079576 ], [ -68.778948474919872, -32.76771078650912 ], [ -68.778969072290877, -32.767820478175288 ], [ -68.779030864403921, -32.767935942941065 ], [ -68.779181911791383, -32.768132232699067 ], [ -68.779315794702953, -32.768259243488302 ], [ -68.779473707880726, -32.768360274668559 ], [ -68.779569828945469, -32.768461305734135 ], [ -68.779586993421319, -32.768631614985054 ], [ -68.77960072500197, -32.76867780048844 ], [ -68.779631621058499, -32.768747078698617 ], [ -68.779707144752223, -32.768874088610559 ], [ -68.779799832921782, -32.769035737327322 ], [ -68.779875356615491, -32.769203158903032 ], [ -68.78000580663192, -32.769312848730188 ], [ -68.780053867164298, -32.769382126446096 ], [ -68.780060732954638, -32.769436971266288 ], [ -68.780053867164298, -32.769488929485838 ], [ -68.780016105317443, -32.769526454847735 ], [ -68.779947447414045, -32.769563980193837 ], [ -68.779885655301001, -32.769598618960792 ], [ -68.779861625034826, -32.769685215819258 ], [ -68.779878789510676, -32.769780472266206 ], [ -68.779940581623705, -32.769872842056841 ], [ -68.779978343470574, -32.769991190710989 ], [ -68.77999894084158, -32.770115312301186 ], [ -68.780095061906337, -32.770239433718253 ], [ -68.780187750075882, -32.770357781884961 ], [ -68.780266706664776, -32.770580045089872 ], [ -68.780266706664776, -32.770629116112211 ], [ -68.78032506588265, -32.770727258075873 ], [ -68.780383425100524, -32.770865811252023 ], [ -68.780476113270083, -32.771085186673197 ], [ -68.780531039592788, -32.771232398823685 ], [ -68.780589398810662, -32.771342086150085 ], [ -68.780634026447856, -32.771420021799841 ], [ -68.780682086980221, -32.771541254897208 ], [ -68.78072671461743, -32.771653828339652 ], [ -68.780743879093279, -32.771754855666821 ], [ -68.780791939625644, -32.771829904464205 ], [ -68.780843433053178, -32.771962682950665 ], [ -68.780857164633829, -32.772066596410646 ], [ -68.780850298843504, -32.772170509749245 ], [ -68.780822835682159, -32.772268650013231 ], [ -68.780822835682145, -32.772369676642491 ], [ -68.780870896214509, -32.772462043746081 ], [ -68.780929255432397, -32.772568843089999 ], [ -68.780929255432383, -32.772638118271651 ], [ -68.780960151488912, -32.772782441393538 ], [ -68.781052839658486, -32.772892126809616 ], [ -68.781094034400496, -32.773024903711374 ], [ -68.781097467295666, -32.773131702379942 ], [ -68.781159259408696, -32.773203863569911 ], [ -68.781248514683099, -32.77326159247972 ], [ -68.781289709425153, -32.773356845099165 ], [ -68.781324038376837, -32.77343477898463 ], [ -68.781385830489882, -32.773509826365448 ], [ -68.781389263385051, -32.773613738018945 ], [ -68.781406427860901, -32.773711876691472 ], [ -68.781413293651241, -32.773810015255734 ], [ -68.781488817344936, -32.773934131520278 ], [ -68.781564341038674, -32.773971655007998 ], [ -68.781663894998559, -32.774006292059603 ], [ -68.781677626579238, -32.77406113403034 ], [ -68.781660462103403, -32.774176590700478 ], [ -68.781646730522723, -32.774280501575454 ], [ -68.781677626579238, -32.774387298737253 ], [ -68.781739418692297, -32.774540278232202 ], [ -68.781777180539152, -32.774618211081368 ], [ -68.781893898974872, -32.774733667028713 ], [ -68.781893898974872, -32.774768303783723 ], [ -68.781911063450721, -32.774866441183022 ], [ -68.781993452934785, -32.774915509842067 ], [ -68.782058677943013, -32.775010760691217 ], [ -68.782168530588393, -32.775100238668799 ], [ -68.782288681919326, -32.775157966348566 ], [ -68.78235047403237, -32.775313830896721 ], [ -68.7824122661454, -32.77542639956728 ], [ -68.782474058258444, -32.775564945427902 ], [ -68.782498088524633, -32.775654422848227 ], [ -68.782594209589348, -32.77575255927033 ], [ -68.782607941170028, -32.775850695584204 ], [ -68.782590776694178, -32.775911309135743 ], [ -68.782628538541047, -32.775983468071914 ], [ -68.782728092500946, -32.776055626949493 ], [ -68.782786107434902, -32.776161216019233 ], [ -68.782880029119639, -32.776191369619461 ], [ -68.78299190241566, -32.776173080447947 ], [ -68.783090971453433, -32.776140449851063 ], [ -68.783219891706239, -32.776137841421956 ], [ -68.783502496336681, -32.776251836631936 ], [ -68.785610035736369, -32.775401537952227 ], [ -68.786661178311761, -32.774936932545607 ], [ -68.788535748728947, -32.774159348161618 ], [ -68.789283539674145, -32.773790231717612 ], [ -68.790069358909122, -32.773358301957643 ], [ -68.791017167840266, -32.773086676743254 ], [ -68.791943866806307, -32.772580666128185 ], [ -68.792978558347727, -32.772179995727804 ], [ -68.793920441117336, -32.772122105369036 ], [ -68.795311095679097, -32.772261561559688 ], [ -68.798504035272458, -32.772417631486192 ], [ -68.802321474876933, -32.772449188001488 ], [ -68.803813774059023, -32.772746742570845 ], [ -68.804992744259465, -32.773065797184806 ], [ -68.806773243712939, -32.773491344604821 ], [ -68.807994059878538, -32.773940333165598 ], [ -68.809259820644428, -32.774294352989031 ], [ -68.810115633279551, -32.774405826797356 ], [ -68.810719552489843, -32.774333504758282 ], [ -68.811328934213037, -32.774103069911135 ], [ -68.815254876259146, -32.772630926120513 ], [ -68.816175824540153, -32.772220751036876 ], [ -68.817069550813329, -32.771884833378351 ], [ -68.818217557955506, -32.77159386089869 ], [ -68.819034797455316, -32.771604189071532 ], [ -68.819575861946419, -32.771687275360961 ], [ -68.820268272411496, -32.771870029547479 ], [ -68.821333759864032, -32.772241930295515 ], [ -68.822453461598158, -32.772572745842645 ], [ -68.823756897615894, -32.773053561077184 ], [ -68.82719676417274, -32.774308945877728 ], [ -68.828262529290001, -32.774566474256638 ], [ -68.829122564293598, -32.774855721000819 ], [ -68.83032304717085, -32.775433494138859 ], [ -68.831125670300111, -32.775885546900263 ], [ -68.831744622244614, -32.776457376604988 ], [ -68.834735225458175, -32.780777844214875 ], [ -68.835944470998115, -32.782394329760749 ], [ -68.83839586717022, -32.785916446615389 ], [ -68.84112291550224, -32.789636269930085 ], [ -68.841949688331383, -32.790472947948643 ], [ -68.842403458873065, -32.791017652152874 ], [ -68.842794955320272, -32.791575994151813 ], [ -68.849436882900093, -32.799162517900264 ], [ -68.864112219916024, -32.815518717900481 ], [ -68.873635623853104, -32.831918889503889 ], [ -68.879364339991184, -32.841613426563988 ], [ -68.879695876200117, -32.842148328100279 ], [ -68.879887655373679, -32.842510406827515 ], [ -68.880006603300103, -32.842735255100258 ], [ -68.880142017300102, -32.843015213400243 ], [ -68.880213675400114, -32.843187224900262 ], [ -68.880245467700092, -32.843305255300265 ], [ -68.880345092300118, -32.843470550600252 ], [ -68.880560390500094, -32.843747213500258 ], [ -68.88093508510012, -32.844293741900287 ], [ -68.881319624575326, -32.845092952479163 ], [ -68.881443851771678, -32.845362848007916 ], [ -68.881600580574855, -32.845632774156805 ], [ -68.881838374883472, -32.846044524299387 ], [ -68.882032987736096, -32.846341920669367 ], [ -68.882198135000095, -32.84657739380026 ], [ -68.882346498532698, -32.846847477482484 ], [ -68.882564779100093, -32.847187966600252 ], [ -68.882712252100106, -32.84742073340027 ], [ -68.882915593800107, -32.84769063790025 ], [ -68.883083052000117, -32.847913308600276 ], [ -68.883210596900099, -32.84811571330026 ], [ -68.883425910700112, -32.848395742500252 ], [ -68.883645250700098, -32.84865217500024 ], [ -68.8837848374001, -32.848810761700278 ], [ -68.884008274500104, -32.848989654600288 ], [ -68.884263621600098, -32.849202290800271 ], [ -68.884538953600114, -32.849404830700266 ], [ -68.884753445117056, -32.849609222684855 ], [ -68.885018591707563, -32.849833519179292 ], [ -68.88522967479102, -32.849975460504744 ], [ -68.885684286300119, -32.850171195900295 ], [ -68.885855892800109, -32.850282609600271 ], [ -68.885923750400096, -32.850316385700282 ], [ -68.88604750490012, -32.850367069800271 ], [ -68.886127371100116, -32.85038062820027 ], [ -68.886382847500087, -32.850498860300277 ], [ -68.886446694200117, -32.850546118200242 ], [ -68.886554481200108, -32.850590044500258 ], [ -68.886650272900113, -32.850644074100259 ], [ -68.887251710259477, -32.850959243370021 ], [ -68.888026033836454, -32.85121999964651 ], [ -68.88839152046684, -32.851356929625176 ], [ -68.888800453207239, -32.851407591200278 ], [ -68.889174223159358, -32.851419354045447 ], [ -68.889381364300093, -32.851394974600254 ], [ -68.889575155487393, -32.851369410986493 ], [ -68.889908721400118, -32.851297668300255 ], [ -68.889984636400101, -32.85127750660024 ], [ -68.890032575200095, -32.851270805800247 ], [ -68.890092505000098, -32.851257372800298 ], [ -68.890152426400107, -32.851250682600281 ], [ -68.89020835360013, -32.851243988800263 ], [ -68.890412058300114, -32.851244167400267 ], [ -68.890519901900106, -32.851244261800261 ], [ -68.890603747200117, -32.851271306500273 ], [ -68.890687596600117, -32.851294979700263 ], [ -68.890807340400102, -32.851362512800264 ], [ -68.890931095000099, -32.85141656350028 ], [ -68.891058872900103, -32.851447017600258 ], [ -68.891178666500096, -32.851474093300283 ], [ -68.891294449500094, -32.851514651000258 ], [ -68.891454123900104, -32.851592332400259 ], [ -68.891613860100094, -32.851619442300262 ], [ -68.891773588200095, -32.851653294800272 ], [ -68.891985204600104, -32.851717534700263 ], [ -68.892156874900095, -32.851785111200265 ], [ -68.892352466100093, -32.851889793800275 ], [ -68.892512101500117, -32.852001188100274 ], [ -68.892603891900109, -32.85206532390027 ], [ -68.8926956703001, -32.852139574000255 ], [ -68.892727555300098, -32.85219691560026 ], [ -68.892787371800111, -32.852277881000276 ], [ -68.892895131600099, -32.852348773200262 ], [ -68.893022862900111, -32.852419682400281 ], [ -68.893134649700102, -32.852463606400278 ], [ -68.893298329700102, -32.852534546000264 ], [ -68.893468627838175, -32.85259935953507 ], [ -68.893969504543861, -32.852782684964524 ], [ -68.894183350083807, -32.852897178486657 ], [ -68.894340339329048, -32.852991047395726 ], [ -68.894497353256554, -32.853064339878273 ], [ -68.894610973216359, -32.853185035308066 ], [ -68.894656906549685, -32.853281096481382 ], [ -68.894735373372527, -32.853352036261334 ], [ -68.894759643176428, -32.853443506668711 ], [ -68.894797445467859, -32.853544133447436 ], [ -68.89487862128216, -32.853615075412563 ], [ -68.894999668700109, -32.853625966700292 ], [ -68.895076325700103, -32.853654800500259 ], [ -68.895204093100105, -32.853698061800259 ], [ -68.895297775800103, -32.853741294400272 ], [ -68.895536285600116, -32.853813417500277 ], [ -68.895629981200102, -32.853845861300279 ], [ -68.895762005600119, -32.853892721800278 ], [ -68.895855667700118, -32.853953934900268 ], [ -68.895983452700108, -32.853982810700273 ], [ -68.896030319500099, -32.853982849700259 ], [ -68.896149625300126, -32.853975756400246 ], [ -68.896205038500099, -32.853954225200269 ], [ -68.896311600000104, -32.853914755500249 ], [ -68.896379799100117, -32.853889638700252 ], [ -68.896413892400105, -32.853882474600255 ], [ -68.896473570300103, -32.85385735070026 ], [ -68.896528979100111, -32.853839415600262 ], [ -68.896588665300101, -32.853807099300255 ], [ -68.896635602900119, -32.853746002900252 ], [ -68.896712323000116, -32.853720892900263 ], [ -68.896754945800112, -32.853706543400278 ], [ -68.896823115500098, -32.853706599600265 ], [ -68.896929618200105, -32.853717475900282 ], [ -68.897014809600108, -32.853735527000239 ], [ -68.897087165200105, -32.853800317900287 ], [ -68.897138226200113, -32.853857898800278 ], [ -68.897202093900106, -32.853893913200253 ], [ -68.897282991800125, -32.853940730000268 ], [ -68.8973596788001, -32.853944389100263 ], [ -68.897398016100098, -32.853951612900246 ], [ -68.897444837400101, -32.853991209400277 ], [ -68.897483162300105, -32.85400922170026 ], [ -68.897598178400116, -32.854027296800282 ], [ -68.897707490600126, -32.854065545700266 ], [ -68.897979472566064, -32.854099469173683 ], [ -68.898182549210233, -32.854163649574133 ], [ -68.898472319127734, -32.854214182519456 ], [ -68.898707106600099, -32.854251762300279 ], [ -68.898994936100109, -32.854251994900238 ], [ -68.899350986300107, -32.854207529300268 ], [ -68.899790383800095, -32.854137556600264 ], [ -68.900047965300118, -32.854093010100279 ], [ -68.900320688300098, -32.854054868300267 ], [ -68.900517673800096, -32.854010272600235 ], [ -68.900744942600099, -32.853978486900274 ], [ -68.901085863200095, -32.853914824700283 ], [ -68.901373755300114, -32.853857513000264 ], [ -68.901691944700104, -32.853800224400239 ], [ -68.901987396400116, -32.853755703700244 ], [ -68.902381280200117, -32.853743225100246 ], [ -68.902941759200104, -32.853769234000254 ], [ -68.903724728671449, -32.853937125329978 ], [ -68.904115574300093, -32.853974722000252 ], [ -68.904600263100107, -32.854045417900274 ], [ -68.905198569400113, -32.854116198000263 ], [ -68.905456066800113, -32.854148359000284 ], [ -68.905680102357522, -32.85420153328279 ], [ -68.905850695268839, -32.85425195925432 ], [ -68.905956275463154, -32.854306908646961 ], [ -68.906054226300114, -32.854359785700275 ], [ -68.906213155600113, -32.854487769300263 ], [ -68.906527307483699, -32.854781733343842 ], [ -68.906819611247343, -32.855006003823846 ], [ -68.907133593216102, -32.855223430957132 ], [ -68.907401617200378, -32.855355660501928 ], [ -68.907999988545072, -32.855600159021009 ], [ -68.908419653015727, -32.85578108058283 ], [ -68.908722922035579, -32.855885898089099 ], [ -68.908990984805811, -32.855984402071421 ], [ -68.90924820628814, -32.856089756363573 ], [ -68.90946758049239, -32.856121922772083 ], [ -68.909597321900094, -32.856094957800281 ], [ -68.909741297900112, -32.856037522800257 ], [ -68.909877692700107, -32.855986475400272 ], [ -68.90996862030012, -32.855954574800272 ], [ -68.910051960300109, -32.855935455100266 ], [ -68.910150456000096, -32.855909953000243 ], [ -68.910248958000096, -32.855878057600258 ], [ -68.910329199115026, -32.855880200797962 ], [ -68.910445680903891, -32.855873425472907 ], [ -68.910575692504452, -32.855880377205871 ], [ -68.910757162915985, -32.855894224264617 ], [ -68.910938227500111, -32.855897729700267 ], [ -68.9111124179001, -32.855923426500254 ], [ -68.911271459100121, -32.85594911220025 ], [ -68.911453218000119, -32.855981207100278 ], [ -68.911559237100093, -32.856006854900258 ], [ -68.911764629882569, -32.856073266218388 ], [ -68.911954186401545, -32.856128269730689 ], [ -68.9121707988959, -32.85621529944008 ], [ -68.912273672090947, -32.856274814089566 ], [ -68.912395491383919, -32.856349774102867 ], [ -68.912533596384165, -32.856391023206413 ], [ -68.912709576792182, -32.856480309819567 ], [ -68.912890954923952, -32.856590176184717 ], [ -68.913007314729953, -32.856709142094118 ], [ -68.913123659805137, -32.856843540064368 ], [ -68.913212950544093, -32.856944196988231 ], [ -68.913294124118067, -32.857035703226231 ], [ -68.913375238422475, -32.857188366529037 ], [ -68.91349431729256, -32.85729818886238 ], [ -68.91361342526173, -32.857378289865373 ], [ -68.913746090553445, -32.857444682607671 ], [ -68.91385296060011, -32.857440535700249 ], [ -68.913921133200105, -32.857440582700285 ], [ -68.914027191900118, -32.857427869100263 ], [ -68.914118101000099, -32.85741514510029 ], [ -68.91423098613312, -32.85741758095098 ], [ -68.914317675422112, -32.857408495349866 ], [ -68.914407084435879, -32.857387980304701 ], [ -68.914519641500107, -32.857332308300279 ], [ -68.914587838500097, -32.857306782000258 ], [ -68.914778328923333, -32.857237912847332 ], [ -68.914881303291111, -32.857194544211467 ], [ -68.914959892197402, -32.857158017665995 ], [ -68.915049311707904, -32.857126070922796 ], [ -68.91515767721161, -32.857110140706929 ], [ -68.915222709107582, -32.857087322296479 ], [ -68.91529588896141, -32.857041646877889 ], [ -68.915330465100098, -32.85698762590026 ], [ -68.915428966500102, -32.856955726500267 ], [ -68.915527437500103, -32.856955793000289 ], [ -68.915610091463606, -32.857055576684353 ], [ -68.915702117768603, -32.857131084937116 ], [ -68.915815028300102, -32.857218108700266 ], [ -68.915883469096968, -32.857274669112122 ], [ -68.915940355241077, -32.857272421093612 ], [ -68.916035172653991, -32.85726105351344 ], [ -68.916132696652255, -32.857251973924598 ], [ -68.9162085075628, -32.85728860470055 ], [ -68.916273455565502, -32.857354949398342 ], [ -68.91631942727922, -32.857437285114514 ], [ -68.916349142173559, -32.857524182442987 ], [ -68.916375221400102, -32.857576504500273 ], [ -68.916443382100098, -32.857589336400267 ], [ -68.916534297000098, -32.857570217500246 ], [ -68.916564608000115, -32.857557451200293 ], [ -68.916610104300119, -32.857506335800274 ], [ -68.916663157400109, -32.857474405100284 ], [ -68.916708641600096, -32.857436076100278 ], [ -68.91676928130012, -32.857391363900277 ], [ -68.916799639900105, -32.857327452000277 ], [ -68.916814807300113, -32.857308282400268 ], [ -68.916867872100127, -32.857263565100268 ], [ -68.916883039400119, -32.857244395600276 ], [ -68.91692094870011, -32.857206061500257 ], [ -68.916966403000103, -32.857199698400258 ], [ -68.917049724800094, -32.85719975370025 ], [ -68.917117867600112, -32.857231764900249 ], [ -68.91721627950011, -32.857295762200259 ], [ -68.917307122800096, -32.857353361300248 ], [ -68.917346043894725, -32.857444254685468 ], [ -68.91736764408283, -32.857519715167506 ], [ -68.917378432534576, -32.857570019768097 ], [ -68.917397328245229, -32.85764090595989 ], [ -68.917446016272663, -32.857716384306158 ], [ -68.917486573817939, -32.857796429768726 ], [ -68.917529865600542, -32.857849042033784 ], [ -68.917619244738773, -32.857860532158107 ], [ -68.917715715400107, -32.857833121800269 ], [ -68.917787197488181, -32.857851497632403 ], [ -68.917862982727812, -32.85791727705876 ], [ -68.917879146942823, -32.858013310117464 ], [ -68.91788988308781, -32.858120770854192 ], [ -68.917914167421827, -32.858223667979971 ], [ -68.917995570100118, -32.858280830700252 ], [ -68.918109139400116, -32.858338444000253 ], [ -68.918169737900115, -32.85833848370028 ], [ -68.918258049600624, -32.85837021302887 ], [ -68.918351498200096, -32.858376961700273 ], [ -68.918442378400101, -32.858396200600254 ], [ -68.918569519227177, -32.858416141100889 ], [ -68.918650741379437, -32.858461918908176 ], [ -68.918721097666946, -32.858541411771029 ], [ -68.918758968768984, -32.858598592581224 ], [ -68.918832048118887, -32.858662654970622 ], [ -68.918897007398073, -32.858719853307967 ], [ -68.919085930200112, -32.858735458900256 ], [ -68.919173262016187, -32.858768043292692 ], [ -68.919267674400118, -32.858793115200278 ], [ -68.919316756346817, -32.858848154605468 ], [ -68.919411492322766, -32.858928234357194 ], [ -68.919522504062712, -32.858983175773346 ], [ -68.919699233500111, -32.859023548700272 ], [ -68.919842035593661, -32.859103980496471 ], [ -68.920012609004601, -32.859195539595405 ], [ -68.920118195609021, -32.859259622006327 ], [ -68.92019398734972, -32.859321399078226 ], [ -68.92032390665716, -32.85943808054369 ], [ -68.920386138207746, -32.859518138847761 ], [ -68.920471413900117, -32.859535499100275 ], [ -68.920585026200115, -32.859548357600275 ], [ -68.920668350300119, -32.859548410500253 ], [ -68.920744105100113, -32.859542065300261 ], [ -68.920842601700102, -32.85951655480028 ], [ -68.920888068200099, -32.859497403900278 ], [ -68.920948678800116, -32.859484655800259 ], [ -68.920978995500107, -32.859465495300284 ], [ -68.921054767200118, -32.859439970300258 ], [ -68.92126395662099, -32.859340366969001 ], [ -68.921345245567096, -32.859312983117249 ], [ -68.921370950528114, -32.859309715935353 ], [ -68.921429190883273, -32.859345043338131 ], [ -68.921507668271474, -32.859434256280693 ], [ -68.921672886647229, -32.859457222304641 ], [ -68.921813801864076, -32.859393295489248 ], [ -68.92184096230298, -32.859311007518023 ], [ -68.921968327054856, -32.859253930806453 ], [ -68.922130895011179, -32.859245737791149 ], [ -68.922378456170961, -32.859270669408531 ], [ -68.922623730958819, -32.859405230237073 ], [ -68.922802444200698, -32.859485359323216 ], [ -68.923075931838696, -32.859606127365552 ], [ -68.923292591227479, -32.859661130342928 ], [ -68.923625806752298, -32.859627612026976 ], [ -68.923763937697373, -32.859650558752065 ], [ -68.923880409751604, -32.859659774659697 ], [ -68.924269828330637, -32.85975310492514 ], [ -68.92439492973179, -32.859846987425797 ], [ -68.924630577565949, -32.859974358105987 ], [ -68.924754971905358, -32.860123840504485 ], [ -68.924884869457628, -32.860274810933504 ] ] ] } },
{ "type": "Feature", "properties": { "fid": 20, "NOMBRE": "COLECTOR HIJUELA CHACRAS DE CORIA", "TIPO": "Canalización Intermedia", "AREACUENCA": null, "LONGITUD": "2 km", "CAPACIDAD": null, "OBSERVACIO": "Forma parte de un sistema mixto en conjunto con el sistema de riego", "Clase": "Colector" }, "geometry": { "type": "LineString", "coordinates": [ [ [ -68.862416156035593, -32.941437334869548 ], [ -68.862527732109385, -32.941629488183665 ], [ -68.862649275114961, -32.94178746748554 ], [ -68.86273738385475, -32.941869485861226 ], [ -68.862841989237538, -32.941970020533262 ], [ -68.862918211625527, -32.94203385426669 ], [ -68.862987958139954, -32.942079174277872 ], [ -68.863043355126294, -32.942120706352007 ], [ -68.863086295164123, -32.94216332252158 ], [ -68.863090907736719, -32.942203531737448 ], [ -68.863070237742292, -32.942269727707654 ], [ -68.863046800020484, -32.942313033928542 ], [ -68.862797818260532, -32.942579852753092 ], [ -68.862636038674154, -32.942731856283849 ], [ -68.862573563586878, -32.942827186536313 ], [ -68.862525739035178, -32.942938349707305 ], [ -68.862503937319431, -32.943000280402039 ], [ -68.862474324774013, -32.94309004741195 ], [ -68.862468293043278, -32.943159660197573 ], [ -68.862484744277282, -32.943769300902311 ], [ -68.862491313989452, -32.943967020674428 ], [ -68.862514836443154, -32.944073336013631 ], [ -68.86255550985382, -32.94414158170985 ], [ -68.862609755722403, -32.944252124701734 ], [ -68.862728353113155, -32.94450107729886 ], [ -68.862859043763919, -32.944630504729439 ], [ -68.862967965271451, -32.944719374150296 ], [ -68.863016282207141, -32.944795709748355 ], [ -68.863066635015429, -32.944859710117832 ], [ -68.863108374939344, -32.944917519208822 ], [ -68.863180455345585, -32.945013710879287 ], [ -68.863220686116165, -32.945057283926722 ], [ -68.863308108824015, -32.945113744348809 ], [ -68.863382144637157, -32.945161141259362 ], [ -68.863499521960691, -32.945233707103526 ], [ -68.863584599180029, -32.945278603648816 ], [ -68.863594285218468, -32.945282320978158 ], [ -68.863659063686143, -32.945334939830481 ], [ -68.863695392783754, -32.945383790376525 ], [ -68.863732680292088, -32.945444404860638 ], [ -68.863879217260674, -32.945914785768586 ], [ -68.863928625886061, -32.946073619385075 ], [ -68.863964464866726, -32.946132073394637 ], [ -68.864020398525255, -32.946186664188573 ], [ -68.864363005026973, -32.946419788017117 ], [ -68.864443543810509, -32.94649226865107 ], [ -68.864492174596194, -32.946577810184976 ], [ -68.8645715304649, -32.946730702707626 ], [ -68.864607756359689, -32.946803554900775 ], [ -68.864643331315776, -32.946886044089425 ], [ -68.864670042193083, -32.946926005244407 ], [ -68.864703289628693, -32.946980426212995 ], [ -68.864748045720106, -32.947025057490627 ], [ -68.864806934255341, -32.947083846435007 ], [ -68.864888983970204, -32.947131173615055 ], [ -68.864970193712125, -32.947179364870784 ], [ -68.865037010286159, -32.947225397562846 ], [ -68.865106818666206, -32.947273331793951 ], [ -68.865166543041141, -32.947324422649153 ], [ -68.865301022725106, -32.947452631809412 ], [ -68.86570369482331, -32.947889840995174 ], [ -68.865774673558434, -32.947973727612045 ], [ -68.86585786422431, -32.948138090960555 ], [ -68.865989533711158, -32.948442767707846 ], [ -68.866116833706002, -32.948707943334846 ], [ -68.866233324213752, -32.948887726125179 ], [ -68.866289090053058, -32.948952771173964 ], [ -68.866387466725001, -32.94904894052673 ], [ -68.866525024481774, -32.949156384591873 ], [ -68.866681838625624, -32.949253776659184 ], [ -68.866971023926652, -32.94952881801126 ], [ -68.867212793914533, -32.949790401955141 ], [ -68.868193708649031, -32.951254885698255 ], [ -68.868914073572498, -32.952343068710519 ], [ -68.869320518294757, -32.952962016063509 ], [ -68.870086025623564, -32.954156933835939 ], [ -68.870882901456284, -32.955354871401383 ], [ -68.871661953735668, -32.956540295897675 ], [ -68.871814840845772, -32.95678333203734 ] ] ] } },
{ "type": "Feature", "properties": { "fid": 21, "NOMBRE": "COLECTOR GORRITI", "TIPO": "Canalización Intermedia", "AREACUENCA": null, "LONGITUD": "1.78 km", "CAPACIDAD": "26 m3/s", "OBSERVACIO": "Pendiente media del 1,5%, las velocidades asociadas son muy altas. Forma parte de un sistema mixto en conjunto con el sistema de riego", "Clase": "Colector" }, "geometry": { "type": "LineString", "coordinates": [ [ [ -68.87981710971124, -32.90937096177386 ], [ -68.87972205529104, -32.909332550557004 ], [ -68.879543737733655, -32.909196787617375 ], [ -68.878778144106278, -32.908649149723217 ], [ -68.87796215730765, -32.908055538203897 ], [ -68.877725950269394, -32.90788542414829 ], [ -68.877602718209616, -32.907792281636482 ], [ -68.877397215043231, -32.907721919672333 ], [ -68.87676740223435, -32.90767084789249 ], [ -68.875981576434583, -32.90758020220666 ], [ -68.8757124700372, -32.907549978758531 ], [ -68.875494726116216, -32.907546608820375 ], [ -68.874234978914544, -32.907534311444586 ], [ -68.873664514083373, -32.907482298320751 ], [ -68.872890232164437, -32.907491564612371 ], [ -68.872191190606884, -32.907494005235712 ], [ -68.87185103794539, -32.907479467256351 ], [ -68.87170342134354, -32.907450936291674 ], [ -68.871544626773755, -32.907397167383522 ], [ -68.871419466717185, -32.907349739440711 ], [ -68.871309275390885, -32.907291290281329 ], [ -68.871207505900145, -32.907225360646954 ], [ -68.871101119268005, -32.907121192579673 ], [ -68.870985453827913, -32.906971292201867 ], [ -68.870667320865323, -32.906596904972474 ], [ -68.870360392278442, -32.906231200070266 ], [ -68.870045890988052, -32.905933282181337 ], [ -68.869300269808377, -32.905208037391951 ], [ -68.868903644714592, -32.904837899280729 ], [ -68.868577026132257, -32.904525380986868 ], [ -68.868279348629272, -32.904233782847498 ], [ -68.867854743860235, -32.903832079011551 ], [ -68.867748428482784, -32.903685338743443 ], [ -68.867653393118587, -32.903494464299236 ], [ -68.867367424303353, -32.902875328593474 ], [ -68.867292930013974, -32.902697482953059 ], [ -68.867238944790913, -32.90255316272544 ], [ -68.866809044263576, -32.902576355172485 ], [ -68.866294989676334, -32.902632565699754 ], [ -68.865938057177601, -32.902603803911092 ], [ -68.865683008078321, -32.902559384155069 ], [ -68.865345776700551, -32.902480189234197 ], [ -68.865146863850697, -32.902392076959664 ], [ -68.865036728231189, -32.902303666066359 ], [ -68.864932266757705, -32.90217111517417 ], [ -68.864749143585087, -32.902147267561602 ], [ -68.86470248010167, -32.902082200740914 ] ] ] } },
{ "type": "Feature", "properties": { "fid": 22, "NOMBRE": "COLECTOR GORRITI", "TIPO": "Canalización Intermedia", "AREACUENCA": null, "LONGITUD": "0.16 km", "CAPACIDAD": null, "OBSERVACIO": null, "Clase": "Colector" }, "geometry": { "type": "LineString", "coordinates": [ [ [ -68.867238945379029, -32.902552768565087 ], [ -68.866902990365872, -32.9018079299112 ], [ -68.866842071061711, -32.901717183341084 ], [ -68.866765523954342, -32.901624188544766 ], [ -68.866641794469189, -32.90157504009607 ], [ -68.866557438838697, -32.901550195308275 ], [ -68.866446429042426, -32.901522874863261 ], [ -68.866366943140434, -32.901495904487902 ], [ -68.866316386779118, -32.901427264447406 ] ] ] } },
{ "type": "Feature", "properties": { "fid": 23, "NOMBRE": "CANAL JARILLAL", "TIPO": "Canalización Intermedia", "AREACUENCA": null, "LONGITUD": "0.1 km", "CAPACIDAD": null, "OBSERVACIO": null, "Clase": "Canal" }, "geometry": { "type": "LineString", "coordinates": [ [ [ -68.873873744739385, -32.907907895189105 ], [ -68.873814900775159, -32.907884974492049 ], [ -68.873763536560645, -32.9078596963557 ], [ -68.873745815999982, -32.907834452177781 ], [ -68.87373557404608, -32.907807638907641 ], [ -68.8737328409035, -32.907757971900139 ], [ -68.873719857995908, -32.907687009862151 ], [ -68.873701815284235, -32.907485696632904 ] ] ] } },
{ "type": "Feature", "properties": { "fid": 24, "NOMBRE": "ZANJON MAURE", "TIPO": "Matriz", "AREACUENCA": null, "LONGITUD": "0.25 km", "CAPACIDAD": null, "OBSERVACIO": null, "Clase": "Zanjon" }, "geometry": { "type": "LineString", "coordinates": [ [ [ -68.891554051587164, -32.933880420320506 ], [ -68.891382129581743, -32.933810899004584 ], [ -68.891232662775082, -32.933725630630953 ], [ -68.891120592798046, -32.933637241391203 ], [ -68.891042141627224, -32.933577260825075 ], [ -68.890874006335139, -32.933469902829103 ], [ -68.890694665315706, -32.933353074984964 ], [ -68.890567623804685, -32.933277285243641 ], [ -68.890425613849729, -32.933210942069749 ], [ -68.890268651012533, -32.933141432332242 ], [ -68.890178948053546, -32.933109820802436 ], [ -68.890122890559013, -32.933084545340925 ], [ -68.890048152484184, -32.933046640326275 ], [ -68.889977153714398, -32.933008738558748 ], [ -68.889902423578221, -32.932964526916493 ], [ -68.889835148539376, -32.932939241442739 ], [ -68.889764122568138, -32.932923412444985 ], [ -68.889665035707893, -32.932920960048818 ], [ -68.889594001947415, -32.932911437494703 ], [ -68.889562234105668, -32.932898796331521 ], [ -68.889478118929617, -32.932884532240607 ], [ -68.889425779434603, -32.932876602758697 ], [ -68.889341628966164, -32.93289071800703 ], [ -68.889244426509123, -32.932876442170006 ] ] ] } },
{ "type": "Feature", "properties": { "fid": 25, "NOMBRE": "COLECTOR CALLE SEGURA", "TIPO": "Descargador", "AREACUENCA": null, "LONGITUD": "0.65 km", "CAPACIDAD": null, "OBSERVACIO": null, "Clase": "Colector" }, "geometry": { "type": "LineString", "coordinates": [ [ [ -68.851917793979993, -32.908367593562268 ], [ -68.852030853668907, -32.908017934508891 ], [ -68.852120779525578, -32.907725689459753 ], [ -68.852231121140804, -32.907379742093049 ], [ -68.852261101275985, -32.907279183468248 ], [ -68.852395968366707, -32.906852389568058 ], [ -68.852432713832741, -32.906757840230462 ], [ -68.852443636403791, -32.90670869920357 ], [ -68.852465472030929, -32.906616132706482 ], [ -68.852529690780628, -32.906297851100987 ], [ -68.852570710087363, -32.90607727838205 ], [ -68.852628154381463, -32.905757845594202 ], [ -68.85268608233487, -32.905146061761009 ], [ -68.852744735964777, -32.904914078571906 ], [ -68.852767947686232, -32.904808367795368 ], [ -68.852788826015129, -32.904474888645176 ], [ -68.852810334857281, -32.903760181397082 ], [ -68.852839662292197, -32.903233811469626 ], [ -68.852853965932155, -32.902778582726576 ], [ -68.852859660312646, -32.902612837734246 ] ] ] } },
{ "type": "Feature", "properties": { "fid": 26, "NOMBRE": "COLECTOR MOSCONI", "TIPO": "Descargador", "AREACUENCA": null, "LONGITUD": "1.13 km", "CAPACIDAD": null, "OBSERVACIO": null, "Clase": "Colector" }, "geometry": { "type": "LineString", "coordinates": [ [ [ -68.851436944548865, -32.931753664103503 ], [ -68.85146481510678, -32.931298739521594 ], [ -68.85146785851002, -32.931099842019066 ], [ -68.851543402976887, -32.930506086156292 ], [ -68.851649090437164, -32.929718608804414 ], [ -68.851693047533942, -32.929370012365609 ], [ -68.85182348123196, -32.928372231769167 ], [ -68.851902989205513, -32.927837350312267 ], [ -68.851988114026952, -32.92718473501558 ], [ -68.852059464489741, -32.926663561022096 ], [ -68.852078670719422, -32.926525267354855 ], [ -68.852104574161913, -32.926434992258898 ], [ -68.852144140212459, -32.926279576004326 ], [ -68.852175575471051, -32.92612300700614 ], [ -68.852211276425791, -32.925846416398812 ], [ -68.852242250861366, -32.92515144156696 ], [ -68.852234334998073, -32.925021117552788 ], [ -68.852221428865079, -32.924631301420874 ], [ -68.852184004056724, -32.924314615384212 ], [ -68.852137439672632, -32.923788729153202 ], [ -68.852099656098417, -32.923688090659219 ], [ -68.851992106117663, -32.923158702811158 ], [ -68.851875324994836, -32.92247612695121 ], [ -68.851772049691277, -32.921823287829163 ], [ -68.851737103880623, -32.921647207193544 ] ] ] } },
{ "type": "Feature", "properties": { "fid": 27, "NOMBRE": "CANAL JARILLAL", "TIPO": "Canalización Intermedia", "AREACUENCA": null, "LONGITUD": "5.6 km", "CAPACIDAD": null, "OBSERVACIO": "De hormigon armado, con un ancho de 2,50 m y 1,30 m de alto", "Clase": "Canal" }, "geometry": { "type": "LineString", "coordinates": [ [ [ -68.864737004811062, -32.902065267136138 ], [ -68.863881975000098, -32.901121676400265 ], [ -68.863585741721749, -32.900829451563595 ], [ -68.863320694517441, -32.90047708247598 ], [ -68.863144859000116, -32.900269414633257 ], [ -68.863042136934951, -32.900100121022298 ], [ -68.86302714380011, -32.900050977500257 ], [ -68.862977079500098, -32.89987013370024 ], [ -68.862934347296758, -32.899702198595712 ], [ -68.862908889778168, -32.899515271237306 ], [ -68.86289150523217, -32.899365503989067 ], [ -68.862853823688283, -32.899197424618762 ], [ -68.862843278670525, -32.899005941123832 ], [ -68.862827219387427, -32.898875608281003 ], [ -68.862800510414232, -32.898621807213445 ], [ -68.862806152491061, -32.898477780776545 ], [ -68.8627917421001, -32.898136610700263 ], [ -68.862826229981451, -32.897759354290734 ], [ -68.862637868214819, -32.896892665347885 ], [ -68.862504535725165, -32.896367828365165 ], [ -68.862432081034058, -32.895905929599039 ], [ -68.862391938426626, -32.895578382525152 ], [ -68.862455777043309, -32.895477858496371 ], [ -68.8625105216001, -32.895377217900268 ], [ -68.862557926200111, -32.895201801000269 ], [ -68.862548648200132, -32.895119376200277 ], [ -68.862514367800102, -32.894962985300268 ], [ -68.862523904500108, -32.894877966300285 ], [ -68.862539442066705, -32.894822373063214 ], [ -68.862631017150804, -32.894308356906514 ], [ -68.862639463462116, -32.894103176704235 ], [ -68.862486423061284, -32.8931822277736 ], [ -68.862330099608954, -32.892633931117182 ], [ -68.86213757100009, -32.891613418200279 ], [ -68.862000668500116, -32.890852419800254 ], [ -68.861894608200117, -32.890327969000275 ], [ -68.861766770200106, -32.889719907100265 ], [ -68.86146643260011, -32.888225561300267 ], [ -68.861373759000102, -32.887755857400258 ], [ -68.86116181280012, -32.886742390700263 ], [ -68.860946438200116, -32.885600699100259 ], [ -68.860814070200092, -32.884959268100246 ], [ -68.860531584100116, -32.883550239000265 ], [ -68.860423731500106, -32.883021185700265 ], [ -68.860272874000117, -32.882249709200266 ], [ -68.860054951100096, -32.881179606800281 ], [ -68.859995630200103, -32.880915524700271 ], [ -68.859850913489282, -32.880077619770596 ], [ -68.859687174364325, -32.879408543969028 ], [ -68.859571775644639, -32.878706539031249 ], [ -68.8594763798001, -32.878347280600273 ], [ -68.859213738600104, -32.876983985200276 ], [ -68.859147500000105, -32.876637930800271 ], [ -68.858979631300102, -32.875555979600293 ], [ -68.858938187973038, -32.875023265070354 ], [ -68.858829253700094, -32.87449740160028 ], [ -68.858699445243133, -32.873519792216626 ], [ -68.858600184674899, -32.872901251785279 ], [ -68.858412618860839, -32.871592166291116 ], [ -68.858283953361521, -32.870727249549319 ], [ -68.858071936219474, -32.869467289618477 ], [ -68.857958313286431, -32.869366565980563 ], [ -68.857860930742646, -32.869275005662807 ], [ -68.857855727713172, -32.869140111430468 ], [ -68.85781832182947, -32.86881313620129 ], [ -68.857826732807624, -32.868635390375509 ], [ -68.857854148457164, -32.868431945906124 ], [ -68.857895137684565, -32.868210798459401 ], [ -68.85793610574521, -32.868002796865255 ], [ -68.858069556398391, -32.867559988711221 ], [ -68.858205707495543, -32.867121755929091 ], [ -68.858260234113615, -32.866904624583213 ], [ -68.858309221493741, -32.866763504533196 ], [ -68.858458945298537, -32.866306425276001 ], [ -68.8585133537145, -32.866163025020882 ], [ -68.858518946016872, -32.866053291639169 ], [ -68.858530246734759, -32.865760665192653 ], [ -68.858555000762692, -32.865525781606074 ], [ -68.858531475422026, -32.864986772937684 ], [ -68.858518753579688, -32.864468352637097 ], [ -68.858519540369272, -32.863972810016307 ], [ -68.858533799272791, -32.863523007487125 ], [ -68.858558557500103, -32.863077581500264 ], [ -68.858570191600094, -32.862815561900248 ], [ -68.858551943627816, -32.862331894334268 ], [ -68.858560966615556, -32.861767201929773 ], [ -68.858569462472389, -32.861534586053175 ], [ -68.858580769650587, -32.86123738690533 ], [ -68.858594524432675, -32.86110480020205 ], [ -68.858631729900111, -32.860998173300239 ], [ -68.858638454100102, -32.860934972000258 ], [ -68.858625554800113, -32.860715214200262 ], [ -68.858632337700101, -32.860682400100281 ], [ -68.858627806500095, -32.860642810500259 ], [ -68.858625465900118, -32.860434516100263 ], [ -68.858640549860795, -32.859413030154478 ], [ -68.858703163547915, -32.859217055254518 ], [ -68.858703652855141, -32.858908412534426 ], [ -68.858761398227358, -32.858365494160481 ], [ -68.858764241061451, -32.858280906240239 ], [ -68.858824889000104, -32.857763376000271 ], [ -68.858865219900096, -32.85739165200026 ], [ -68.858887357700112, -32.856972117600264 ], [ -68.858921930400115, -32.856593173500251 ], [ -68.858973339600098, -32.856106225100262 ], [ -68.858975787900107, -32.85604428130025 ], [ -68.858962321800121, -32.855980065300258 ], [ -68.858918640500107, -32.855904363700262 ], [ -68.858905842700111, -32.855890463200254 ], [ -68.858880588500099, -32.855849407500266 ], [ -68.858874995500116, -32.855805759100257 ], [ -68.858968525306494, -32.85457398644968 ], [ -68.859179099987244, -32.854420746767516 ], [ -68.85944671528668, -32.854165638398499 ], [ -68.859442907821773, -32.854013952408067 ], [ -68.859446809111105, -32.853913321646168 ], [ -68.859448803223643, -32.853834978293136 ], [ -68.859451982266009, -32.853741764486458 ], [ -68.859471352381746, -32.853652383212989 ], [ -68.859496535740618, -32.853579744442065 ], [ -68.859543966113321, -32.853469826522371 ], [ -68.859595608582779, -32.853382757860878 ], [ -68.85971616132305, -32.85320951077005 ], [ -68.859739724706046, -32.852807277648161 ] ] ] } },
{ "type": "Feature", "properties": { "fid": 28, "NOMBRE": "CANAL JARILLAL", "TIPO": "Canalización Intermedia", "AREACUENCA": null, "LONGITUD": "4.21 km", "CAPACIDAD": null, "OBSERVACIO": "El Canal Jarillal se encuentra totalmente revestido con una seccion", "Clase": "Canal" }, "geometry": { "type": "LineString", "coordinates": [ [ [ -68.861692247163148, -32.942228400067876 ], [ -68.861759975016511, -32.941962023903955 ], [ -68.861935979435813, -32.941806131744123 ], [ -68.862098816323865, -32.94170067708562 ], [ -68.862315942975982, -32.941552712927361 ], [ -68.862415222358408, -32.94143654552451 ], [ -68.862445258704426, -32.941359323527351 ], [ -68.862496053046542, -32.941159146911453 ], [ -68.862491482888757, -32.941091740776535 ], [ -68.862441273822228, -32.940913920021472 ], [ -68.862448938471218, -32.940794104265521 ], [ -68.862466017284362, -32.940632123904543 ], [ -68.862477487317292, -32.940469743205817 ], [ -68.862490802678295, -32.940323130874994 ], [ -68.862528599416692, -32.940063816121132 ], [ -68.862581226005588, -32.939887290958943 ], [ -68.862623003138097, -32.939471893723734 ], [ -68.862663091342597, -32.93938801777491 ], [ -68.862833287011597, -32.938907689554391 ], [ -68.862983422580385, -32.938547199081363 ], [ -68.862992256351447, -32.938274845113227 ], [ -68.863016902508704, -32.938054537416818 ], [ -68.86303401315763, -32.937870878209935 ], [ -68.86306447173061, -32.937518533681789 ], [ -68.863081786238965, -32.937202437331912 ], [ -68.863102504825747, -32.937103920338345 ], [ -68.863243299267907, -32.936735930192185 ], [ -68.863256506031291, -32.936658689519803 ], [ -68.86326784307758, -32.936581446799302 ], [ -68.863269877735348, -32.936474237829401 ], [ -68.86327393672488, -32.936266520572701 ], [ -68.863281619232851, -32.936134091610995 ], [ -68.863282117708764, -32.935810093586298 ], [ -68.863275210872132, -32.935438394219027 ], [ -68.86326842295297, -32.934989439814245 ], [ -68.863257611952818, -32.934724947353608 ], [ -68.863217180253571, -32.934269649534485 ], [ -68.863188286548066, -32.933606642515436 ], [ -68.863179243013789, -32.9334087647972 ], [ -68.863162659124157, -32.933251083035863 ], [ -68.863151625888605, -32.93313124661293 ], [ -68.863146206394148, -32.933008263062028 ], [ -68.86313334486988, -32.932861621816166 ], [ -68.863113494249262, -32.932397280709054 ], [ -68.863102786600933, -32.932066175353789 ], [ -68.863108592096495, -32.931938474166593 ], [ -68.863211807526653, -32.931686719511397 ], [ -68.863358239171689, -32.931294297205852 ], [ -68.863513170972993, -32.93084433674683 ], [ -68.863645489866897, -32.930509445876822 ], [ -68.863806044413593, -32.930048454670057 ], [ -68.863893356624246, -32.92980180610833 ], [ -68.863955273526187, -32.929657020000491 ], [ -68.86398819448199, -32.929523830004456 ], [ -68.863988298221386, -32.929456034724915 ], [ -68.863971605030741, -32.92936930151933 ], [ -68.863928726238868, -32.929290422989276 ], [ -68.863867188353836, -32.929187874564491 ], [ -68.863701286582256, -32.928870001365411 ], [ -68.863695836344505, -32.928766725685264 ], [ -68.863714717773817, -32.928645345209532 ], [ -68.863724171763209, -32.928575983479227 ], [ -68.863733596733994, -32.928525541363094 ], [ -68.863750632703997, -32.928388392491939 ], [ -68.863732147765461, -32.928251204892298 ], [ -68.863704208936142, -32.928183379021746 ], [ -68.863683769972937, -32.92810137158807 ], [ -68.863665202979149, -32.928017789554652 ], [ -68.863635474576967, -32.92789793267945 ], [ -68.863607652654949, -32.927754034154262 ], [ -68.86359097708538, -32.927656264432095 ], [ -68.863578009104984, -32.927578995040754 ], [ -68.863578168801041, -32.927474937138896 ], [ -68.86358766389985, -32.927378772612371 ], [ -68.863589961634688, -32.927099710266596 ], [ -68.863578907989549, -32.926993275161379 ], [ -68.86356226888914, -32.926871855898355 ], [ -68.863536231571501, -32.92678353576175 ], [ -68.863506581216356, -32.926613226510597 ], [ -68.863467607180041, -32.926427534844834 ], [ -68.863437881990407, -32.926306101259023 ], [ -68.863421172355629, -32.926230798544275 ], [ -68.863430575445548, -32.926194546148636 ], [ -68.863449318635645, -32.926163033870282 ], [ -68.863462465497932, -32.926123632286213 ], [ -68.863485068665824, -32.926013292324328 ], [ -68.863522595460182, -32.925923859105239 ], [ -68.86353579549943, -32.925849771535312 ], [ -68.863554560358196, -32.925804069521334 ], [ -68.863565837653866, -32.925764665882987 ], [ -68.863558437222608, -32.925714205389617 ], [ -68.863545421146725, -32.925668468678637 ], [ -68.86352682755367, -32.925602623741604 ], [ -68.863497003298349, -32.925545832204897 ], [ -68.863461587649894, -32.925477998086436 ], [ -68.863426174477439, -32.925408587321961 ], [ -68.863403823336867, -32.925354957203176 ], [ -68.863403857252237, -32.925332884307338 ], [ -68.86341892917882, -32.925257222150378 ], [ -68.863437762995844, -32.925166586038891 ], [ -68.863449064478345, -32.925111416052225 ], [ -68.86346409758535, -32.925060980054852 ], [ -68.863482896208268, -32.924993205148432 ], [ -68.863503530360987, -32.924947505177329 ], [ -68.863526038781302, -32.924898653972583 ], [ -68.863542936415328, -32.92485137327612 ], [ -68.863563618896862, -32.924774140582514 ], [ -68.863587979750065, -32.924736327854788 ], [ -68.86362738803723, -32.924638619287599 ], [ -68.863668640896094, -32.924557073260594 ], [ -68.863694868667793, -32.924520839185121 ], [ -68.863717272900104, -32.924487313500258 ], [ -68.863715562419827, -32.924436117442355 ], [ -68.863732703940954, -32.92422959651055 ], [ -68.863795897900104, -32.924110313800298 ], [ -68.863815069236338, -32.9240739206599 ], [ -68.863922174389373, -32.923800168963616 ], [ -68.864070372420684, -32.923464506214891 ], [ -68.864154750988362, -32.9232978684187 ], [ -68.864192316895441, -32.923181632142729 ], [ -68.864286028169232, -32.923024070061821 ], [ -68.864420042400099, -32.922790471700246 ], [ -68.865029377144566, -32.921622848843668 ], [ -68.865283438900292, -32.921120963362846 ], [ -68.865462437771171, -32.920807799106612 ], [ -68.865621785698124, -32.920508803206495 ], [ -68.865836420508629, -32.920115662233741 ], [ -68.866627824509237, -32.919046759185989 ], [ -68.866909708986228, -32.918678914238775 ], [ -68.867217827974841, -32.918266556422338 ], [ -68.86740888950014, -32.918003854510623 ], [ -68.867816238162803, -32.917482812210494 ], [ -68.86798388274633, -32.917252011582526 ], [ -68.86831540973067, -32.916804595422668 ], [ -68.868446551923853, -32.916606865135883 ], [ -68.868674229273353, -32.916227528341679 ], [ -68.868745463256886, -32.916090829590964 ], [ -68.86880547506145, -32.915958454780757 ], [ -68.868942485811644, -32.915582175548352 ], [ -68.869053305657303, -32.915219664315835 ], [ -68.869130315916848, -32.914967482432104 ], [ -68.869250487337382, -32.914600250853653 ], [ -68.869398934593704, -32.914070654652249 ], [ -68.869495663327754, -32.913754639126488 ], [ -68.869535106475496, -32.913625395720807 ], [ -68.869566102806886, -32.913520187265469 ], [ -68.869622444876669, -32.913338932296405 ], [ -68.869703222613211, -32.913064680929565 ], [ -68.869778373799548, -32.912803036768089 ], [ -68.869870399142187, -32.912505935682596 ], [ -68.869927664735584, -32.912331382232516 ], [ -68.870061583000108, -32.911966469400255 ], [ -68.87009620660011, -32.911901313300241 ], [ -68.870149350700103, -32.911817691800266 ], [ -68.870248250923396, -32.911676620789571 ], [ -68.87039809701254, -32.911462352948526 ], [ -68.870831778630418, -32.910795093965234 ], [ -68.870981890300101, -32.910558263200258 ], [ -68.871061248580531, -32.91045122873193 ], [ -68.87129912502219, -32.910109342512975 ], [ -68.871917264621217, -32.909190400741096 ], [ -68.872209478481466, -32.908751210695243 ], [ -68.872346167818222, -32.908581072947115 ], [ -68.872450042787449, -32.908483821289167 ], [ -68.872625889799821, -32.908378365516597 ], [ -68.87273248949333, -32.908335904726655 ], [ -68.872954998043937, -32.908276218615057 ], [ -68.873122331357692, -32.908242096567193 ], [ -68.873391580316351, -32.908172997246453 ], [ -68.873596326567238, -32.908116839447715 ], [ -68.873751566715001, -32.908042894100554 ], [ -68.873832038409219, -32.907972026413567 ], [ -68.873919011700096, -32.907840683000295 ], [ -68.873938855435711, -32.907775447980818 ], [ -68.87393718072326, -32.907638278369319 ], [ -68.873907436245389, -32.907524730090707 ], [ -68.873901438030813, -32.907503896150942 ] ] ] } }
]
}

