{
"type": "FeatureCollection",
"name": "Cursos de Agua",
"crs": { "type": "name", "properties": { "name": "urn:ogc:def:crs:OGC:1.3:CRS84" } },
"features": [
{ "type": "Feature", "properties": { "fid": 5, "NOMBRE": "Tributarios", "VALOR": 3, "CUENCA": null, "TIPO": null, "Clase": null }, "geometry": { "type": "MultiLineString", "coordinates": [ [ [ -69.000066960119383, -32.728794538772618 ], [ -68.999950328783626, -32.728692703800483 ] ] ] } },
{ "type": "Feature", "properties": { "fid": 16, "NOMBRE": "Tributarios", "VALOR": 3, "CUENCA": null, "TIPO": null, "Clase": null }, "geometry": { "type": "MultiLineString", "coordinates": [ [ [ -68.986903474476392, -32.765486276421463 ], [ -68.986628935468261, -32.765683987834777 ], [ -68.986481481150506, -32.765714486504358 ], [ -68.986278147853454, -32.765697813232364 ], [ -68.986118641697175, -32.765666744455885 ], [ -68.985927465327208, -32.765654729029713 ], [ -68.98571696607992, -32.765755229015703 ], [ -68.985552679820003, -32.765941278947921 ], [ -68.985380861380563, -32.766116065128202 ], [ -68.985220488314042, -32.766279598043923 ], [ -68.985112298481184, -32.766349693054785 ], [ -68.984920567667373, -32.766490305698689 ], [ -68.984802027032956, -32.766636501068596 ], [ -68.984696110637984, -32.76678982444686 ], [ -68.984567346530881, -32.766939478090634 ], [ -68.984326146228739, -32.767216414838465 ], [ -68.984151949210585, -32.767420191343717 ], [ -68.983883114164399, -32.767571547153608 ], [ -68.983688166779174, -32.767697274135237 ], [ -68.983569642089819, -32.767889471340048 ], [ -68.98345866180567, -32.768153949175897 ], [ -68.983235263936649, -32.768295187412136 ], [ -68.982857221392649, -32.768384834674677 ], [ -68.982489824952097, -32.768286018861971 ], [ -68.982250501434621, -32.768090139198158 ], [ -68.98225071398592, -32.76793895884343 ], [ -68.982309743716513, -32.767849516097748 ], [ -68.982451049468239, -32.767746250400748 ], [ -68.982512312305545, -32.767642793802835 ], [ -68.982440692808325, -32.767498626256817 ], [ -68.982143828913365, -32.767506378127315 ], [ -68.981883539021794, -32.767551343820401 ], [ -68.981757812512072, -32.767651347424788 ], [ -68.981533562098463, -32.767938511432106 ], [ -68.981360700323535, -32.76820851160403 ], [ -68.981180328628554, -32.768444611515292 ], [ -68.981049928510018, -32.768652264517101 ], [ -68.980955551068888, -32.768930590420041 ], [ -68.980961595437549, -32.769198438945956 ], [ -68.980877095088189, -32.769527977689954 ], [ -68.980751015789451, -32.769829452165965 ], [ -68.980499031246978, -32.770114890156975 ], [ -68.980254634652567, -32.770268032797716 ], [ -68.980067138848128, -32.770303902128262 ], [ -68.979624990561661, -32.77007330500399 ], [ -68.979310848946454, -32.769995192579948 ], [ -68.979035918229926, -32.769975644362972 ], [ -68.978812423776006, -32.769975046787621 ], [ -68.978525323314486, -32.770064437142878 ], [ -68.978275484742909, -32.770180079187838 ], [ -68.978038678718619, -32.77037828636935 ], [ -68.97780767609764, -32.770644735134198 ], [ -68.977651528904104, -32.770881930632996 ], [ -68.977515252465636, -32.771096704311674 ], [ -68.977467963025916, -32.771437042058473 ], [ -68.977422668543383, -32.771634845221342 ], [ -68.977401343201805, -32.771850092742035 ], [ -68.977439242367581, -32.772070967781545 ], [ -68.977452862438454, -32.772238224946683 ], [ -68.977319199133859, -32.772425948246465 ], [ -68.977226683178657, -32.772588470514073 ], [ -68.976995655919779, -32.772758672515195 ], [ -68.976716774497177, -32.772929388891427 ], [ -68.976472548388827, -32.77306762228892 ], [ -68.976202636782304, -32.773129052023712 ], [ -68.975911502187714, -32.773168688366283 ], [ -68.975704086085983, -32.773184397744927 ], [ -68.975508701531197, -32.773158718262593 ], [ -68.975363458102592, -32.773091945709531 ], [ -68.975089867843451, -32.772972066240804 ], [ -68.974896310807992, -32.772948432831463 ] ] ] } },
{ "type": "Feature", "properties": { "fid": 17, "NOMBRE": "Tributarios", "VALOR": 3, "CUENCA": null, "TIPO": null, "Clase": null }, "geometry": { "type": "MultiLineString", "coordinates": [ [ [ -69.000066960119369, -32.810923772337276 ], [ -69.000040015828603, -32.810905138217493 ], [ -68.999658042955957, -32.810821710235054 ], [ -68.99926776056833, -32.810967130766045 ] ] ] } },
{ "type": "Feature", "properties": { "fid": 19, "NOMBRE": "Tributarios", "VALOR": 3, "CUENCA": null, "TIPO": null, "Clase": null }, "geometry": { "type": "MultiLineString", "coordinates": [ [ [ -69.000066960119369, -32.818179050346586 ], [ -68.999962601512934, -32.818122374995497 ], [ -68.999851001833918, -32.817747473530005 ], [ -68.999594345030374, -32.817358590883423 ] ] ] } },
{ "type": "Feature", "properties": { "fid": 20, "NOMBRE": "Tributarios", "VALOR": 3, "CUENCA": null, "TIPO": null, "Clase": null }, "geometry": { "type": "MultiLineString", "coordinates": [ [ [ -68.99808851465022, -32.837813618930412 ], [ -68.997943002103682, -32.837826749491541 ], [ -68.997770725581859, -32.837820329526863 ], [ -68.997692737133391, -32.837665942787588 ], [ -68.997720558631372, -32.837410072074015 ], [ -68.997869846220539, -32.837164004180735 ], [ -68.997848073558472, -32.836897593893902 ], [ -68.997782051904196, -32.836685557226652 ], [ -68.997526098700376, -32.836552436272143 ], [ -68.997326503411585, -32.83657074540082 ], [ -68.997090512065938, -32.836496045221942 ], [ -68.996906169756755, -32.836352924926011 ], [ -68.996784285573654, -32.836061476696337 ], [ -68.996644228249238, -32.835673394204136 ], [ -68.996632571462797, -32.835398405199712 ], [ -68.996481129137052, -32.835225871507447 ], [ -68.996246999553193, -32.835096702549279 ], [ -68.996155087918709, -32.834873580488384 ], [ -68.996111210827223, -32.834706366129488 ], [ -68.995981510651902, -32.834436665995646 ], [ -68.995817758394082, -32.834207910301352 ], [ -68.995744852672786, -32.833908118773415 ], [ -68.995534653970523, -32.833765160214483 ], [ -68.995160333010475, -32.83366849327836 ], [ -68.994864555987164, -32.833751034363779 ], [ -68.994624156164534, -32.833679922110178 ], [ -68.994501428053809, -32.833404218756385 ], [ -68.994272742158643, -32.833168937244608 ], [ -68.994018816579114, -32.832879861021965 ], [ -68.993897426300052, -32.832668341003355 ], [ -68.99380992010218, -32.832502626836543 ], [ -68.993661299154766, -32.83239504048052 ], [ -68.993367241508764, -32.832357463351514 ], [ -68.993068332625143, -32.832200835289065 ] ] ] } },
{ "type": "Feature", "properties": { "fid": 21, "NOMBRE": "Tributarios", "VALOR": 3, "CUENCA": null, "TIPO": null, "Clase": null }, "geometry": { "type": "MultiLineString", "coordinates": [ [ [ -69.000066960119369, -32.856683125605279 ], [ -68.999692377329239, -32.857100941021265 ], [ -68.999406570153866, -32.857545055880365 ], [ -68.999109473989805, -32.858010593292413 ], [ -68.998913210636502, -32.858431948284782 ], [ -68.998489984618303, -32.858936291053396 ], [ -68.99815417068173, -32.859493111275995 ], [ -68.997756013822638, -32.859997267967806 ], [ -68.997271451294566, -32.860446193450102 ], [ -68.996830100191531, -32.860624828781155 ], [ -68.996309376205858, -32.860889912339623 ], [ -68.995671301059701, -32.861002182642359 ], [ -68.995057726846028, -32.861229925371667 ], [ -68.994733322671166, -32.861556529612955 ], [ -68.99420174920057, -32.862026223013494 ], [ -68.993514337293107, -32.862539587440786 ], [ -68.992711401718466, -32.863069859489372 ], [ -68.991770315696897, -32.863630148416306 ], [ -68.991220216610415, -32.864115803644211 ], [ -68.990746269373233, -32.864442707798197 ], [ -68.990607391488211, -32.864963322304476 ], [ -68.99037017810366, -32.865356639888418 ], [ -68.990044320662108, -32.865655898047216 ], [ -68.989905039317605, -32.866225729892278 ], [ -68.989296507926781, -32.866927251911008 ], [ -68.988475986317908, -32.867386896896782 ] ] ] } },
{ "type": "Feature", "properties": { "fid": 22, "NOMBRE": "Tributarios", "VALOR": 3, "CUENCA": null, "TIPO": null, "Clase": null }, "geometry": { "type": "MultiLineString", "coordinates": [ [ [ -69.000066960119383, -32.686599076993886 ], [ -68.999999854723953, -32.68666618238931 ], [ -68.99916652139062, -32.686666182389288 ], [ -68.998333188057273, -32.68666618238931 ], [ -68.997499854723955, -32.687499515722642 ], [ -68.996666521390608, -32.688332849055961 ], [ -68.995833188057276, -32.689166182389336 ], [ -68.995833188057262, -32.689999515722654 ], [ -68.994999854723943, -32.69083284905598 ], [ -68.994166521390611, -32.691666182389298 ] ] ] } },
{ "type": "Feature", "properties": { "fid": 23, "NOMBRE": "Tributarios", "VALOR": 3, "CUENCA": null, "TIPO": null, "Clase": null }, "geometry": { "type": "MultiLineString", "coordinates": [ [ [ -68.976355327555893, -32.763493116377333 ], [ -68.976219127885173, -32.763707407165604 ], [ -68.976168914156872, -32.763821742424227 ], [ -68.976163221589857, -32.763992887942443 ], [ -68.976094855360827, -32.764191111218175 ], [ -68.975964328686572, -32.764349253906445 ], [ -68.975795880924636, -32.764469955973759 ], [ -68.975711429024045, -32.764617630307079 ], [ -68.975630781668769, -32.764765926898832 ], [ -68.975499729538541, -32.764914345843152 ], [ -68.975480782747624, -32.764984067152639 ], [ -68.97550732553411, -32.765166402608514 ], [ -68.975480927526093, -32.765266304529007 ], [ -68.975365736481507, -32.765352065980061 ], [ -68.975215787619874, -32.765461949773481 ], [ -68.975110484568916, -32.765635383293912 ], [ -68.975064182571202, -32.765765249480779 ], [ -68.975080952550073, -32.76592279774114 ], [ -68.975290744224921, -32.766359354907905 ], [ -68.97544511369162, -32.766642617368326 ], [ -68.975541437327919, -32.766745904891678 ], [ -68.97576852306095, -32.766809319986301 ], [ -68.97600077892767, -32.766790344826319 ], [ -68.976258503003535, -32.7669634927895 ], [ -68.976351434057861, -32.76717860899759 ], [ -68.976340048307165, -32.767455628586113 ], [ -68.976186896368077, -32.767754505973272 ], [ -68.975935048713666, -32.768065149651193 ], [ -68.975637078108718, -32.768313269794419 ], [ -68.975197216782604, -32.768708274494251 ], [ -68.974886830937365, -32.769129445387975 ], [ -68.974777003128565, -32.769396749228612 ], [ -68.974841684253718, -32.76964920559427 ], [ -68.975097781191764, -32.769856403109635 ], [ -68.975264182117797, -32.770110730976548 ], [ -68.975287842051713, -32.770464676802987 ], [ -68.975218819597558, -32.770701780690608 ], [ -68.974951470226699, -32.770923222686818 ], [ -68.974761458275609, -32.771278805266206 ], [ -68.974812236852287, -32.771535330439377 ], [ -68.975036028203462, -32.771793491800175 ], [ -68.975122034137314, -32.772024739979663 ], [ -68.975164530087213, -32.772389387254812 ], [ -68.975166399388542, -32.772536789455089 ], [ -68.975023040379895, -32.772806216195974 ], [ -68.974883058518415, -32.772941989565318 ] ] ] } },
{ "type": "Feature", "properties": { "fid": 24, "NOMBRE": "Tributarios", "VALOR": 3, "CUENCA": null, "TIPO": null, "Clase": null }, "geometry": { "type": "MultiLineString", "coordinates": [ [ [ -68.985041367255448, -32.817481972823813 ], [ -68.986042833902502, -32.817925581592206 ], [ -68.986869851481742, -32.818205143178659 ], [ -68.986957479178727, -32.81888112480631 ], [ -68.987520165134811, -32.81925008532523 ] ] ] } },
{ "type": "Feature", "properties": { "fid": 25, "NOMBRE": "Tributarios", "VALOR": 3, "CUENCA": null, "TIPO": null, "Clase": null }, "geometry": { "type": "MultiLineString", "coordinates": [ [ [ -69.000066960119383, -32.830870595482622 ], [ -69.000031913725877, -32.830870925133716 ] ] ] } },
{ "type": "Feature", "properties": { "fid": 26, "NOMBRE": "Tributarios", "VALOR": 3, "CUENCA": null, "TIPO": null, "Clase": null }, "geometry": { "type": "MultiLineString", "coordinates": [ [ [ -68.99927603453304, -32.810964254090827 ], [ -68.999056521349729, -32.811247922182297 ], [ -68.999080168529787, -32.811518411998399 ], [ -68.999346821158625, -32.811726451942761 ], [ -68.999748522379662, -32.812021221408116 ], [ -69.000041273057661, -32.812471414847579 ], [ -69.000066960119383, -32.812523780672663 ] ] ] } },
{ "type": "Feature", "properties": { "fid": 27, "NOMBRE": "Arroyos", "VALOR": 4, "CUENCA": null, "TIPO": null, "Clase": null }, "geometry": { "type": "MultiLineString", "coordinates": [ [ [ -69.000066960119383, -32.74759390582765 ], [ -68.999782099182355, -32.747540626924952 ], [ -68.999473862323512, -32.747477999835382 ], [ -68.999176337089168, -32.74741835888063 ], [ -68.999019753303116, -32.747342433749992 ], [ -68.99891752675012, -32.747228243683637 ], [ -68.998802435676282, -32.747043714780553 ], [ -68.998765071889636, -32.746822492345999 ], [ -68.998813537689102, -32.746644158729573 ], [ -68.998894113264072, -32.746409594190155 ], [ -68.999076372409505, -32.746208440020276 ], [ -68.999176869196489, -32.746031812502437 ], [ -68.999189562260227, -32.745842266939171 ], [ -68.999126812441219, -32.7455627254012 ], [ -68.998868310076233, -32.745308355304964 ], [ -68.998567225036695, -32.745101883585036 ], [ -68.998274375520211, -32.745065125558583 ], [ -68.99802918686278, -32.745072913503861 ], [ -68.997693532997062, -32.745118482767701 ], [ -68.997314484983647, -32.745256139223557 ], [ -68.996920784533202, -32.745488440166 ], [ -68.996474284597838, -32.745759502948793 ], [ -68.996124016222083, -32.746028139775333 ], [ -68.995911523668056, -32.746169174138679 ], [ -68.995720641809598, -32.74630497219588 ], [ -68.995566943330957, -32.746402197559739 ], [ -68.995364898593067, -32.74644904884417 ], [ -68.995114030160465, -32.746452390088891 ], [ -68.994918660283091, -32.746423551478614 ], [ -68.994684980147582, -32.746205058722907 ], [ -68.994416752976321, -32.746009176261794 ], [ -68.994142852846309, -32.745855240769664 ], [ -68.99387695986637, -32.745773632852625 ], [ -68.993665817389299, -32.745740755336598 ], [ -68.993399110461098, -32.745617066316541 ], [ -68.993097276662311, -32.745468139740403 ], [ -68.992824331083682, -32.745406956665406 ], [ -68.992646064726898, -32.745329595162247 ], [ -68.992631599322209, -32.745266206697075 ], [ -68.99261454223921, -32.745045828638446 ], [ -68.99257816191836, -32.744780426333506 ], [ -68.992578098255379, -32.744668886769375 ], [ -68.992451353158614, -32.744380123341948 ], [ -68.992406576174645, -32.744255850400904 ], [ -68.992453844482952, -32.7441285577043 ], [ -68.992610596551799, -32.743889886409434 ], [ -68.992723124368695, -32.743682968697748 ], [ -68.992779630513397, -32.743370401090743 ], [ -68.992869337506775, -32.743042516771446 ], [ -68.992895456894686, -32.742752100468763 ], [ -68.992908441398868, -32.742528278348203 ], [ -68.99290533549113, -32.742385116098973 ], [ -68.992827571650466, -32.742278343843019 ], [ -68.992699273460431, -32.742194419357581 ], [ -68.992543356152467, -32.742156334459203 ], [ -68.992332042012123, -32.742102906737223 ], [ -68.992111015447435, -32.742026249284713 ], [ -68.99203718626886, -32.741987792669626 ] ] ] } },
{ "type": "Feature", "properties": { "fid": 28, "NOMBRE": "Tributarios", "VALOR": 3, "CUENCA": null, "TIPO": null, "Clase": null }, "geometry": { "type": "MultiLineString", "coordinates": [ [ [ -69.000066960119383, -32.817095996431469 ], [ -68.999768142272316, -32.817280689464951 ], [ -68.999459732878478, -32.817420531923965 ], [ -68.999111933728955, -32.817476478299902 ], [ -68.998392217281861, -32.817597564170946 ], [ -68.997738044940689, -32.817851993195141 ], [ -68.997214485285141, -32.818048498174541 ], [ -68.996750846549006, -32.81803275191097 ], [ -68.996405795716925, -32.817938490382922 ], [ -68.99621372121598, -32.817569691894583 ], [ -68.995860545095383, -32.817606657460978 ], [ -68.995488806635493, -32.817872203743349 ], [ -68.994920642590699, -32.817817072171991 ], [ -68.994697973370506, -32.81759540175662 ], [ -68.994936116693367, -32.817275566463344 ], [ -68.994993275597281, -32.81696303805996 ], [ -68.994875283135329, -32.81657769168698 ], [ -68.994616108900729, -32.816269127381325 ], [ -68.994202158224539, -32.81587945577315 ], [ -68.99370065670243, -32.815661943144619 ], [ -68.993217184945664, -32.815492957045784 ], [ -68.992662287175193, -32.815570855892567 ], [ -68.99230551844623, -32.815916625553733 ], [ -68.991936634321078, -32.816269941533371 ], [ -68.991496247592664, -32.81671547544947 ], [ -68.990847898798435, -32.816858544203015 ], [ -68.990322092640497, -32.816923745635968 ], [ -68.989778243106969, -32.816924011275951 ], [ -68.989401799589331, -32.816924536496444 ], [ -68.989010171846132, -32.817293943874816 ], [ -68.988768915701684, -32.817968359742473 ], [ -68.988580813998396, -32.81836458094633 ], [ -68.988421870909377, -32.818732436577676 ], [ -68.988307533444583, -32.819038673954694 ], [ -68.987920435922078, -32.819162533469715 ], [ -68.987537029289896, -32.819262855104185 ] ] ] } },
{ "type": "Feature", "properties": { "fid": 31, "NOMBRE": "Tributarios", "VALOR": 3, "CUENCA": null, "TIPO": null, "Clase": null }, "geometry": { "type": "MultiLineString", "coordinates": [ [ [ -68.999957439911483, -32.728684534364184 ], [ -68.999807044916281, -32.728143044734303 ], [ -68.999724599855838, -32.727863595808429 ], [ -68.999450576238331, -32.727601933097183 ], [ -68.999090503438808, -32.727439376478223 ], [ -68.998764636790455, -32.727326843595179 ], [ -68.998508479087334, -32.727091309632755 ], [ -68.998238530009033, -32.726874577659963 ], [ -68.997808132888721, -32.726584420047288 ], [ -68.997610330546095, -32.726222905332001 ], [ -68.997402289390607, -32.725874663551998 ], [ -68.997158969152366, -32.725343404783828 ], [ -68.996949860152895, -32.724837323487748 ], [ -68.996725968166871, -32.724707162124112 ], [ -68.996529260152485, -32.724600539030853 ], [ -68.996100577279122, -32.724315170799862 ], [ -68.995719128627698, -32.724154930394732 ], [ -68.995322801256592, -32.723769910449398 ], [ -68.994707118857704, -32.723402744555742 ], [ -68.99401656463408, -32.723297799261282 ], [ -68.993499741238196, -32.72334427979149 ] ] ] } },
{ "type": "Feature", "properties": { "fid": 32, "NOMBRE": "Tributarios", "VALOR": 3, "CUENCA": null, "TIPO": null, "Clase": null }, "geometry": { "type": "MultiLineString", "coordinates": [ [ [ -69.000038355577672, -32.830862929288038 ], [ -68.999684101024584, -32.830891562334592 ], [ -68.99924035998221, -32.830908971878301 ], [ -68.998968410969653, -32.830800351224035 ], [ -68.99884756954566, -32.830563721621225 ], [ -68.998672244108178, -32.83040817726031 ], [ -68.998432700334519, -32.83042405645125 ], [ -68.998185405869492, -32.830522775406642 ], [ -68.997871574923977, -32.830477995199452 ], [ -68.997557991501878, -32.830499666762314 ], [ -68.997244700696754, -32.830621970080912 ], [ -68.996958519278564, -32.83077945417709 ], [ -68.996735885232212, -32.831000527672195 ], [ -68.996454686918952, -32.831277041003482 ], [ -68.996231425182472, -32.831457405621343 ], [ -68.995968135125565, -32.831635569333073 ], [ -68.995695583579632, -32.831747630162553 ], [ -68.995344341810764, -32.831780234633136 ], [ -68.995024812812076, -32.831590135702648 ], [ -68.994785979206171, -32.83142770952464 ], [ -68.994521503385428, -32.831367070001171 ], [ -68.994227307388954, -32.831418252999121 ], [ -68.99400779391722, -32.831376728462708 ], [ -68.99370403967832, -32.831296526189831 ], [ -68.993338474780671, -32.831388713140562 ], [ -68.993150059272992, -32.831459114557994 ], [ -68.993147120460179, -32.831637306992739 ], [ -68.993186338619836, -32.831914198463181 ], [ -68.993150973613794, -32.832033475788279 ], [ -68.993060585116396, -32.832177783597167 ], [ -68.992931996909647, -32.832230971243604 ], [ -68.992710469978846, -32.832260155745388 ], [ -68.99244677538357, -32.832220049383253 ], [ -68.992305823733233, -32.8320935346337 ], [ -68.992193582199292, -32.832020410769566 ], [ -68.992026528305061, -32.831998602447761 ], [ -68.991795849128891, -32.832033693009969 ], [ -68.99160302431379, -32.832168177322252 ], [ -68.991383470238233, -32.832252546201495 ], [ -68.991181512752931, -32.832207670187096 ], [ -68.990934246880229, -32.832280615343187 ] ] ] } },
{ "type": "Feature", "properties": { "fid": 35, "NOMBRE": "Arroyos", "VALOR": 4, "CUENCA": null, "TIPO": null, "Clase": null }, "geometry": { "type": "MultiLineString", "coordinates": [ [ [ -69.000066960119383, -32.73808269974154 ], [ -68.999746113211671, -32.738094890380097 ], [ -68.999314852410095, -32.73824252801667 ], [ -68.999122347305985, -32.738372096814331 ], [ -68.998941195702983, -32.738603648185382 ], [ -68.998654464830508, -32.738969309908015 ], [ -68.998409484979945, -32.739201497758543 ], [ -68.998109747597653, -32.739391786667255 ], [ -68.997780988654895, -32.739691539286909 ], [ -68.997697361285631, -32.740003211262554 ], [ -68.99774799971955, -32.740291914614431 ], [ -68.997687657230998, -32.740677324906876 ], [ -68.997499854723955, -32.740832849055955 ], [ -68.996777184857265, -32.741043501667221 ], [ -68.996520890902687, -32.741059723533972 ], [ -68.996221272780573, -32.741207547342036 ], [ -68.996009364562141, -32.741373772652608 ], [ -68.995919263830245, -32.741532956607259 ], [ -68.995791838372199, -32.741707282220396 ], [ -68.995637238884157, -32.741799719020392 ], [ -68.995478843905701, -32.741797502333327 ], [ -68.995332591384596, -32.741703458484729 ], [ -68.995199720061308, -32.74165122406734 ], [ -68.995085011065129, -32.741712139050762 ], [ -68.994963322828639, -32.741811787692811 ], [ -68.99477493850128, -32.741825885075798 ], [ -68.994350301581818, -32.741793805258865 ], [ -68.993896394437144, -32.741838485507103 ], [ -68.993458679171852, -32.741832856815847 ], [ -68.993205086861735, -32.741855171094741 ], [ -68.992792198652296, -32.741896575281743 ], [ -68.992553162840892, -32.741977742714525 ], [ -68.992052913428736, -32.741987010235412 ] ] ] } },
{ "type": "Feature", "properties": { "fid": 36, "NOMBRE": "Tributarios", "VALOR": 3, "CUENCA": null, "TIPO": null, "Clase": null }, "geometry": { "type": "MultiLineString", "coordinates": [ [ [ -69.000066960119383, -32.695066621118087 ], [ -68.999999854723939, -32.69499951572265 ], [ -68.99916652139062, -32.694999515722635 ], [ -68.998333188057273, -32.694166182389296 ], [ -68.997499854723955, -32.694166182389303 ], [ -68.996666521390623, -32.693332849055977 ], [ -68.995833188057276, -32.692499515722659 ], [ -68.994999854723957, -32.691666182389291 ], [ -68.994166521390611, -32.691666182389298 ] ] ] } },
{ "type": "Feature", "properties": { "fid": 37, "NOMBRE": "Tributarios", "VALOR": 3, "CUENCA": null, "TIPO": null, "Clase": null }, "geometry": { "type": "MultiLineString", "coordinates": [ [ [ -69.000066960119383, -32.905605101832265 ], [ -69.000040635695584, -32.90561072495192 ], [ -68.999973741014728, -32.905639095284286 ], [ -68.999893415859844, -32.905681575239456 ], [ -68.999702969705282, -32.905690127879637 ], [ -68.999624483717042, -32.905675357152703 ], [ -68.999575413560734, -32.905674479275106 ], [ -68.999499685417575, -32.905686780836739 ], [ -68.999450648094026, -32.905731524706987 ], [ -68.999397602635341, -32.905780722368881 ], [ -68.999337982978588, -32.905861204048136 ], [ -68.999229693020297, -32.905955275918082 ], [ -68.999173322503012, -32.905966310064208 ], [ -68.999038355598472, -32.905953276892518 ], [ -68.998836091933782, -32.905927023989918 ], [ -68.99870166167382, -32.905906024638803 ], [ -68.998589661410676, -32.905925144042364 ], [ -68.998492157484776, -32.905926070248874 ], [ -68.998415595990849, -32.905926797491311 ], [ -68.998324313811366, -32.905888707149849 ], [ -68.998016959820063, -32.905903038125665 ], [ -68.997871862642668, -32.905942530435226 ], [ -68.997800667191214, -32.905950818797194 ], [ -68.997674110915241, -32.905969511747074 ], [ -68.997499536957221, -32.905986810551134 ], [ -68.997339649966676, -32.90601913795372 ], [ -68.997214005043375, -32.906047508772545 ], [ -68.997092505726812, -32.906122495917934 ], [ -68.997002945185187, -32.906194393706528 ], [ -68.996914636395076, -32.906263807552214 ], [ -68.996792694692246, -32.906365550326285 ], [ -68.996613977042571, -32.906581389238511 ], [ -68.996463723537346, -32.906640175987015 ], [ -68.996327790448163, -32.906674535584692 ], [ -68.996278102997906, -32.906678949316643 ], [ -68.996236676217279, -32.906651859371721 ], [ -68.996197917706994, -32.906585955273876 ], [ -68.996151644743335, -32.906527111442863 ], [ -68.996074262443855, -32.906492440112956 ], [ -68.995942788042782, -32.906469901282072 ], [ -68.995828635085161, -32.906436047955872 ], [ -68.995770656855882, -32.90646937419001 ], [ -68.995738623749929, -32.906517612781791 ], [ -68.995671040226597, -32.906534689024525 ], [ -68.995587941575039, -32.90658542224395 ], [ -68.995514170206292, -32.906589201771382 ], [ -68.995448776543213, -32.906626814790449 ], [ -68.995331962058671, -32.906640876483152 ], [ -68.99525859948929, -32.906570488479879 ], [ -68.995218182026207, -32.906557896409474 ], [ -68.995170195343235, -32.906561661765245 ], [ -68.995153684565253, -32.906585644792841 ], [ -68.995143176285026, -32.90662485354801 ], [ -68.995101045063706, -32.906650803393973 ], [ -68.995045539481566, -32.906680918771556 ], [ -68.994991283350032, -32.906713725477999 ], [ -68.994959581743601, -32.906772214528296 ], [ -68.994777707006989, -32.90699086439534 ], [ -68.994730482035322, -32.907041101862063 ], [ -68.994659791957702, -32.907073485723004 ], [ -68.994630420511385, -32.907069599444235 ], [ -68.994571472158086, -32.907030552037334 ], [ -68.994512309220141, -32.907009614281634 ], [ -68.994453136052982, -32.907001648668569 ], [ -68.994414444955453, -32.907022490758955 ], [ -68.994394315300269, -32.907051302013215 ], [ -68.994433359207051, -32.907099828827363 ], [ -68.994444368645006, -32.907135255884782 ], [ -68.99443673285829, -32.907170786587535 ], [ -68.99438387581489, -32.907225161033516 ], [ -68.994327472208354, -32.907246749317125 ], [ -68.994261269285573, -32.907251242470416 ], [ -68.994202227444603, -32.907258708578148 ], [ -68.994150648548057, -32.907259866880032 ], [ -68.994078478891211, -32.907305018819414 ], [ -68.994009236119297, -32.907383992410523 ], [ -68.993848177728452, -32.90759409577565 ], [ -68.993804677346048, -32.907607843073706 ], [ -68.993749546044583, -32.907569767103176 ], [ -68.993708829334068, -32.907526046642204 ], [ -68.993600681538382, -32.907534219796396 ], [ -68.993499632841363, -32.907548009397104 ], [ -68.99336270094679, -32.907581551817643 ], [ -68.993289626617795, -32.907636337840223 ], [ -68.993245599336646, -32.907681976323516 ], [ -68.993219635463035, -32.907743349424074 ], [ -68.993186862879682, -32.907795138746501 ], [ -68.993137183155767, -32.907827410530508 ], [ -68.993052214062544, -32.90790093804447 ], [ -68.992969762869834, -32.907942348138143 ], [ -68.99290199405371, -32.908004055323502 ], [ -68.992822044758185, -32.908236431125495 ], [ -68.992791821481021, -32.908361564062993 ], [ -68.992766513022119, -32.908402012372591 ], [ -68.992712126513595, -32.908405187058079 ], [ -68.992645503861368, -32.908365029940299 ], [ -68.992638652998139, -32.908362161725599 ], [ -68.992530294394214, -32.908326238760125 ], [ -68.992224624229323, -32.908215269693073 ], [ -68.991897180188857, -32.908229562483164 ], [ -68.991643840341894, -32.908149732401093 ], [ -68.991346911070238, -32.908239521993544 ], [ -68.99123332520405, -32.908219623179576 ], [ -68.991078742371485, -32.908220924107582 ], [ -68.990981544532488, -32.908185456211022 ], [ -68.990817645939202, -32.908178841342959 ], [ -68.990662350103108, -32.908176842626311 ], [ -68.990591511926226, -32.90821868795895 ], [ -68.99055967997441, -32.908248285694768 ], [ -68.990554015988806, -32.908288883150412 ], [ -68.990479169993478, -32.908412812056881 ], [ -68.990415708522974, -32.908411570799458 ], [ -68.990410095804677, -32.90841159980917 ], [ -68.990393231581137, -32.908394374130722 ], [ -68.990344437802875, -32.908366230446653 ], [ -68.990290999183031, -32.908352218329682 ], [ -68.990231113835193, -32.908342917271753 ], [ -68.990155967984933, -32.908354253150343 ], [ -68.99012393494769, -32.90840049995407 ], [ -68.990034682901339, -32.908460195196255 ], [ -68.989751862245214, -32.908575509753362 ], [ -68.989715370141042, -32.908613290559003 ], [ -68.989634247549986, -32.90861588222095 ], [ -68.989554666894833, -32.908592301956247 ], [ -68.989491038909435, -32.9085599144002 ], [ -68.989324157494508, -32.908476512945249 ], [ -68.989219310638333, -32.908467546475343 ], [ -68.989113592928504, -32.908484980424674 ], [ -68.989006859721798, -32.908524212809411 ], [ -68.988854334911068, -32.90856061625054 ], [ -68.988752859774507, -32.908553221972873 ], [ -68.988674809019344, -32.908570766319357 ], [ -68.988610437184974, -32.90860679224393 ], [ -68.988525542428533, -32.908616188671715 ], [ -68.988382368347459, -32.908604266502579 ], [ -68.988343787955444, -32.908594564319202 ], [ -68.98825832896533, -32.908513713371626 ], [ -68.988219530662093, -32.908481657062765 ], [ -68.988120937397355, -32.908451683334015 ], [ -68.988041021747733, -32.908493510464055 ], [ -68.987958471255254, -32.908520140311808 ], [ -68.98790451277857, -32.908531064653296 ], [ -68.987889790546618, -32.908569336381063 ], [ -68.987791336271087, -32.908601856887415 ], [ -68.987706238449732, -32.908625654292713 ], [ -68.987649971254584, -32.908617557598063 ], [ -68.98758937323403, -32.908565741882974 ], [ -68.987544257042032, -32.9085399035569 ], [ -68.987450521644959, -32.908563540516788 ], [ -68.98736040494228, -32.908610190026437 ], [ -68.987269195712045, -32.908639455684003 ], [ -68.987153458964286, -32.908639026415074 ], [ -68.987068775618567, -32.908616881894851 ], [ -68.987007708496108, -32.908589487771245 ], [ -68.986786646613169, -32.908548589322365 ], [ -68.98647619745131, -32.90859171661986 ], [ -68.986095066663609, -32.908748450818216 ], [ -68.986013458784726, -32.908759215005183 ], [ -68.985935369647351, -32.908749152470079 ], [ -68.985744782138312, -32.908549910341797 ], [ -68.98561203987218, -32.908428363934519 ], [ -68.985445186902197, -32.908359498140157 ], [ -68.985359881643049, -32.908363526993654 ], [ -68.985246958414166, -32.908418655212174 ], [ -68.985171878014313, -32.908455048470593 ], [ -68.985107303504293, -32.908472158653886 ], [ -68.98484752108925, -32.90856870608868 ], [ -68.984720224268344, -32.908601326492658 ], [ -68.984600919873614, -32.908609091932597 ], [ -68.984482959416994, -32.908581971595638 ], [ -68.984368961875219, -32.908519658014761 ], [ -68.984266059515988, -32.908464842617889 ], [ -68.984172144328397, -32.90844887803356 ], [ -68.983935160055623, -32.908467620323002 ], [ -68.98378443876733, -32.908482917413238 ], [ -68.983656993197471, -32.908490473382415 ], [ -68.98356766883137, -32.908490228032953 ], [ -68.983502083741641, -32.908519930468202 ], [ -68.983184888170811, -32.908674227483743 ], [ -68.982976064119413, -32.908696891274239 ], [ -68.982765390609813, -32.908709856008784 ], [ -68.982516319246486, -32.908546663469757 ], [ -68.982426489303336, -32.908536285402427 ], [ -68.982328918923869, -32.908558759592104 ], [ -68.982047933425761, -32.908656157154503 ], [ -68.981800474013752, -32.90882753115315 ], [ -68.981577885531422, -32.908972277115794 ], [ -68.981527516530505, -32.909035696064628 ], [ -68.981514930007734, -32.909080204624573 ], [ -68.981464425180278, -32.909124696354198 ], [ -68.981461948490121, -32.90919688384016 ], [ -68.981418924455156, -32.909243664627859 ], [ -68.981400891462926, -32.909292467874252 ], [ -68.981350526587363, -32.909313363033213 ], [ -68.981282260116032, -32.909312901279129 ], [ -68.981221395823979, -32.909325291930976 ], [ -68.9811654751106, -32.909386926774381 ], [ -68.980901223596391, -32.909469707436713 ], [ -68.980761270296796, -32.90946068178966 ], [ -68.980560524756129, -32.909426112973676 ], [ -68.980441578368485, -32.909474399904283 ], [ -68.980433845786322, -32.909535060402064 ], [ -68.980439107833448, -32.909626808297638 ], [ -68.980402720286875, -32.909659226222274 ], [ -68.980334933563555, -32.909682815793097 ], [ -68.980259011214059, -32.909789762215382 ], [ -68.980194078889014, -32.909796096980692 ], [ -68.980123696677538, -32.909773832261997 ], [ -68.980037370024647, -32.909786690340368 ], [ -68.979921630323773, -32.909713266739729 ], [ -68.979818482505308, -32.90966829431877 ], [ -68.979719241830935, -32.9096607760438 ], [ -68.979634388161884, -32.909686729970851 ], [ -68.97958912462876, -32.909726495846108 ], [ -68.979562622816303, -32.909768729890253 ], [ -68.979443114745692, -32.909768065846933 ], [ -68.979349530444097, -32.909718118432551 ], [ -68.979271632273679, -32.909683807217036 ], [ -68.978985046853126, -32.909536662721003 ], [ -68.978855182577334, -32.909400586327934 ], [ -68.978634550413403, -32.909400725747446 ], [ -68.978418478970482, -32.909385077890086 ], [ -68.978190266739119, -32.909348204369408 ], [ -68.97803085294963, -32.90933912989393 ], [ -68.977947969939621, -32.909353948353235 ], [ -68.977878553785658, -32.90938047293433 ], [ -68.977791999126381, -32.909425288794701 ], [ -68.977719492643331, -32.909401384970124 ], [ -68.977637985345922, -32.909421115915293 ], [ -68.977482206921039, -32.909509685031843 ], [ -68.977414483359269, -32.909546257244429 ], [ -68.977318404498931, -32.909550058626962 ], [ -68.977213543998204, -32.909528020514401 ], [ -68.977147858417595, -32.909477515655261 ], [ -68.977016640626488, -32.909439317027491 ], [ -68.976951567425303, -32.90945975332874 ], [ -68.97686047020693, -32.909522329868878 ], [ -68.976803362063819, -32.909533555780399 ], [ -68.976712111105314, -32.90949731688049 ], [ -68.9766464386027, -32.909465983833499 ], [ -68.976568884568323, -32.909455698112339 ], [ -68.976470821219152, -32.9093979136656 ], [ -68.976391050053948, -32.909319066199529 ], [ -68.976282642511336, -32.909258592150998 ], [ -68.976194447453608, -32.909245440090409 ], [ -68.976111690915118, -32.909253595598301 ], [ -68.975933419247426, -32.909336425890388 ], [ -68.975742979776768, -32.90946097862016 ], [ -68.975639331451305, -32.909483987016962 ], [ -68.97546237092466, -32.909523350559382 ], [ -68.975321931537053, -32.909529361398647 ], [ -68.975204341998335, -32.909484245930791 ], [ -68.975076514524602, -32.909438854288346 ], [ -68.974729649234305, -32.909447331314112 ], [ -68.974543342315002, -32.909388385105508 ], [ -68.974415506031661, -32.909337291312731 ], [ -68.974280437296912, -32.909275989458436 ], [ -68.974019814730809, -32.909257284357537 ], [ -68.97393057197894, -32.909276038639632 ], [ -68.973820030079423, -32.909350224626941 ], [ -68.973649374597116, -32.909407228513842 ], [ -68.973412172897497, -32.909515907028705 ], [ -68.973236308069872, -32.909473496350131 ], [ -68.973055405138354, -32.909435875968668 ], [ -68.972934362876316, -32.909478159706772 ], [ -68.972736205717609, -32.90952489389602 ], [ -68.97237327127452, -32.909479178173996 ], [ -68.972262767025228, -32.90950653791424 ], [ -68.97222598434648, -32.909558442725391 ], [ -68.972185870836697, -32.909597410444832 ], [ -68.972130023623421, -32.909625892720143 ], [ -68.971973802870778, -32.909587922784709 ], [ -68.971740870710846, -32.909551751204134 ], [ -68.971450864535697, -32.909549391238315 ], [ -68.971280907228135, -32.909638953457275 ], [ -68.971192621464951, -32.909836979196619 ], [ -68.971077998682688, -32.90998759436004 ], [ -68.97092095491017, -32.909987697269777 ], [ -68.970727705372113, -32.910036553830246 ], [ -68.970484597032538, -32.9100654353905 ], [ -68.970197552495421, -32.910115721165219 ], [ -68.969792486870631, -32.910332044723425 ], [ -68.969605728194438, -32.910640414274383 ], [ -68.969209596699386, -32.910804023915112 ], [ -68.96876435252203, -32.91088086602484 ], [ -68.968666192840018, -32.910901063051298 ], [ -68.968552106404431, -32.911007999913608 ], [ -68.968036300924481, -32.911111820543184 ], [ -68.967852058936941, -32.911194747530438 ], [ -68.967779459629071, -32.911236308748968 ], [ -68.967448633961908, -32.911333758068956 ], [ -68.967085318631291, -32.911434419577255 ], [ -68.966897681441665, -32.911570027150432 ], [ -68.966593396101558, -32.911634137045603 ], [ -68.966494375935625, -32.911797181324879 ], [ -68.966344672877568, -32.911945413007281 ], [ -68.966212575530918, -32.912025911571185 ], [ -68.966088155960549, -32.912120691132408 ], [ -68.965861382361453, -32.912243444590352 ], [ -68.965758183063357, -32.912393613616182 ], [ -68.965641869435814, -32.912673601558978 ], [ -68.965551927002423, -32.912737016590413 ], [ -68.96540355441708, -32.912720323553209 ], [ -68.965229795981799, -32.912672101149973 ], [ -68.964988197275318, -32.912645208399617 ], [ -68.964765256965507, -32.912670975087863 ], [ -68.963922835727502, -32.912786744540597 ], [ -68.963176229862967, -32.912780411012484 ], [ -68.962190731824265, -32.91273140560984 ], [ -68.961800280747227, -32.91277443401588 ], [ -68.961460648641463, -32.91269784600216 ], [ -68.961090987864267, -32.912695834728098 ], [ -68.960888930941763, -32.912662835997793 ], [ -68.96063478093599, -32.912592005874636 ], [ -68.960085573257032, -32.912665783804584 ], [ -68.959242709865251, -32.912823153832548 ], [ -68.958279834401296, -32.913075335507614 ], [ -68.957853671384584, -32.913025684379228 ], [ -68.957768534126714, -32.912999176089592 ], [ -68.9575490743145, -32.913008904866039 ], [ -68.957195775772178, -32.913019850667894 ], [ -68.957020133962772, -32.913001750789682 ], [ -68.956876903598541, -32.912955427312269 ], [ -68.956719997806815, -32.912936927000835 ], [ -68.956545076187268, -32.912946632957286 ], [ -68.956282952170852, -32.912912531208299 ], [ -68.955970624167037, -32.912999937747031 ], [ -68.955728918993628, -32.913050524333748 ], [ -68.955623062448197, -32.912933434927773 ], [ -68.955502228504145, -32.91286461824901 ], [ -68.955274898178814, -32.912857553033348 ], [ -68.955080615802586, -32.912891323196241 ], [ -68.954849783222627, -32.913001384329199 ], [ -68.954806266821791, -32.913083442412351 ], [ -68.954787145226661, -32.913210830618219 ], [ -68.954728871076824, -32.913305663135517 ], [ -68.954670504535883, -32.913425490414433 ], [ -68.954597211386499, -32.913500226754948 ], [ -68.954524406092645, -32.913537521196012 ], [ -68.954296658045706, -32.913664097469137 ], [ -68.953964310395676, -32.913774571213658 ], [ -68.953767717005903, -32.913844549516035 ], [ -68.953739814861919, -32.91410282496075 ], [ -68.953675987238228, -32.914190840282934 ], [ -68.953516996404801, -32.91427515885529 ], [ -68.953382152610871, -32.914309296036386 ], [ -68.953034766852682, -32.914373988813807 ], [ -68.952766327767449, -32.914408580003112 ], [ -68.952421688733509, -32.914400429315599 ], [ -68.952045748480231, -32.914482633143464 ], [ -68.951929327952314, -32.914533567573294 ], [ -68.951859466139183, -32.914673044928122 ], [ -68.951799561865968, -32.914766090421928 ], [ -68.951708751252127, -32.914868188960185 ], [ -68.951576129887371, -32.914919455224712 ], [ -68.951520020177071, -32.915013966949168 ], [ -68.951443086283774, -32.915234795264013 ], [ -68.95140185713484, -32.91540293275056 ], [ -68.951329359086131, -32.915558890961982 ], [ -68.951240616616488, -32.915794462884335 ], [ -68.951168303541976, -32.91594652139927 ], [ -68.951116382760461, -32.915994494007165 ], [ -68.951001077146458, -32.916039353946665 ], [ -68.950627603298301, -32.916231535142089 ], [ -68.95032545394622, -32.916371887619626 ], [ -68.950085396410344, -32.916451700711342 ], [ -68.949895728065414, -32.916558465141392 ], [ -68.949631586475334, -32.916639157906836 ], [ -68.949253886192125, -32.916698421896562 ], [ -68.948974856072951, -32.916861409192315 ], [ -68.948877738626479, -32.916898062142067 ], [ -68.948791361981833, -32.9168985393407 ], [ -68.948618813803478, -32.916808860300293 ], [ -68.948385572226698, -32.916741967222713 ], [ -68.948205620591622, -32.916674699538277 ], [ -68.948085915134428, -32.916602412716841 ], [ -68.947957023699061, -32.916434733402035 ], [ -68.947646842150718, -32.916330463210429 ], [ -68.947163667920833, -32.916403074585801 ], [ -68.947033429397777, -32.916650584769556 ], [ -68.946887388005507, -32.916971460261131 ], [ -68.946721368915988, -32.917494482323683 ], [ -68.946580152531496, -32.917783331007037 ], [ -68.94629576866015, -32.918010572750994 ], [ -68.94592685253798, -32.918049256233857 ], [ -68.945360927753015, -32.917985275857824 ], [ -68.945119263631582, -32.917827991767588 ], [ -68.944726473893752, -32.917818326598443 ], [ -68.944521455532112, -32.917846220416237 ], [ -68.94440013768552, -32.9177953978513 ], [ -68.944316046511958, -32.917707556265839 ], [ -68.944236400644414, -32.917550021296393 ], [ -68.944216225222121, -32.917437264269658 ], [ -68.944181022923473, -32.917334167092278 ], [ -68.943980245838048, -32.917269282301795 ], [ -68.943796728372547, -32.917152208324048 ] ] ] } },
{ "type": "Feature", "properties": { "fid": 38, "NOMBRE": "Tributarios", "VALOR": 3, "CUENCA": null, "TIPO": null, "Clase": null }, "geometry": { "type": "MultiLineString", "coordinates": [ [ [ -68.990927427404401, -32.832280484933698 ], [ -68.990819624188717, -32.832470856403738 ], [ -68.990707038250804, -32.832696147153555 ], [ -68.990530790027734, -32.832923747995999 ], [ -68.990358038367773, -32.833059473989977 ], [ -68.99015367934642, -32.833196534497574 ], [ -68.989912316340721, -32.833222360838235 ], [ -68.989597736069072, -32.833212476200345 ], [ -68.989386254034073, -32.833183202073791 ], [ -68.989350410898496, -32.83307935525773 ], [ -68.989361742617021, -32.832910221081868 ], [ -68.98937823537662, -32.832655920517098 ], [ -68.989282752893089, -32.832430749804537 ], [ -68.989141464891176, -32.832239497180488 ], [ -68.9889421646714, -32.832014191454235 ], [ -68.988767900855919, -32.831836433571652 ], [ -68.988604501248844, -32.831694694995385 ], [ -68.988608365121877, -32.831487255612799 ], [ -68.988511521834809, -32.831315963035792 ], [ -68.988308990408029, -32.831211936346172 ], [ -68.988125766856413, -32.831053030355875 ], [ -68.987962626717376, -32.831047214666768 ], [ -68.987818673034141, -32.831206718626255 ], [ -68.987571056916877, -32.831333246256939 ], [ -68.987362811412524, -32.831350301211408 ], [ -68.987097189885219, -32.831248483533074 ], [ -68.986769106866987, -32.831282939112427 ], [ -68.986491399064363, -32.83128635989717 ], [ -68.986360086469773, -32.831248451868952 ], [ -68.986301191743138, -32.831085854649999 ], [ -68.98635422611811, -32.830904378436557 ], [ -68.986360126412364, -32.830694769052087 ], [ -68.986342626423195, -32.830526165559696 ], [ -68.986141282385489, -32.830380409243709 ], [ -68.985891681744391, -32.830376209006303 ], [ -68.985693587958451, -32.830482565769067 ], [ -68.985572042063751, -32.830631275500032 ], [ -68.985405311631325, -32.830677471065933 ], [ -68.985225948612594, -32.830735587777951 ], [ -68.985044451233804, -32.830700565885657 ], [ -68.984823089512503, -32.830613902633836 ], [ -68.984603340204174, -32.83058103662664 ], [ -68.984295489182813, -32.830549973054474 ], [ -68.984129022775704, -32.830509819278973 ], [ -68.983960588500622, -32.830469190682543 ] ] ] } },
{ "type": "Feature", "properties": { "fid": 39, "NOMBRE": "Arroyos", "VALOR": 4, "CUENCA": null, "TIPO": null, "Clase": null }, "geometry": { "type": "MultiLineString", "coordinates": [ [ [ -68.952238959408376, -32.862672004945999 ], [ -68.952128221732323, -32.862755941616449 ], [ -68.951911767598574, -32.862851851857819 ], [ -68.951714901428957, -32.862883306848303 ], [ -68.951564028265082, -32.862897339207407 ], [ -68.951445670357927, -32.862981791088352 ], [ -68.951302398079662, -32.863011848450626 ], [ -68.951106636644226, -32.862982548742792 ], [ -68.950929837847312, -32.862926748396895 ], [ -68.950770885002669, -32.862878719031343 ], [ -68.950630500139269, -32.862834820801552 ], [ -68.950505522795197, -32.862775743353311 ] ] ] } },
{ "type": "Feature", "properties": { "fid": 40, "NOMBRE": "Tributarios", "VALOR": 3, "CUENCA": null, "TIPO": null, "Clase": null }, "geometry": { "type": "MultiLineString", "coordinates": [ [ [ -68.9876634399332, -32.826036989937002 ], [ -68.987654585339897, -32.826193054888073 ], [ -68.987635577119264, -32.826363425564033 ], [ -68.987595116394914, -32.8264541556442 ], [ -68.987500101992964, -32.826639376802603 ], [ -68.987432511650994, -32.826726135276594 ], [ -68.987392698005124, -32.826937291618094 ], [ -68.987300773191151, -32.827029090315897 ], [ -68.987076550091189, -32.82706444616516 ], [ -68.986871935534722, -32.82704591683062 ], [ -68.986715545190279, -32.827047655493104 ], [ -68.986496708116078, -32.827022096011916 ], [ -68.98637937783154, -32.827125836334432 ], [ -68.986309616445936, -32.827283578504009 ], [ -68.986214243109714, -32.827476749300658 ], [ -68.98626960108335, -32.827587584932608 ], [ -68.986190112528718, -32.827763740420686 ], [ -68.986139051295112, -32.827922334096435 ], [ -68.98607836759723, -32.82806201053711 ], [ -68.98589987823452, -32.828092128217961 ], [ -68.985627266647114, -32.82806781531162 ], [ -68.985528418906028, -32.828179058699412 ], [ -68.985407926799724, -32.8282166562688 ], [ -68.985254091784512, -32.828145959917002 ], [ -68.985200936623471, -32.828022607294336 ] ] ] } },
{ "type": "Feature", "properties": { "fid": 41, "NOMBRE": "Tributarios", "VALOR": 3, "CUENCA": null, "TIPO": null, "Clase": null }, "geometry": { "type": "MultiLineString", "coordinates": [ [ [ -68.987506627749738, -32.819249713729114 ], [ -68.987153518477939, -32.819516752787322 ], [ -68.98703186596552, -32.819850335402236 ], [ -68.986791337579248, -32.82024209531378 ], [ -68.986506832234468, -32.820513072463136 ], [ -68.986385499160335, -32.820922529267989 ], [ -68.98617242371364, -32.821483733693974 ], [ -68.986206895292682, -32.821918899289436 ], [ -68.986249819071375, -32.822376358558941 ], [ -68.986327040704523, -32.822690201159709 ], [ -68.986323097695518, -32.823005616594742 ], [ -68.986446958013573, -32.823083586422655 ], [ -68.98666140695515, -32.823020473875097 ], [ -68.986760377716223, -32.822889459676496 ], [ -68.987014813799576, -32.822713609610652 ], [ -68.987243905714138, -32.822687479949103 ], [ -68.98760126057536, -32.822678325925459 ], [ -68.987949855298993, -32.822755771020574 ], [ -68.988235997950156, -32.82285118761061 ], [ -68.988210515722628, -32.82300741706991 ], [ -68.988179475910684, -32.823208142226946 ], [ -68.98822528234696, -32.823347132992723 ], [ -68.988296095779447, -32.823494426807208 ], [ -68.988358664061266, -32.823634386084976 ], [ -68.988569557426089, -32.823659276633656 ], [ -68.988894005822857, -32.823714530157901 ], [ -68.989006052667193, -32.823823252066873 ], [ -68.989074839736304, -32.823992271598797 ], [ -68.98911825378606, -32.824162624764391 ], [ -68.989219147383608, -32.824251058579421 ], [ -68.98947171313165, -32.824343367452641 ], [ -68.98988796113133, -32.82451575079115 ], [ -68.989964839336196, -32.824722884571813 ], [ -68.989981702256429, -32.824843695793533 ], [ -68.989961030549168, -32.824978524704861 ], [ -68.989961498131393, -32.825167247109881 ], [ -68.989797006962263, -32.82527354871705 ], [ -68.989660907470977, -32.825345228323648 ], [ -68.989438680336974, -32.82538947550259 ], [ -68.989376887059791, -32.825542854079949 ], [ -68.989211230769953, -32.825756767035344 ], [ -68.988994479000695, -32.825857503404613 ], [ -68.988819303122142, -32.825888905331496 ], [ -68.988535764110665, -32.825911957697556 ], [ -68.988249516638518, -32.825942148647911 ], [ -68.987937368147726, -32.82596331510026 ], [ -68.987660441831935, -32.826034350217405 ] ] ] } },
{ "type": "Feature", "properties": { "fid": 42, "NOMBRE": "Arroyos", "VALOR": 4, "CUENCA": null, "TIPO": null, "Clase": null }, "geometry": { "type": "MultiLineString", "coordinates": [ [ [ -69.000066960119369, -32.798127182893737 ], [ -68.999914214209326, -32.798026960736792 ], [ -68.999717422387334, -32.798050691699814 ], [ -68.999476332096748, -32.798031445187966 ], [ -68.999253749927135, -32.798021483247517 ], [ -68.9989103228327, -32.798160169923143 ], [ -68.998768099088593, -32.798310537862179 ], [ -68.998723088122858, -32.798569669997136 ], [ -68.998832601381451, -32.798774977642736 ], [ -68.998945711044456, -32.798975323262269 ], [ -68.998853388736805, -32.799243301996626 ], [ -68.998763819580631, -32.799361123843809 ], [ -68.998764413600654, -32.799496523133847 ], [ -68.998837781414224, -32.799613250405123 ], [ -68.998845990984321, -32.799768276332166 ], [ -68.998719562888169, -32.799885526596938 ], [ -68.99850683642596, -32.799945560219228 ], [ -68.998282335021557, -32.799963568700925 ], [ -68.99808612758622, -32.799918280605681 ], [ -68.998007209797606, -32.799762414646949 ], [ -68.997873001558773, -32.799630426385633 ], [ -68.997629006580155, -32.79955401235371 ], [ -68.997425850913544, -32.799554400918289 ], [ -68.997217421677703, -32.799544744001075 ], [ -68.996937126921665, -32.799525270960324 ], [ -68.996579726528509, -32.799450125782435 ] ] ] } },
{ "type": "Feature", "properties": { "fid": 44, "NOMBRE": "Tributarios", "VALOR": 3, "CUENCA": null, "TIPO": null, "Clase": null }, "geometry": { "type": "MultiLineString", "coordinates": [ [ [ -68.986585111161673, -32.783404967010696 ], [ -68.986226836620531, -32.78324766749396 ], [ -68.985902045544194, -32.783058297868052 ], [ -68.98564543375943, -32.782885159795683 ], [ -68.985150094529104, -32.782637053573524 ], [ -68.984984610927015, -32.782598591409339 ], [ -68.984815731000381, -32.782681391769742 ], [ -68.984629831515932, -32.782755525138349 ], [ -68.9843281460263, -32.782824108616396 ], [ -68.984125874112138, -32.782739539775875 ], [ -68.983988463437242, -32.782588005361362 ], [ -68.983913493009695, -32.782452932000723 ], [ -68.983838625576652, -32.782325130008488 ], [ -68.983662019248854, -32.782323606781269 ], [ -68.983342513467292, -32.782369709811533 ], [ -68.9829853708126, -32.782382926418016 ], [ -68.982649979094987, -32.78238215518099 ], [ -68.982315946731362, -32.782294996170798 ], [ -68.982013009412697, -32.78212237800723 ], [ -68.981776541412643, -32.781829905767943 ], [ -68.981696898380918, -32.781502453491903 ], [ -68.981617010779701, -32.781286389979932 ] ] ] } },
{ "type": "Feature", "properties": { "fid": 45, "NOMBRE": "Tributarios", "VALOR": 3, "CUENCA": null, "TIPO": null, "Clase": null }, "geometry": { "type": "MultiLineString", "coordinates": [ [ [ -68.987197897869237, -32.673723097146201 ], [ -68.987206470380684, -32.673478873524786 ], [ -68.987138700775631, -32.673216423181749 ], [ -68.986875553580703, -32.672852290858735 ], [ -68.986421213654026, -32.672297580344811 ] ] ] } },
{ "type": "Feature", "properties": { "fid": 46, "NOMBRE": "Tributarios", "VALOR": 3, "CUENCA": null, "TIPO": null, "Clase": null }, "geometry": { "type": "MultiLineString", "coordinates": [ [ [ -68.993671813235864, -32.723224145845258 ], [ -68.993305678409357, -32.723442675743534 ], [ -68.992851839101334, -32.723628391234939 ], [ -68.992399903958912, -32.723730775387828 ], [ -68.991793204285017, -32.723681550268253 ], [ -68.991202524782622, -32.723587030494976 ], [ -68.990606743380937, -32.723120696459119 ], [ -68.989867675422701, -32.722895346981112 ], [ -68.989009416430264, -32.722713003072904 ] ] ] } },
{ "type": "Feature", "properties": { "fid": 49, "NOMBRE": "Tributarios", "VALOR": 3, "CUENCA": null, "TIPO": null, "Clase": null }, "geometry": { "type": "MultiLineString", "coordinates": [ [ [ -68.981626417931707, -32.781291182190778 ], [ -68.981457536094339, -32.781192693974901 ], [ -68.981188652602754, -32.781077388104649 ], [ -68.980834350387966, -32.781000915212374 ], [ -68.98041729615268, -32.780989937939125 ], [ -68.980105878544663, -32.781045118869102 ], [ -68.979923493882112, -32.781188699932223 ], [ -68.97972241217083, -32.78128693852512 ], [ -68.979464989657089, -32.781361381434323 ], [ -68.97924811814768, -32.781382808009099 ], [ -68.978839710928256, -32.781317343809775 ], [ -68.978438616939798, -32.781231746027885 ], [ -68.978158940029289, -32.781199396461055 ], [ -68.977947536522038, -32.781220346033727 ], [ -68.977670525552099, -32.781289073247002 ], [ -68.977564070537042, -32.781436557077186 ], [ -68.977545216714461, -32.781650382796883 ], [ -68.977530791494061, -32.781827393266461 ], [ -68.977464879822421, -32.78209410579435 ], [ -68.977283880082851, -32.78232787860459 ], [ -68.977034511030709, -32.782487183254013 ], [ -68.976820187611395, -32.782551172063712 ], [ -68.976539290229667, -32.782460307608638 ], [ -68.97625421706222, -32.782313809366102 ], [ -68.975817897110346, -32.782152217816098 ], [ -68.97543515035845, -32.781996184899178 ], [ -68.975069060678962, -32.781892653539828 ], [ -68.974584711644439, -32.781737458423642 ], [ -68.974150856936859, -32.781532675750235 ], [ -68.973791791919936, -32.781419532792853 ], [ -68.97339520028217, -32.781237658494177 ], [ -68.972976184520064, -32.781170105259903 ], [ -68.972406459008937, -32.780980409112367 ], [ -68.971940236879036, -32.780906879451479 ], [ -68.971527245182358, -32.780904540260629 ], [ -68.971143193270052, -32.781020194736278 ], [ -68.970879246671686, -32.781079528542101 ], [ -68.970325724007523, -32.781024962713687 ], [ -68.969864121646268, -32.780982830563872 ], [ -68.969220195165164, -32.780925612740702 ], [ -68.96853638321717, -32.780801522261918 ], [ -68.967951018848083, -32.780784727010648 ], [ -68.967118275822514, -32.780882197651756 ], [ -68.966318430510825, -32.781107828395527 ], [ -68.965580666700973, -32.781520744612976 ], [ -68.965039279822662, -32.781855940320085 ], [ -68.964402361167856, -32.782301319352435 ], [ -68.963722517430782, -32.783021022938527 ], [ -68.963201948394627, -32.783950998419321 ], [ -68.96262651129264, -32.785125363446937 ], [ -68.962162993984421, -32.785473493668903 ], [ -68.961791667435918, -32.78581230417339 ], [ -68.961443549294046, -32.786220450554524 ], [ -68.961002097538994, -32.786708227766752 ], [ -68.960754418981836, -32.786975341385592 ], [ -68.960472789020258, -32.787234171352139 ], [ -68.960040667200388, -32.787393892560651 ], [ -68.95945386551935, -32.787482080913364 ], [ -68.95878611307397, -32.787624420695956 ], [ -68.958106226588626, -32.787834158114499 ], [ -68.957517312015753, -32.788070139047448 ], [ -68.956901923773245, -32.788217254836752 ], [ -68.956353971631572, -32.788429871541204 ], [ -68.955658464291588, -32.788664007837973 ], [ -68.955208937430044, -32.788921078312761 ], [ -68.954862838275616, -32.789170341765043 ], [ -68.954395627105356, -32.789412834426656 ], [ -68.9534721206402, -32.789921855620264 ], [ -68.952765984164543, -32.790319224102028 ], [ -68.952221214993287, -32.790647905721919 ], [ -68.951779047287715, -32.790910243760408 ], [ -68.951337188205628, -32.791278205593152 ], [ -68.951038892820065, -32.791758414301853 ], [ -68.950590097896139, -32.792115851205295 ], [ -68.950140361423124, -32.792548741055867 ], [ -68.949990594515256, -32.792965376168901 ], [ -68.949770291659661, -32.793810141308427 ], [ -68.949568344024328, -32.794322810404317 ], [ -68.949603307440185, -32.795211624300556 ], [ -68.949784855992434, -32.795821019156271 ], [ -68.949903202733779, -32.796284638036703 ], [ -68.949843023436301, -32.79674327377176 ], [ -68.949760670475229, -32.797150131176735 ], [ -68.949582879479692, -32.797271834936026 ], [ -68.94918759120074, -32.79733982838637 ], [ -68.948792432862774, -32.797539625068147 ], [ -68.948447330751776, -32.797886714121027 ], [ -68.9484379447902, -32.797996764021612 ], [ -68.948542179950863, -32.798167481200359 ], [ -68.948461531641769, -32.798320229397035 ], [ -68.948164718375907, -32.798363730749912 ], [ -68.948003838579623, -32.798545841387629 ], [ -68.9476897084038, -32.798768402210406 ], [ -68.947144162437709, -32.79897323850615 ], [ -68.946507692452258, -32.799232493565761 ], [ -68.945877494147695, -32.79948618396601 ], [ -68.945404804245996, -32.799760711462831 ], [ -68.944851378313302, -32.800137271330854 ], [ -68.944627211466226, -32.800496151148472 ], [ -68.944427573368444, -32.800925104900863 ] ] ] } },
{ "type": "Feature", "properties": { "fid": 50, "NOMBRE": "Arroyos", "VALOR": 4, "CUENCA": null, "TIPO": null, "Clase": null }, "geometry": { "type": "MultiLineString", "coordinates": [ [ [ -69.000066960119369, -32.993449782519392 ], [ -69.000028966992843, -32.993484082561878 ], [ -68.999819106029392, -32.9935822719263 ], [ -68.999764532133213, -32.993672983153708 ], [ -68.999739488655223, -32.993770353270612 ], [ -68.999805073482605, -32.993927314963365 ], [ -68.999731311656134, -32.99403566705147 ], [ -68.999606502902736, -32.994082354525986 ], [ -68.999425855515739, -32.994287316605146 ], [ -68.999382403808355, -32.994369428964106 ], [ -68.999247339331021, -32.994367529345908 ], [ -68.999031321294964, -32.994514258775553 ], [ -68.998812301427648, -32.994588871186416 ], [ -68.998721153048663, -32.994706221871652 ], [ -68.998696434455596, -32.99490377762195 ], [ -68.998792513323806, -32.995069196166043 ], [ -68.998768992317949, -32.995167380225311 ], [ -68.998617518196454, -32.995247451430252 ], [ -68.998445931676429, -32.995328733664373 ], [ -68.998374214092678, -32.995454288457488 ], [ -68.998342126684832, -32.995594587417337 ], [ -68.998275095190394, -32.995630649740342 ], [ -68.998097472218234, -32.995598229576913 ], [ -68.998026403634839, -32.995749034042106 ], [ -68.997775325737294, -32.995860130002676 ], [ -68.997593577211703, -32.996009608103122 ], [ -68.997463409370837, -32.996172651646511 ], [ -68.997144809432015, -32.996295083575149 ], [ -68.996875794150355, -32.996421975654414 ], [ -68.996588301562099, -32.996565283095975 ], [ -68.996477350494914, -32.996701457232909 ], [ -68.996541614398296, -32.996970325425188 ], [ -68.996540277534535, -32.997127134680213 ], [ -68.996451012839813, -32.997321393316994 ], [ -68.996375228907311, -32.997582108158717 ], [ -68.996236985279666, -32.997796714221813 ], [ -68.995998963799806, -32.997841582871771 ], [ -68.995628443202619, -32.997867896468868 ], [ -68.995358490460035, -32.998057051148557 ], [ -68.995006857047557, -32.998217481530787 ], [ -68.994654996755642, -32.998395020101739 ], [ -68.994523283827959, -32.998562094443869 ], [ -68.994245169142985, -32.99883908696237 ], [ -68.993944629926105, -32.999157855554799 ], [ -68.993669347807625, -32.999307962782858 ], [ -68.993368157480063, -32.999382929600877 ], [ -68.993143335366199, -32.999368152408543 ], [ -68.992818357093796, -32.999580766431428 ], [ -68.99247092572935, -32.999831387910227 ], [ -68.992024371740271, -33.000054891382682 ] ] ] } },
{ "type": "Feature", "properties": { "fid": 53, "NOMBRE": "Tributarios", "VALOR": 3, "CUENCA": null, "TIPO": null, "Clase": null }, "geometry": { "type": "MultiLineString", "coordinates": [ [ [ -68.989025614640312, -32.722699377562293 ], [ -68.988415861590582, -32.722770145722002 ], [ -68.987784489061227, -32.722927916036333 ], [ -68.986894423777883, -32.723333005866039 ], [ -68.98610509328455, -32.723570610899138 ], [ -68.985600148049002, -32.723621802312969 ], [ -68.985061002025333, -32.723433801742388 ], [ -68.984639039930101, -32.723408826588944 ], [ -68.984121617773894, -32.723429700477482 ], [ -68.983903755917439, -32.723487853703325 ], [ -68.983633578837527, -32.723637812057589 ] ] ] } },
{ "type": "Feature", "properties": { "fid": 55, "NOMBRE": "Tributarios", "VALOR": 3, "CUENCA": null, "TIPO": null, "Clase": null }, "geometry": { "type": "MultiLineString", "coordinates": [ [ [ -68.987116294025057, -32.857370236484762 ], [ -68.987146547802325, -32.857645030030064 ], [ -68.987218832434351, -32.85794737087717 ], [ -68.987294787115658, -32.858242767672706 ], [ -68.987362196812413, -32.858447864036869 ], [ -68.987457082331318, -32.858510817607822 ], [ -68.987474656878561, -32.858643645515713 ], [ -68.98752686466392, -32.858772040850489 ], [ -68.987608159530907, -32.859114633055796 ], [ -68.987701729622998, -32.859281050571568 ], [ -68.987755962608048, -32.859382821826962 ], [ -68.987755476058297, -32.859521335867598 ], [ -68.987883393185399, -32.859651972306303 ], [ -68.98787557854267, -32.859948498827443 ], [ -68.987894875804216, -32.860167328215688 ], [ -68.987869130627999, -32.860447170499128 ], [ -68.987970510039816, -32.860582112620804 ], [ -68.988069056270632, -32.860689228449871 ], [ -68.988112082619978, -32.861017820256393 ], [ -68.988038887780945, -32.861328027893471 ], [ -68.987949251029775, -32.861657590499441 ], [ -68.987913191903118, -32.861979509296177 ], [ -68.987771068751726, -32.862413350399585 ], [ -68.987683721684675, -32.862635856133004 ], [ -68.987678593436286, -32.863045588523867 ], [ -68.987774365978012, -32.863469015661821 ], [ -68.988022701548232, -32.863863613538115 ], [ -68.988116639394292, -32.864113776310987 ], [ -68.988316405583049, -32.86422449457416 ], [ -68.988466431448956, -32.864590321184984 ], [ -68.988528741821682, -32.864913996847292 ], [ -68.988560663135999, -32.865191869593787 ], [ -68.988615038318571, -32.865547534567469 ], [ -68.98879848219228, -32.865726706495551 ], [ -68.988863707786081, -32.865949600267953 ], [ -68.988858304112199, -32.866196957736996 ], [ -68.988817342247955, -32.866474239789952 ], [ -68.988687532182155, -32.867013319988899 ], [ -68.988431825832905, -32.867384095221567 ], [ -68.987997676730316, -32.867624932465965 ], [ -68.987407057367932, -32.867930612428204 ], [ -68.987095809371866, -32.868108620547041 ], [ -68.986784786892855, -32.868459713492982 ], [ -68.986555327631748, -32.868623447816795 ], [ -68.986182372144796, -32.868731925848053 ], [ -68.985739814717917, -32.868961123467891 ], [ -68.985317908610995, -32.869182635552214 ], [ -68.984982289128908, -32.869568782375367 ], [ -68.984558873436612, -32.869854099688283 ], [ -68.983738032899296, -32.870138385624522 ], [ -68.983275753040985, -32.870409052574772 ], [ -68.98288013761109, -32.870568436552738 ], [ -68.982651535221493, -32.870680924891168 ], [ -68.98233437329587, -32.870848877839492 ], [ -68.98221551418645, -32.870952040205822 ], [ -68.982031475356038, -32.871057225772219 ], [ -68.981863823038196, -32.871214064870436 ], [ -68.981688036567007, -32.871329110917436 ] ] ] } },
{ "type": "Feature", "properties": { "fid": 56, "NOMBRE": "Tributarios", "VALOR": 3, "CUENCA": null, "TIPO": null, "Clase": null }, "geometry": { "type": "MultiLineString", "coordinates": [ [ [ -68.994166521390611, -32.691666182389298 ], [ -68.993333188057264, -32.691666182389298 ], [ -68.992499854723945, -32.691666182389312 ], [ -68.991666521390613, -32.691666182389284 ], [ -68.99083318805728, -32.691666182389298 ] ] ] } },
{ "type": "Feature", "properties": { "fid": 60, "NOMBRE": "Tributarios", "VALOR": 3, "CUENCA": null, "TIPO": null, "Clase": null }, "geometry": { "type": "MultiLineString", "coordinates": [ [ [ -68.985512502293815, -32.82502770737684 ], [ -68.985447957236133, -32.825439347969748 ], [ -68.985295562577932, -32.825839625673211 ], [ -68.985157942155809, -32.826003229111173 ], [ -68.985066987548578, -32.826186173691639 ], [ -68.984914265583797, -32.826417291401995 ], [ -68.98482681438243, -32.826690104904877 ], [ -68.984851877786426, -32.826897145165191 ], [ -68.98492965164543, -32.827084152950214 ], [ -68.984951057768825, -32.827150161076403 ], [ -68.984862900397047, -32.827300242926675 ], [ -68.984912424542443, -32.827430806203765 ], [ -68.985078735573722, -32.827519802882506 ], [ -68.985152746513037, -32.82768005601784 ], [ -68.985234765330574, -32.827847952028257 ], [ -68.985202477142323, -32.828012591674025 ] ] ] } },
{ "type": "Feature", "properties": { "fid": 62, "NOMBRE": "Arroyos", "VALOR": 4, "CUENCA": null, "TIPO": null, "Clase": null }, "geometry": { "type": "MultiLineString", "coordinates": [ [ [ -68.996578657580827, -32.799439865043119 ], [ -68.996479258765547, -32.799341955396301 ], [ -68.996394654496996, -32.799167393005575 ], [ -68.996298429629405, -32.798929795601403 ], [ -68.996211525804455, -32.798720769691279 ], [ -68.995991839716368, -32.79854467735904 ], [ -68.995817057009106, -32.798468001011244 ], [ -68.995684706672137, -32.798477343523366 ], [ -68.995486952052147, -32.798420078106332 ], [ -68.99534910244779, -32.798311048046457 ], [ -68.995072145112047, -32.798100449202323 ], [ -68.994792978874898, -32.79791615054063 ], [ -68.994605801207811, -32.797773219561648 ], [ -68.994242304910458, -32.797641927074842 ], [ -68.993908427001458, -32.797500327361846 ], [ -68.993527828796928, -32.797409569058267 ], [ -68.993342815063286, -32.797388486728281 ], [ -68.99312732060308, -32.797475757931075 ], [ -68.992820642353109, -32.797681695026228 ], [ -68.992463773374624, -32.797797226772175 ], [ -68.992188413343897, -32.797877910074533 ], [ -68.991911803221427, -32.797959012487446 ], [ -68.991607114871172, -32.798010026818261 ], [ -68.991440394567803, -32.798043954667321 ], [ -68.991188009542398, -32.798032939320841 ], [ -68.991018499584698, -32.797960737146113 ], [ -68.990877026998021, -32.797807057904883 ], [ -68.990761377333456, -32.797565141492974 ], [ -68.99060288804543, -32.797465508960869 ], [ -68.9904382424766, -32.79733005656994 ], [ -68.990212571486296, -32.797238831624597 ], [ -68.989947308392573, -32.797000946834068 ], [ -68.989762164167246, -32.796844999113866 ], [ -68.989516229682792, -32.796631642736628 ], [ -68.989351521076372, -32.796345567208206 ], [ -68.989195043024438, -32.796185712083549 ], [ -68.988866747285954, -32.79600779889774 ], [ -68.988650295476205, -32.795762803459866 ], [ -68.988508926626096, -32.795534164921349 ], [ -68.988215967206912, -32.795394999138665 ], [ -68.98795268594607, -32.795328818732415 ], [ -68.987674468247747, -32.795270201170574 ], [ -68.987390368126341, -32.795202706287618 ], [ -68.986996462883766, -32.795121778514329 ], [ -68.98673073497153, -32.795047181308036 ], [ -68.986441132365229, -32.794821012718856 ], [ -68.985898640433717, -32.794581309187848 ], [ -68.985509572763164, -32.794379179113641 ] ] ] } },
{ "type": "Feature", "properties": { "fid": 63, "NOMBRE": "Tributarios", "VALOR": 3, "CUENCA": null, "TIPO": null, "Clase": null }, "geometry": { "type": "MultiLineString", "coordinates": [ [ [ -69.000066960119369, -32.86566665030854 ], [ -68.999874037143925, -32.865797597704663 ], [ -68.999551380226393, -32.866129701208543 ], [ -68.999086165755898, -32.866305125865026 ], [ -68.998346383865623, -32.866299076842544 ], [ -68.99797278519749, -32.866408787408261 ], [ -68.997489124447029, -32.866670122772362 ], [ -68.997054910500438, -32.866873225165797 ], [ -68.996839212704032, -32.866928798989946 ], [ -68.996411761366929, -32.866759312558493 ], [ -68.995856785020081, -32.866660125920042 ], [ -68.995343681456845, -32.866634359631661 ], [ -68.994869182112666, -32.866847371253094 ], [ -68.994351795501672, -32.867022778081513 ], [ -68.99402310423595, -32.866921338425996 ], [ -68.993783813528893, -32.866972328891968 ], [ -68.993530810713764, -32.867266425226333 ], [ -68.99297156074357, -32.867445090714597 ], [ -68.992650735199533, -32.867776020236505 ], [ -68.992390051661687, -32.868084797997582 ], [ -68.991631567644731, -32.868205474988777 ], [ -68.99105614884904, -32.868334922967328 ], [ -68.990562806121716, -32.868182698634506 ], [ -68.990123278162471, -32.868275279099031 ], [ -68.989924318212189, -32.868486935610314 ], [ -68.989811038106268, -32.868657364155823 ], [ -68.989243513876858, -32.868695739659934 ], [ -68.988869617128827, -32.868941500290475 ], [ -68.988294023427898, -32.868972328359597 ], [ -68.987743393898626, -32.869048050674515 ], [ -68.986931278603976, -32.869176692596547 ], [ -68.986281453059505, -32.869056477278143 ], [ -68.985751518190256, -32.869258906460786 ], [ -68.985162066944596, -32.869410505195681 ] ] ] } },
{ "type": "Feature", "properties": { "fid": 65, "NOMBRE": "Tributarios", "VALOR": 3, "CUENCA": null, "TIPO": null, "Clase": null }, "geometry": { "type": "MultiLineString", "coordinates": [ [ [ -68.984128232354266, -32.728821215508681 ], [ -68.984076940517554, -32.72868721079778 ], [ -68.98400445671848, -32.728556912732884 ], [ -68.983862386678126, -32.728460309195015 ], [ -68.98373764424413, -32.72840970334385 ], [ -68.983596780066819, -32.728423996970399 ], [ -68.983518555974172, -32.728472791763814 ], [ -68.983457422627396, -32.728522371449195 ], [ -68.983307808968931, -32.728512067335814 ], [ -68.983178178813347, -32.728463484628598 ], [ -68.983152381660119, -32.728400063957977 ], [ -68.983186097657907, -32.728318415883656 ], [ -68.983253340150114, -32.728271566889653 ], [ -68.983271998196372, -32.72821305456845 ], [ -68.983250195283901, -32.728162969625387 ], [ -68.98315915802273, -32.728117843805457 ], [ -68.983047898430428, -32.728037506245975 ], [ -68.982839194757858, -32.727964895342801 ], [ -68.982615025132475, -32.727918601737578 ], [ -68.982497587422444, -32.72794462924216 ], [ -68.982352484915765, -32.727949586271698 ], [ -68.982177456202407, -32.727941507422322 ], [ -68.982043716976634, -32.727841612126674 ], [ -68.982007963115976, -32.727725672279739 ], [ -68.981896790626749, -32.727588411635935 ], [ -68.981802093824925, -32.727493443678114 ], [ -68.981713238403032, -32.727469027554577 ], [ -68.981589302630297, -32.72744733949483 ], [ -68.981466600648588, -32.727454379393649 ], [ -68.981295344023323, -32.727496032466938 ], [ -68.981070757944252, -32.727493262634709 ], [ -68.980930917275714, -32.727440439170024 ], [ -68.980805365138579, -32.727379389073519 ], [ -68.980661600971686, -32.727246176945961 ], [ -68.980528079433469, -32.727169166880486 ], [ -68.980392602028687, -32.727080558106188 ], [ -68.980305495260225, -32.727050449955733 ], [ -68.980160260577094, -32.727046393601817 ], [ -68.980085043721544, -32.727051336694515 ], [ -68.980018552956167, -32.727010893285787 ], [ -68.979955890927513, -32.726970137016117 ], [ -68.979862959594257, -32.726957749245329 ], [ -68.979764833355944, -32.727036649035618 ], [ -68.979641122861523, -32.727101007570937 ], [ -68.979538799057082, -32.727136653981887 ], [ -68.979441219858586, -32.727245182240651 ], [ -68.979274303990508, -32.727299041837604 ], [ -68.979170540853886, -32.727313304551586 ], [ -68.979027170700732, -32.727389762850883 ], [ -68.978890615688044, -32.727457424292922 ], [ -68.978727475399708, -32.727499083792651 ], [ -68.978571638190914, -32.727497073221699 ], [ -68.978423463905827, -32.727436233015744 ], [ -68.978296922428385, -32.727469710802708 ], [ -68.978094372484222, -32.727471374767859 ], [ -68.977932410440459, -32.727481335692815 ] ] ] } },
{ "type": "Feature", "properties": { "fid": 66, "NOMBRE": "Tributarios", "VALOR": 3, "CUENCA": null, "TIPO": null, "Clase": null }, "geometry": { "type": "MultiLineString", "coordinates": [ [ [ -68.99083318805728, -32.691666182389298 ], [ -68.989597308624923, -32.691654967920641 ], [ -68.988954465611513, -32.691833631490049 ], [ -68.988253727789427, -32.692225305589567 ], [ -68.987551725112851, -32.692847295790834 ], [ -68.98705403612361, -32.693415530648849 ], [ -68.986578091234037, -32.693769952093454 ] ] ] } },
{ "type": "Feature", "properties": { "fid": 68, "NOMBRE": "Tributarios", "VALOR": 3, "CUENCA": null, "TIPO": null, "Clase": null }, "geometry": { "type": "MultiLineString", "coordinates": [ [ [ -68.974893742689474, -32.772946650331683 ], [ -68.974529640582247, -32.773073943193616 ], [ -68.974051808061319, -32.773326077153968 ], [ -68.973650677893858, -32.773665591747402 ], [ -68.973213744196499, -32.773988245105691 ], [ -68.972889186194038, -32.774565930308185 ], [ -68.972761155848502, -32.775280127811889 ], [ -68.972650779172724, -32.775563024350809 ], [ -68.972589463474307, -32.775817041538666 ], [ -68.972574840409521, -32.776069805013968 ], [ -68.972548885408628, -32.776535006653006 ], [ -68.972524942702307, -32.776688245941855 ], [ -68.972493065932639, -32.776795732723535 ], [ -68.972269941863971, -32.776957427361111 ], [ -68.971836061138504, -32.777160121486943 ], [ -68.971396771746456, -32.777336629615242 ] ] ] } },
{ "type": "Feature", "properties": { "fid": 69, "NOMBRE": "Tributarios", "VALOR": 3, "CUENCA": null, "TIPO": null, "Clase": null }, "geometry": { "type": "MultiLineString", "coordinates": [ [ [ -68.983626139401863, -32.723644060953546 ], [ -68.983571088150626, -32.723762149306133 ], [ -68.983489729328369, -32.723847588487395 ], [ -68.98338599897356, -32.723916721411292 ], [ -68.983151880474225, -32.724109893083565 ], [ -68.9829955785236, -32.72435336761081 ], [ -68.982950412884335, -32.724680873523184 ], [ -68.982892514927499, -32.724810469502245 ], [ -68.982729040377066, -32.725025281197468 ], [ -68.982663078396996, -32.725158120556351 ], [ -68.982608762008184, -32.725391205025154 ], [ -68.982601762282201, -32.725548368328838 ], [ -68.982582102450635, -32.725726544573817 ], [ -68.982539278951165, -32.725842366619936 ], [ -68.982406811869609, -32.725948376387329 ], [ -68.982080182614013, -32.726133200723901 ], [ -68.981739639858816, -32.726313460464283 ], [ -68.981658592808955, -32.726364819002264 ], [ -68.98156953542474, -32.726412900665665 ], [ -68.98138367887907, -32.726451916373513 ], [ -68.981189597702468, -32.726507847868497 ], [ -68.980955435433543, -32.726559471577175 ], [ -68.980790783120568, -32.726556480818154 ], [ -68.98060644621664, -32.726460486747193 ], [ -68.980439180337285, -32.726421150080867 ], [ -68.98028110450376, -32.726435618277073 ], [ -68.979857326293185, -32.726508389892579 ], [ -68.97945180369166, -32.726548349713262 ], [ -68.979100993802234, -32.726685245585493 ], [ -68.978864082793606, -32.726799809189558 ], [ -68.978574025458144, -32.726976169445756 ], [ -68.978403559092072, -32.727131381388681 ], [ -68.977923635558966, -32.727478382042484 ] ] ] } },
{ "type": "Feature", "properties": { "fid": 70, "NOMBRE": "Tributarios", "VALOR": 3, "CUENCA": null, "TIPO": null, "Clase": null }, "geometry": { "type": "MultiLineString", "coordinates": [ [ [ -69.000066960119369, -32.874699970003448 ], [ -69.000010895911089, -32.874702190088399 ], [ -68.999579141427262, -32.874897614612422 ], [ -68.999289917357402, -32.875189281936485 ], [ -68.998802635026934, -32.875319534798891 ], [ -68.998050954546315, -32.875352097307378 ], [ -68.996656548103218, -32.875203277263971 ], [ -68.995746729545814, -32.875049955479554 ], [ -68.995150066520438, -32.87494836026324 ], [ -68.994377006029339, -32.874866727387847 ], [ -68.993519663828536, -32.874794700918244 ], [ -68.992596753076029, -32.874598658965432 ], [ -68.991838981143559, -32.874448412433324 ], [ -68.990991933501235, -32.874375878111927 ], [ -68.990106041606808, -32.874317430742643 ], [ -68.98919105576546, -32.874433714949426 ], [ -68.988352482276525, -32.874469288533042 ], [ -68.987428406042454, -32.874463035941773 ], [ -68.986543969357996, -32.87451297479582 ], [ -68.985897482547514, -32.874625568936906 ], [ -68.985074231655702, -32.874554518304272 ], [ -68.984201723619023, -32.874285991737104 ], [ -68.983590634915259, -32.874179458071858 ] ] ] } },
{ "type": "Feature", "properties": { "fid": 71, "NOMBRE": "Tributarios", "VALOR": 3, "CUENCA": null, "TIPO": null, "Clase": null }, "geometry": { "type": "MultiLineString", "coordinates": [ [ [ -68.985194034823593, -32.828033021671963 ], [ -68.985045117118858, -32.827889393028187 ], [ -68.984780899492478, -32.827864192815397 ], [ -68.984588138139799, -32.827951165251946 ], [ -68.984444619709777, -32.828117985295314 ], [ -68.984226896571215, -32.828240463084626 ], [ -68.984121078459651, -32.828299716946795 ], [ -68.984004789265384, -32.828394803092834 ], [ -68.983854467260429, -32.828424369286076 ], [ -68.983750777344483, -32.828425498489352 ], [ -68.983658985531306, -32.82848942281565 ], [ -68.983687455356161, -32.828606938252307 ], [ -68.983740080315187, -32.828701724089768 ], [ -68.983983821225181, -32.82881736240914 ], [ -68.984085923758357, -32.828940935408369 ], [ -68.984136237368531, -32.829030099726218 ], [ -68.984129263492306, -32.829092989362323 ], [ -68.984050273691793, -32.829112196093085 ], [ -68.983978000909531, -32.829191623990504 ], [ -68.983892190397938, -32.829334811971798 ], [ -68.983982556340237, -32.829484352856667 ], [ -68.984127140873667, -32.829563498280017 ], [ -68.984235651126284, -32.829707104850399 ], [ -68.984264012706774, -32.82985253291946 ], [ -68.984224148698502, -32.829967862029726 ], [ -68.984201699539611, -32.830122291628918 ], [ -68.984149221288263, -32.830255091665684 ], [ -68.984051153560287, -32.830357969279021 ], [ -68.983991037224897, -32.830430986692235 ], [ -68.983945179498022, -32.830471410041824 ], [ -68.983869076792104, -32.830490513419235 ] ] ] } },
{ "type": "Feature", "properties": { "fid": 74, "NOMBRE": "Tributarios", "VALOR": 3, "CUENCA": null, "TIPO": null, "Clase": null }, "geometry": { "type": "MultiLineString", "coordinates": [ [ [ -68.971405044457512, -32.777326383503464 ], [ -68.971193725783024, -32.777402333800559 ], [ -68.971069101947435, -32.777408418621846 ], [ -68.97089811444016, -32.777315175172845 ], [ -68.970630632429248, -32.777087139426129 ], [ -68.970463746307189, -32.777043148328517 ], [ -68.970223416289002, -32.777041418380868 ], [ -68.969991434760018, -32.777076509558192 ], [ -68.969819229243797, -32.777111926993847 ], [ -68.969674194564007, -32.777075214522419 ], [ -68.969537592527516, -32.776956550526826 ], [ -68.969205116056457, -32.77685683393679 ], [ -68.969076924837523, -32.776845198040874 ], [ -68.968896093646293, -32.776866189852193 ], [ -68.968713777208492, -32.776994362846764 ], [ -68.968377895309004, -32.777226538515549 ], [ -68.968270299093206, -32.777387544778641 ], [ -68.968148562141479, -32.777511906211593 ], [ -68.967956591814158, -32.777630727269688 ], [ -68.967668855546435, -32.777752658287476 ], [ -68.967431021297983, -32.77785205732976 ], [ -68.967171178268515, -32.778179687180327 ], [ -68.96698498480994, -32.778619809693744 ], [ -68.966856180316626, -32.778981302985017 ], [ -68.966698597487891, -32.779354638427805 ], [ -68.966357460254756, -32.779756092058896 ], [ -68.965946449245109, -32.780080274409386 ], [ -68.965595000547097, -32.78042327933634 ], [ -68.965300140645525, -32.780914828732456 ], [ -68.965130350209179, -32.781333312933846 ], [ -68.964907806308034, -32.781823565150546 ], [ -68.964796908241809, -32.782009212811815 ] ] ] } },
{ "type": "Feature", "properties": { "fid": 75, "NOMBRE": "Tributarios", "VALOR": 3, "CUENCA": null, "TIPO": null, "Clase": null }, "geometry": { "type": "MultiLineString", "coordinates": [ [ [ -68.977927918671668, -32.727478424153638 ], [ -68.97784096139587, -32.7275582056917 ], [ -68.97761685232777, -32.727624830695589 ], [ -68.977242292782151, -32.727674429942581 ], [ -68.97692750895105, -32.727782432228835 ], [ -68.97667736537754, -32.727908768765595 ], [ -68.976237109371894, -32.728124975091994 ], [ -68.97596514449674, -32.728348257986113 ], [ -68.975841048236802, -32.72872542336718 ], [ -68.975856238298505, -32.729158044794886 ], [ -68.975840908404564, -32.729367590220207 ], [ -68.975802806985669, -32.729510181682507 ], [ -68.975719300652045, -32.729608434519101 ], [ -68.975544514285957, -32.72979914283038 ], [ -68.975435156590791, -32.729876235218555 ], [ -68.975209785548884, -32.729941284137553 ], [ -68.975031654909671, -32.730000783672203 ], [ -68.974710625598249, -32.730164786033079 ], [ -68.974331438199997, -32.730314943834841 ], [ -68.974094362789529, -32.730447413979604 ], [ -68.97384972525694, -32.730621852943486 ], [ -68.97359187227967, -32.730803715862628 ], [ -68.973346508170408, -32.731045311333872 ], [ -68.973128221933436, -32.731396275684119 ], [ -68.972842200356098, -32.731759702452443 ], [ -68.972615355372795, -32.732145704956046 ], [ -68.97246289400762, -32.732344416649241 ], [ -68.972230040321193, -32.732547597311857 ], [ -68.971967789450844, -32.732735960646529 ], [ -68.971491635982545, -32.732998449884519 ], [ -68.971153092984011, -32.733082722150129 ], [ -68.970855280883185, -32.733344084656444 ], [ -68.970674922195826, -32.73351147624404 ], [ -68.970586719364192, -32.733657538418782 ], [ -68.970558055682801, -32.733866859059773 ], [ -68.970464060749748, -32.734040071013766 ], [ -68.970391179890555, -32.734222870705821 ] ] ] } },
{ "type": "Feature", "properties": { "fid": 77, "NOMBRE": "Tributarios", "VALOR": 3, "CUENCA": null, "TIPO": null, "Clase": null }, "geometry": { "type": "MultiLineString", "coordinates": [ [ [ -68.989619250621558, -32.850032219886074 ], [ -68.989472853487399, -32.850214770632988 ], [ -68.989398159056705, -32.850409842059882 ], [ -68.989442425209234, -32.850565840369399 ], [ -68.989267743806167, -32.850754109030333 ], [ -68.988964189085038, -32.850764947249878 ], [ -68.988629044711061, -32.850853965377347 ], [ -68.988444401375844, -32.851055037224192 ], [ -68.98833557481764, -32.851279542139658 ], [ -68.988109668540716, -32.851373241330364 ], [ -68.987806912745725, -32.851344235635032 ], [ -68.987498601338629, -32.851352275312962 ], [ -68.987178957630462, -32.85143284933875 ], [ -68.986880494945154, -32.851613912624209 ], [ -68.986706830481836, -32.851842782796595 ], [ -68.986587970578356, -32.852113854785003 ], [ -68.98651446672848, -32.85233255947346 ], [ -68.98640671270735, -32.852518383419138 ], [ -68.986190744824398, -32.85266197699238 ], [ -68.98602510989933, -32.852666093206551 ], [ -68.985905267915186, -32.852619965704761 ], [ -68.985680659141806, -32.852632888024978 ], [ -68.985406123440555, -32.852689898462479 ], [ -68.985153891735763, -32.85268893758824 ], [ -68.984931972580952, -32.852797928797038 ], [ -68.98462938904342, -32.852919348804683 ], [ -68.984509679431866, -32.853090179555615 ], [ -68.984239422492877, -32.853165113218061 ], [ -68.984021225827149, -32.853293228985166 ], [ -68.983868743064974, -32.85343616296624 ], [ -68.983613055795658, -32.853638178053757 ], [ -68.983456582478283, -32.853797165065892 ], [ -68.983302183779159, -32.854021207823401 ], [ -68.983042709936839, -32.854178715450395 ], [ -68.982648767493288, -32.854294563711555 ], [ -68.982264310014457, -32.854346111896099 ], [ -68.981944654554297, -32.85440891812619 ], [ -68.981714833518566, -32.85454297401202 ], [ -68.981574138763818, -32.854852578575979 ], [ -68.981539322252971, -32.854976944955162 ], [ -68.981523067854525, -32.855238400300983 ], [ -68.981360467979499, -32.855462717264594 ], [ -68.981161096269403, -32.855646975968398 ], [ -68.980875302577758, -32.855848136770263 ], [ -68.980512584830805, -32.856005817730072 ], [ -68.980136430133797, -32.856145173031337 ], [ -68.979930704391052, -32.856236416048532 ], [ -68.979639947861202, -32.856190379117216 ], [ -68.979251699346221, -32.856369219317813 ], [ -68.978974474751766, -32.856676168349551 ], [ -68.978631854268031, -32.856981676566193 ], [ -68.97849199204137, -32.857132684642117 ], [ -68.978162302736905, -32.85724519879804 ], [ -68.977850135800225, -32.857348153806761 ], [ -68.977628771751071, -32.85745704609451 ], [ -68.977398892941551, -32.857472719869648 ], [ -68.977099071608151, -32.857432115863205 ], [ -68.976906741352991, -32.85744987963038 ], [ -68.976741996510171, -32.857561030856118 ], [ -68.976519753855911, -32.857709271108519 ], [ -68.976332772770263, -32.857796717273885 ], [ -68.976183021125536, -32.857906540246006 ], [ -68.975989898844887, -32.857995764124546 ], [ -68.975613470268115, -32.85806911750548 ], [ -68.975229106305449, -32.858133219714382 ], [ -68.974922792043216, -32.858249774842598 ], [ -68.974668039111748, -32.858447347650042 ], [ -68.974480870749318, -32.858719333543789 ], [ -68.974207162683911, -32.859019405495417 ], [ -68.973861252718933, -32.859305244756932 ], [ -68.973432712601891, -32.859765633475526 ], [ -68.973100232465356, -32.860181401816497 ], [ -68.972778872395679, -32.860495257330442 ], [ -68.972242709493031, -32.860692545727531 ], [ -68.971779393242684, -32.861028855735988 ], [ -68.971605227818515, -32.861106967540344 ], [ -68.971190318234463, -32.861114179538447 ], [ -68.970909947621664, -32.861295076903268 ], [ -68.970780656268602, -32.861430044297862 ], [ -68.970471690284754, -32.861521887038251 ], [ -68.970198729065572, -32.861594682173077 ], [ -68.969944477517274, -32.861803966600597 ], [ -68.969612951230417, -32.861782242314945 ], [ -68.969221485019901, -32.861926085009998 ], [ -68.968833775005749, -32.861944677941032 ], [ -68.968408341743938, -32.861940390597027 ], [ -68.967792493899637, -32.862100244650506 ], [ -68.967378963902306, -32.862222023595436 ], [ -68.967163175891628, -32.862203458188048 ], [ -68.966906810080417, -32.862183445554621 ], [ -68.966740762347385, -32.86219472191295 ], [ -68.966578967706496, -32.862251587508382 ], [ -68.966360746548432, -32.862204523064619 ], [ -68.96610636473649, -32.862195922975893 ], [ -68.965828398855777, -32.862232576747367 ], [ -68.965581255764278, -32.862184574979025 ], [ -68.965268827245737, -32.86227258591537 ], [ -68.965021709659055, -32.862346204211725 ], [ -68.964885285172954, -32.862348000357713 ], [ -68.964725073927596, -32.86226173101695 ], [ -68.964577076420838, -32.862332841174769 ], [ -68.964437367859574, -32.86236361292859 ], [ -68.964307718896833, -32.862324569510875 ], [ -68.964188423584474, -32.862215510746886 ], [ -68.96396690422948, -32.86218496126903 ], [ -68.963784234686969, -32.862078934196887 ], [ -68.963678166995962, -32.861981333768448 ], [ -68.963464432284312, -32.861920973898201 ], [ -68.963302439948706, -32.861921075802172 ], [ -68.963014039650474, -32.861993443126842 ], [ -68.962859847282559, -32.862047438655807 ], [ -68.962683489057127, -32.86219045666315 ], [ -68.962484813712365, -32.862249705938986 ], [ -68.962198352535921, -32.86221057251408 ], [ -68.961931926906644, -32.862207921476383 ], [ -68.961699900107703, -32.862375821828955 ], [ -68.961430456175009, -32.86250688223064 ], [ -68.961247535359902, -32.862785502136148 ], [ -68.961049627348359, -32.862888806874963 ], [ -68.960750846007954, -32.863105711136178 ], [ -68.960421611025012, -32.863306104534523 ], [ -68.960191692571428, -32.863509882835174 ], [ -68.959850596432588, -32.863699580615503 ], [ -68.959427604111724, -32.863858931878923 ], [ -68.959049952301484, -32.863778015306096 ], [ -68.958777915098054, -32.863612814678817 ], [ -68.95833673100347, -32.863522359917305 ], [ -68.957876550885075, -32.863575436654614 ], [ -68.957295096357527, -32.863530131799671 ], [ -68.956816868169483, -32.863705083628993 ], [ -68.956381138577498, -32.863800093555994 ], [ -68.956162352864766, -32.863761133691384 ], [ -68.956020616391029, -32.863840453269212 ], [ -68.955806372993933, -32.863827462061373 ], [ -68.955649054950726, -32.863887326084757 ], [ -68.955456135853439, -32.863881291925154 ], [ -68.955206828386139, -32.863756549156655 ], [ -68.954793002307937, -32.863749943702111 ], [ -68.954349409902349, -32.863644283694967 ], [ -68.953896112757775, -32.863668659997501 ] ] ] } },
{ "type": "Feature", "properties": { "fid": 78, "NOMBRE": "Tributarios", "VALOR": 3, "CUENCA": null, "TIPO": null, "Clase": null }, "geometry": { "type": "MultiLineString", "coordinates": [ [ [ -68.986584765210893, -32.693765830219064 ], [ -68.985734363213666, -32.694298955588074 ], [ -68.984821899072315, -32.694696937632244 ], [ -68.98397138728447, -32.695012644226097 ], [ -68.983261105158661, -32.695115143056277 ], [ -68.982747171180904, -32.695203420228403 ], [ -68.982380248311017, -32.695249569058603 ], [ -68.98190995701988, -32.6952912508455 ], [ -68.981332363062137, -32.695267283489081 ], [ -68.980328376052697, -32.695017817678966 ], [ -68.979604491015607, -32.694789278644109 ], [ -68.978895908593444, -32.694529158524226 ], [ -68.977998300334818, -32.69436094765269 ], [ -68.977341882125941, -32.694282191373773 ], [ -68.976603929386286, -32.694091894713296 ], [ -68.975882652500303, -32.693953727596622 ], [ -68.974982237324113, -32.693548328630605 ], [ -68.97415657397427, -32.693027142491253 ], [ -68.973342904889137, -32.692420430740384 ], [ -68.97267075423909, -32.692019869107199 ], [ -68.971705140480054, -32.691548071376303 ], [ -68.970756321789153, -32.691085475339491 ], [ -68.969827087348889, -32.690552921356918 ], [ -68.969490739650595, -32.689970358035573 ], [ -68.969298562819546, -32.689187897664901 ], [ -68.969104341368904, -32.688553410860052 ], [ -68.96910354892421, -32.688170257598898 ], [ -68.968921788957161, -32.687890747848606 ], [ -68.96873887466532, -32.687597714860679 ], [ -68.968312178749557, -32.686827805465221 ], [ -68.968038822974776, -32.686229497596237 ], [ -68.967836670133494, -32.68585584679564 ], [ -68.967671468408639, -32.685753864277387 ], [ -68.967536452751474, -32.685727520345488 ], [ -68.967372960663525, -32.68573297105651 ] ] ] } },
{ "type": "Feature", "properties": { "fid": 84, "NOMBRE": "Arroyos", "VALOR": 4, "CUENCA": null, "TIPO": null, "Clase": null }, "geometry": { "type": "MultiLineString", "coordinates": [ [ [ -68.9838679882848, -32.830485706196455 ], [ -68.983795266822725, -32.830518724804868 ], [ -68.983726643643294, -32.830534034656445 ], [ -68.983662367178511, -32.830522790093426 ], [ -68.983580012923554, -32.830519700177206 ], [ -68.9835044987922, -32.830525704009347 ], [ -68.98343815925999, -32.830570544272462 ], [ -68.983373332472937, -32.830632317943724 ], [ -68.983311561208609, -32.830706343053492 ], [ -68.983272138923866, -32.830774260696145 ], [ -68.983255978506904, -32.830809736660328 ], [ -68.983189629489132, -32.830918295747679 ], [ -68.983124843761914, -32.830999688668001 ], [ -68.983015835239598, -32.831043409115395 ], [ -68.982899622983908, -32.831075471353529 ], [ -68.982737084252506, -32.831049974985994 ], [ -68.982593410643005, -32.830979141000078 ], [ -68.982487081446962, -32.830881325398877 ], [ -68.982368289418261, -32.83079464351033 ], [ -68.982240429464071, -32.830759500047883 ], [ -68.982093338891545, -32.830729788902126 ], [ -68.981991679861579, -32.83073521246429 ], [ -68.981889741397538, -32.830804466659679 ], [ -68.98179806447456, -32.830868509293822 ], [ -68.981711450894039, -32.830987986732588 ], [ -68.981606352222457, -32.831072150009625 ], [ -68.981526803063105, -32.831127469346626 ], [ -68.981446231026823, -32.831189324927266 ], [ -68.98137610773324, -32.831251918684281 ], [ -68.981312288475792, -32.831301154404201 ], [ -68.981301939630683, -32.831373750419708 ], [ -68.98137150434097, -32.83141709812665 ], [ -68.981470971026241, -32.831440841143369 ], [ -68.981584106058676, -32.831493007426623 ], [ -68.981672878241042, -32.831534819900483 ], [ -68.981754735735066, -32.83157638502604 ], [ -68.981798155644185, -32.831661641266763 ], [ -68.981837447269371, -32.831757912664138 ], [ -68.981934253577364, -32.831878987979579 ], [ -68.982017945359289, -32.832039780053542 ], [ -68.982105518247266, -32.832174037007881 ], [ -68.982244241089688, -32.832330955005688 ], [ -68.982350123456385, -32.832474306759295 ], [ -68.982445953704257, -32.832644031339306 ], [ -68.98256185275028, -32.832796697089911 ], [ -68.982672506385043, -32.832946351118899 ], [ -68.98271677239795, -32.833039470744978 ], [ -68.98278935094676, -32.833086918458285 ], [ -68.982955142830633, -32.833066358132449 ], [ -68.983038618194342, -32.833014333134827 ], [ -68.983142887565592, -32.833011152511006 ], [ -68.983241759019407, -32.833108806080837 ], [ -68.983235765224308, -32.833265164655025 ], [ -68.983174159985523, -32.833384917544393 ], [ -68.98314214362361, -32.833537088322082 ], [ -68.983142283831683, -32.833700458838365 ], [ -68.983206728705085, -32.833806556423646 ], [ -68.983275020761198, -32.833992043781727 ], [ -68.983301512557929, -32.834094669734128 ], [ -68.98324351568462, -32.834194066655904 ], [ -68.983116212659141, -32.834279836190284 ], [ -68.982821449801619, -32.834379169696604 ], [ -68.982543402641895, -32.834358241030571 ], [ -68.982380155412969, -32.834327395588858 ], [ -68.982089011784353, -32.834312346453714 ], [ -68.981775289875202, -32.834452889095346 ], [ -68.981586612303488, -32.834581109915348 ], [ -68.981372415248472, -32.83458913393072 ], [ -68.981155161288271, -32.834504254160926 ], [ -68.980987741974431, -32.834337859743549 ], [ -68.980877484192362, -32.834172088313537 ], [ -68.980672527801744, -32.834016485529553 ], [ -68.98036743008943, -32.833970175555976 ], [ -68.980079265346404, -32.834022391235798 ], [ -68.979800896886218, -32.834043679195823 ], [ -68.979451012945901, -32.834047215760251 ], [ -68.9792144844277, -32.834002436114382 ], [ -68.979078266603082, -32.833939376429498 ], [ -68.979075231308443, -32.833775442793254 ], [ -68.979103410651973, -32.833606730671313 ], [ -68.979069016190238, -32.833445419077968 ], [ -68.979005404554798, -32.83336446271052 ], [ -68.978811571238353, -32.833332881833122 ], [ -68.978685360537682, -32.83329891225906 ], [ -68.978660693658497, -32.833196141583926 ], [ -68.978563652573087, -32.833126411096288 ], [ -68.978424186625205, -32.833117278246341 ], [ -68.978269327218612, -32.833213005637731 ], [ -68.978165225980561, -32.833331370150304 ], [ -68.977933974516773, -32.833369412241666 ], [ -68.977734265080173, -32.833354479392611 ], [ -68.97755904354085, -32.833297101471949 ], [ -68.977395156981117, -32.833227936832657 ], [ -68.977211565731039, -32.833189706013989 ], [ -68.977101807872586, -32.833236611271793 ], [ -68.977064521315199, -32.833348600443671 ], [ -68.977023207331143, -32.833473840551477 ], [ -68.976917754509131, -32.833509860094466 ], [ -68.976792924957593, -32.833454700329177 ], [ -68.976766240081233, -32.833345508735874 ], [ -68.976734231220405, -32.833230863429904 ], [ -68.976577961634547, -32.833120568820149 ], [ -68.976345399515964, -32.833041236782265 ], [ -68.976087170432422, -32.833120655903116 ], [ -68.975834239339221, -32.833218294255708 ], [ -68.975493308775611, -32.833208676780423 ], [ -68.975247226205383, -32.833228578984716 ], [ -68.975007586956735, -32.833343344483971 ], [ -68.97475997538524, -32.833499205215183 ], [ -68.974448690501561, -32.83368467701947 ], [ -68.974135042023278, -32.833798738986296 ], [ -68.973899213635079, -32.8338411498017 ], [ -68.973692080852686, -32.833825595171398 ], [ -68.973565068009194, -32.8337693836353 ], [ -68.973441918092391, -32.833782064119696 ], [ -68.973359988692351, -32.833878785690402 ], [ -68.973325147122537, -32.83407321566083 ], [ -68.973438223845662, -32.834392480577165 ], [ -68.973511402336854, -32.834699077320252 ], [ -68.973462904647278, -32.834886307132457 ], [ -68.973346074215101, -32.835023064576994 ], [ -68.973165069740844, -32.835148982563226 ], [ -68.972981050300334, -32.835268916633105 ], [ -68.972783236556992, -32.835330033780977 ], [ -68.97250974764232, -32.835222571541038 ], [ -68.972373233243957, -32.835069302284808 ], [ -68.972290509979914, -32.834849076548423 ], [ -68.972165746260572, -32.834648158206662 ], [ -68.97195849738641, -32.834570641652398 ], [ -68.971714303465674, -32.834615862181963 ], [ -68.971533566027631, -32.834787238105562 ], [ -68.97141313581588, -32.835030868726051 ], [ -68.971334605710268, -32.835436062196194 ], [ -68.971249710838208, -32.835689857107397 ], [ -68.971069010849547, -32.835917837675673 ], [ -68.970912926044718, -32.836114314177102 ], [ -68.970753930322417, -32.836277309057046 ], [ -68.970579537182516, -32.836453909142662 ], [ -68.970232150686982, -32.836535041359639 ], [ -68.969903890401696, -32.836500840673089 ], [ -68.969623252128628, -32.836319370289658 ], [ -68.96956964068319, -32.835972939316662 ], [ -68.969509695919825, -32.83558619651496 ], [ -68.96933946493813, -32.835440656116063 ], [ -68.969081671236069, -32.835373293646391 ], [ -68.968799077575071, -32.835467396632232 ], [ -68.968583068126861, -32.835633289069264 ] ] ] } },
{ "type": "Feature", "properties": { "fid": 86, "NOMBRE": "Tributarios", "VALOR": 3, "CUENCA": null, "TIPO": null, "Clase": null }, "geometry": { "type": "MultiLineString", "coordinates": [ [ [ -68.977325208627235, -32.710593598451723 ], [ -68.977211782267915, -32.710478212239749 ], [ -68.977059392716612, -32.710335901657331 ], [ -68.976996125277367, -32.710259619280038 ], [ -68.976973674308439, -32.710170778936181 ], [ -68.977046094743841, -32.709943901718795 ], [ -68.977097123179476, -32.709789918255048 ], [ -68.977089203694007, -32.709691408467592 ], [ -68.976943528005407, -32.709507970256197 ], [ -68.976801660437559, -32.709295937427832 ], [ -68.976642598877433, -32.709165822677193 ], [ -68.976481530292247, -32.709080522240569 ], [ -68.97628766662605, -32.70898733442526 ], [ -68.97614218258704, -32.708853343675337 ], [ -68.976027090849371, -32.708766580872371 ], [ -68.975925196239885, -32.7085482343157 ], [ -68.975737182879655, -32.708413229945066 ], [ -68.975589338673572, -32.708267322336681 ], [ -68.975507563354256, -32.708129370334689 ], [ -68.975414406169264, -32.707990914446917 ], [ -68.975424220445518, -32.707844659859262 ], [ -68.975440709171011, -32.707669900978779 ], [ -68.975482997463061, -32.707448644072869 ], [ -68.9754868592468, -32.707242851810378 ], [ -68.975419007661529, -32.707113714318581 ], [ -68.975336947862431, -32.7070329130446 ], [ -68.975256846253146, -32.706688824495558 ], [ -68.975172188779695, -32.706370013427893 ], [ -68.975099813026588, -32.706042862565319 ], [ -68.975000891200466, -32.705748342073854 ], [ -68.974909109139418, -32.705540119820895 ], [ -68.974937123646043, -32.705241731910235 ], [ -68.974966087710783, -32.704889490993835 ], [ -68.974929969615715, -32.704678559121675 ], [ -68.97478507061399, -32.704552469882813 ], [ -68.974509744441093, -32.704404846094363 ], [ -68.974160808178212, -32.704222052878087 ], [ -68.973950152800839, -32.704115758610889 ], [ -68.973867280492598, -32.704015006493258 ], [ -68.973828681651852, -32.703808342542118 ], [ -68.97377154504187, -32.703639221301394 ] ] ] } },
{ "type": "Feature", "properties": { "fid": 87, "NOMBRE": "Arroyos", "VALOR": 4, "CUENCA": null, "TIPO": null, "Clase": null }, "geometry": { "type": "MultiLineString", "coordinates": [ [ [ -69.000066960119369, -32.925348964976656 ], [ -68.999785035645473, -32.925504969879867 ], [ -68.999523648649145, -32.925668689182487 ], [ -68.999283693386573, -32.92590336477334 ], [ -68.999046918795358, -32.926111146557481 ], [ -68.998825245623735, -32.926295792485355 ], [ -68.998622303762531, -32.926322231199762 ], [ -68.998375051981867, -32.926214419797482 ], [ -68.998172871997042, -32.926141011109472 ], [ -68.99798482391644, -32.92606260240958 ], [ -68.997883992916599, -32.926036907750039 ], [ -68.99779892869482, -32.926041879382232 ], [ -68.997706653613093, -32.926083022781739 ], [ -68.997612222835286, -32.926276846963923 ], [ -68.997518375821642, -32.926390636941576 ], [ -68.997309253287682, -32.926446227429324 ], [ -68.997004796188435, -32.926529138038198 ], [ -68.996737675367456, -32.926567194483837 ], [ -68.996434384352654, -32.926543002330909 ], [ -68.996314783403562, -32.926441733619328 ], [ -68.996247399936223, -32.926349964606992 ], [ -68.996209660923469, -32.926151143075337 ], [ -68.996177189846762, -32.925986720163863 ], [ -68.996115972436769, -32.925922675507046 ], [ -68.996007896642652, -32.925887006174875 ], [ -68.995742899692843, -32.92590134308189 ], [ -68.995434339619166, -32.925973700429061 ], [ -68.995102695803368, -32.926090767520527 ], [ -68.994941167605973, -32.926148407637385 ], [ -68.994788422169293, -32.926285179920043 ] ] ] } },
{ "type": "Feature", "properties": { "fid": 89, "NOMBRE": "Arroyos", "VALOR": 4, "CUENCA": null, "TIPO": null, "Clase": null }, "geometry": { "type": "MultiLineString", "coordinates": [ [ [ -68.985512913949833, -32.794396382968209 ], [ -68.985290667055281, -32.794169294702748 ], [ -68.98499291028341, -32.794000661113742 ], [ -68.984665773216975, -32.793959540058438 ], [ -68.98429988657017, -32.793936611185046 ], [ -68.983963212218029, -32.793894182492174 ], [ -68.983705075511736, -32.793825723406322 ], [ -68.983096947661139, -32.793555699213869 ], [ -68.982525250373797, -32.79328870459419 ], [ -68.981957718133998, -32.792699341866559 ], [ -68.981600519857082, -32.792376865126542 ], [ -68.981227437550984, -32.792243268402579 ], [ -68.98086057155642, -32.79214744398768 ], [ -68.980376207100392, -32.792065663717935 ], [ -68.980073552981352, -32.792137568160598 ], [ -68.979761301892495, -32.792250357347108 ], [ -68.979336220608317, -32.792391428163491 ], [ -68.97907899036052, -32.792526038008631 ], [ -68.978763704277029, -32.792644354359297 ], [ -68.978318050475863, -32.792666324119793 ], [ -68.977894517261959, -32.792611918676243 ], [ -68.977437251132045, -32.792536923394628 ], [ -68.976892060038935, -32.792181256976725 ], [ -68.976446357558487, -32.791856509679384 ], [ -68.976031682253321, -32.791665355946733 ], [ -68.97568915004949, -32.79149428236618 ], [ -68.975326902442518, -32.79133048411019 ], [ -68.974927016142288, -32.79131047918608 ], [ -68.974560756191138, -32.791356412864722 ], [ -68.974154828912049, -32.791484322664232 ], [ -68.973738791409644, -32.791635623797845 ], [ -68.97340593148418, -32.791818521464336 ], [ -68.973186818135019, -32.792055339529902 ], [ -68.972959418096764, -32.792408436550446 ], [ -68.972741474853649, -32.792529286301971 ], [ -68.972538521774126, -32.792661072226586 ], [ -68.97224850154366, -32.792713263081332 ], [ -68.97194045012283, -32.792717300325478 ], [ -68.971656858769805, -32.792789565790969 ], [ -68.971463434194902, -32.792856981758369 ], [ -68.971307808352691, -32.792964594750302 ], [ -68.971077650961647, -32.792991892531688 ], [ -68.970930009318991, -32.793007360291554 ], [ -68.970654117738562, -32.793079718680531 ] ] ] } },
{ "type": "Feature", "properties": { "fid": 91, "NOMBRE": "Tributarios", "VALOR": 3, "CUENCA": null, "TIPO": null, "Clase": null }, "geometry": { "type": "MultiLineString", "coordinates": [ [ [ -68.979586094500476, -32.802528513811971 ], [ -68.979459719050126, -32.80246383551075 ], [ -68.979229286657329, -32.802435449775672 ], [ -68.979037609107479, -32.802484214253845 ], [ -68.978816415110586, -32.802574284947141 ], [ -68.978562492939034, -32.802604363389307 ], [ -68.978355974142815, -32.802567719274975 ], [ -68.978145106734871, -32.802477176040014 ], [ -68.977916112893823, -32.802363998995702 ], [ -68.977755002677284, -32.802221630815701 ], [ -68.977686481214405, -32.801993994619302 ], [ -68.977693389826356, -32.801857076017782 ], [ -68.977639747405576, -32.801643179542779 ], [ -68.977523785912481, -32.801521918637917 ], [ -68.977317900004962, -32.801362760207446 ], [ -68.977228263981473, -32.801224468704341 ], [ -68.977241180740393, -32.80102562148177 ], [ -68.977222002524684, -32.800829661394417 ], [ -68.977116689172021, -32.800556638547945 ], [ -68.977069918762609, -32.800395340715312 ], [ -68.977012515718172, -32.800326256258849 ], [ -68.976924269623325, -32.800295652945586 ], [ -68.97683185858304, -32.800297859986998 ], [ -68.976803117685819, -32.800256248910038 ], [ -68.976768789390832, -32.800180203862531 ], [ -68.976685821616471, -32.800152349817246 ], [ -68.976584452095054, -32.800157675456397 ], [ -68.976468731352838, -32.800138484350533 ], [ -68.976354516020706, -32.800085210647779 ], [ -68.976227463144326, -32.799923500525814 ], [ -68.976208273951428, -32.799764018175289 ], [ -68.976211379813464, -32.799574150280016 ], [ -68.976233958262824, -32.799329334463643 ], [ -68.976260538202595, -32.799145371564848 ], [ -68.976235019757524, -32.798974609503759 ], [ -68.976216513177988, -32.798875678517319 ], [ -68.976153820378912, -32.798792502494173 ], [ -68.976057934950433, -32.798743747226943 ], [ -68.975947073737373, -32.798651506305923 ], [ -68.975895765742251, -32.798593065430339 ], [ -68.975891569461623, -32.798513888142182 ], [ -68.975926080602491, -32.798441808216275 ], [ -68.975880280277323, -32.798396394849249 ], [ -68.975803193613942, -32.798365558433922 ], [ -68.975731996782855, -32.798331899851483 ], [ -68.975655806008717, -32.79821869828848 ], [ -68.975516883479784, -32.798126995118388 ], [ -68.975299021251132, -32.797999298841795 ], [ -68.975206255382602, -32.797966592730489 ], [ -68.97511268692044, -32.79796709163206 ], [ -68.975023073106215, -32.797962233700119 ], [ -68.974977429987135, -32.797912487052791 ], [ -68.974962172490422, -32.797804461928472 ], [ -68.974993365368348, -32.797739993455373 ], [ -68.974983641141151, -32.797643744899773 ], [ -68.974934209122637, -32.797542305176705 ], [ -68.974799810999059, -32.797470290235836 ], [ -68.974663514933511, -32.797352796144992 ], [ -68.974605275034165, -32.797182512690043 ], [ -68.974534259904374, -32.797091124767789 ], [ -68.974441950864374, -32.797042749386925 ], [ -68.974364127023577, -32.796935396348815 ], [ -68.974300660002385, -32.796802402117009 ], [ -68.974267457207702, -32.796741992834086 ], [ -68.974083982268397, -32.79667212564231 ], [ -68.973988212471426, -32.796569915120529 ], [ -68.973911379907037, -32.796494985444411 ], [ -68.973760529389878, -32.796429080214118 ], [ -68.973603485814095, -32.796329046758409 ], [ -68.973443629997291, -32.796231246867301 ], [ -68.97331750979474, -32.796158804422646 ], [ -68.973241669941785, -32.796149011249092 ], [ -68.973174968877217, -32.79616981206744 ], [ -68.973084228094621, -32.796168317531595 ], [ -68.972966358226984, -32.796129332442547 ], [ -68.972820970425104, -32.796029525703091 ], [ -68.972696493961976, -32.7959752755023 ], [ -68.972584839318245, -32.795945616129238 ], [ -68.972497931949206, -32.795859698859303 ], [ -68.972468725230684, -32.795785268507863 ], [ -68.972465575181474, -32.795702476191813 ], [ -68.972413663082378, -32.795588688636883 ], [ -68.972353160240445, -32.795497484137115 ], [ -68.972299765302523, -32.795458189950331 ], [ -68.972231109820541, -32.795479265594771 ], [ -68.972144958545044, -32.79548416928575 ], [ -68.972038987100916, -32.795445020843346 ], [ -68.971930994210879, -32.795380301453505 ], [ -68.97182284778313, -32.795309440908035 ], [ -68.971709774327863, -32.795173304307596 ], [ -68.971634442917349, -32.795036503961299 ], [ -68.971613742226282, -32.794915666295836 ], [ -68.971567059489701, -32.794750478105136 ], [ -68.971465853003366, -32.794626083461139 ], [ -68.971376808558517, -32.79451716751332 ], [ -68.97126679477195, -32.794419678082185 ], [ -68.971145050965575, -32.79429746690036 ], [ -68.970967651312165, -32.794130727991728 ], [ -68.970906003982165, -32.794080947820348 ], [ -68.970842531870787, -32.794054551603196 ], [ -68.970737799482364, -32.793964783971468 ], [ -68.970599586838901, -32.793803947588188 ], [ -68.970519817617983, -32.793758682703064 ], [ -68.970393947999071, -32.79363811739271 ], [ -68.970309402226519, -32.793588626454039 ], [ -68.970185792001161, -32.793571996570179 ], [ -68.970061009412049, -32.793576246298763 ], [ -68.969882501164278, -32.793595439755592 ], [ -68.969733268064502, -32.793609067114403 ], [ -68.969593250168217, -32.793595254623668 ] ] ] } },
{ "type": "Feature", "properties": { "fid": 92, "NOMBRE": "Arroyos", "VALOR": 4, "CUENCA": null, "TIPO": null, "Clase": null }, "geometry": { "type": "MultiLineString", "coordinates": [ [ [ -69.000066960119383, -32.899836602369497 ], [ -68.999405842525064, -32.89972878953477 ], [ -68.99879313140643, -32.899633950017488 ], [ -68.998312022686648, -32.899566531401263 ], [ -68.99800194124704, -32.899507196393003 ], [ -68.997752221200528, -32.899539403047882 ], [ -68.997556973641466, -32.899603621169362 ], [ -68.997386697794667, -32.899774792696498 ], [ -68.997231925252251, -32.899939824943061 ], [ -68.996900118631473, -32.900183560246141 ], [ -68.996565639022421, -32.900386504219313 ], [ -68.99617515585993, -32.900541301126133 ], [ -68.995838718338561, -32.900586033390233 ], [ -68.99540292967005, -32.90058282870794 ], [ -68.994919827648204, -32.900525472368436 ], [ -68.994254138073686, -32.900430337483797 ], [ -68.993508455816482, -32.900441325761911 ], [ -68.992902057001217, -32.900510615981197 ], [ -68.992355112824129, -32.900557180003119 ], [ -68.991728668718025, -32.900701393988783 ], [ -68.991227433747596, -32.900830339730568 ], [ -68.990553645343098, -32.900885894282759 ], [ -68.990316882900203, -32.900889859720486 ] ] ] } },
{ "type": "Feature", "properties": { "fid": 97, "NOMBRE": "Tributarios", "VALOR": 3, "CUENCA": null, "TIPO": null, "Clase": null }, "geometry": { "type": "MultiLineString", "coordinates": [ [ [ -68.986415449672634, -32.672300267611455 ], [ -68.986240914017202, -32.67206389078568 ], [ -68.986099438822436, -32.671884474115402 ], [ -68.985951078676067, -32.671537801296722 ], [ -68.985843005914475, -32.671251356566955 ], [ -68.985649945037252, -32.670804978387125 ], [ -68.985379848742895, -32.670573419483901 ], [ -68.985001400242538, -32.670371051956472 ], [ -68.984491027604236, -32.670248713184272 ], [ -68.984085882512005, -32.670162226618082 ], [ -68.983739069542963, -32.670259352175414 ], [ -68.983309216415094, -32.670324599735196 ], [ -68.982752993944999, -32.670284201097488 ], [ -68.98218454956168, -32.670121449374534 ], [ -68.981766241953352, -32.669965564033923 ], [ -68.98147744226813, -32.669740675071566 ], [ -68.98125865969331, -32.669280498437594 ], [ -68.980977864396039, -32.668880321313509 ], [ -68.980694974510868, -32.668524553242392 ], [ -68.980528731499234, -32.668011509211972 ], [ -68.980202799219171, -32.667513764514773 ], [ -68.979944884600812, -32.667041590721631 ], [ -68.97984191152274, -32.666941267828832 ], [ -68.979510079599095, -32.666863234779463 ], [ -68.979358150587856, -32.666712438520463 ], [ -68.97934515120933, -32.666690089445964 ] ], [ [ -68.978159745176754, -32.666690089445957 ], [ -68.977971161030325, -32.666750986689422 ], [ -68.97763691307054, -32.666768657539656 ], [ -68.977377643062169, -32.66669008944595 ] ] ] } },
{ "type": "Feature", "properties": { "fid": 103, "NOMBRE": "Tributarios", "VALOR": 3, "CUENCA": null, "TIPO": null, "Clase": null }, "geometry": { "type": "MultiLineString", "coordinates": [ [ [ -69.000066960119369, -32.896740182855133 ], [ -68.999918115036962, -32.896778560758186 ], [ -68.999723113243249, -32.896860615603273 ], [ -68.999516190413487, -32.896960660671617 ], [ -68.99931781384015, -32.897020867954659 ], [ -68.9990868236913, -32.896996518312143 ], [ -68.998931470980253, -32.896986064469033 ], [ -68.998838068876736, -32.897055344806454 ], [ -68.998855825700787, -32.897207774931751 ], [ -68.998792418279322, -32.897365266127323 ], [ -68.998658240017932, -32.897480386570813 ], [ -68.998535766134879, -32.897548099950299 ], [ -68.998471191976591, -32.897585531093327 ], [ -68.998393754214888, -32.897559979308809 ], [ -68.998327011062074, -32.897509346392546 ], [ -68.998249729239376, -32.897416043610065 ], [ -68.998185979402407, -32.897311527209375 ], [ -68.99811303217038, -32.897193009675888 ], [ -68.998064718305528, -32.897173363476178 ], [ -68.997972937829999, -32.897176260589113 ], [ -68.99792552408725, -32.897271966915717 ], [ -68.997889676141966, -32.897341269402403 ], [ -68.997806507972285, -32.897371578378653 ], [ -68.997711833885688, -32.897359032231741 ], [ -68.997584465747238, -32.897350930854138 ], [ -68.997422731229648, -32.897373552902131 ], [ -68.997198525911742, -32.897439438385042 ], [ -68.997000719779507, -32.897518712366889 ], [ -68.996841302707722, -32.897582431204142 ], [ -68.996788726697645, -32.897618421458908 ], [ -68.996698557491484, -32.897676673854178 ], [ -68.996611301733907, -32.897767519084965 ], [ -68.996516927536845, -32.897759474593258 ], [ -68.996368955246325, -32.897724991050367 ], [ -68.996204679968756, -32.897725552152529 ], [ -68.995971774704302, -32.897720154105585 ], [ -68.995763075806977, -32.897727962046766 ], [ -68.995599485746439, -32.897748632638056 ], [ -68.995522807019526, -32.897725743536093 ], [ -68.995422386059857, -32.897740618530349 ], [ -68.995304706042489, -32.897823649371325 ], [ -68.995213389501131, -32.897803766735301 ], [ -68.995127748491385, -32.897772671783969 ], [ -68.995034802555338, -32.89780712508103 ], [ -68.99495371360436, -32.897819270393597 ], [ -68.994878738915034, -32.897917286110122 ], [ -68.994823401571466, -32.898000504290565 ], [ -68.994765418985068, -32.898071676254965 ], [ -68.994595738329991, -32.898114026947198 ], [ -68.994353280669799, -32.898167253720985 ], [ -68.994129165076828, -32.898120223865462 ], [ -68.993949893522526, -32.898120709663566 ], [ -68.993850121723838, -32.898148097953715 ], [ -68.99379347302127, -32.898270915100802 ], [ -68.993670103417315, -32.898343678863526 ], [ -68.993536851309031, -32.898375724101491 ], [ -68.993421249578404, -32.898377570908359 ], [ -68.993353123261386, -32.898434921907111 ], [ -68.993350327888209, -32.898544709608061 ], [ -68.993423764608934, -32.898689239635132 ], [ -68.99350019328071, -32.898887611432258 ], [ -68.993545274247225, -32.899089129461153 ], [ -68.993480514447796, -32.899213507444884 ], [ -68.993345302237316, -32.899225972984276 ], [ -68.993238490123801, -32.899123091486587 ], [ -68.993109126696538, -32.899038226081984 ], [ -68.992978025907675, -32.899051116788897 ], [ -68.992953875850134, -32.899175398849508 ], [ -68.992903463593748, -32.899321229079682 ], [ -68.992870777759265, -32.899403039850604 ], [ -68.992789019506858, -32.89943604619819 ], [ -68.992612932043215, -32.899364667384305 ], [ -68.992537985699798, -32.899175752142931 ], [ -68.992378750326324, -32.89905597379088 ], [ -68.99221823349751, -32.899066422766786 ], [ -68.992084896764382, -32.899140369269283 ], [ -68.991927790259993, -32.899167458619722 ], [ -68.991857904732981, -32.899224153468275 ], [ -68.99176226941583, -32.89940433773419 ], [ -68.991645280897671, -32.899442137250396 ], [ -68.991430394242542, -32.899461276826877 ], [ -68.991199565839281, -32.899600810733624 ], [ -68.990922725687057, -32.899812766152927 ], [ -68.990697049358047, -32.899968887578488 ], [ -68.990564336071955, -32.900114809831443 ], [ -68.990555117681524, -32.900249539998413 ], [ -68.990640916727912, -32.900273900747401 ], [ -68.990754207964585, -32.900230556556089 ], [ -68.990915606179414, -32.90021918798201 ], [ -68.991000434084455, -32.900312005021803 ], [ -68.990985264305237, -32.900428614180953 ], [ -68.990788973824678, -32.900568591310829 ], [ -68.990606336206213, -32.900636798717919 ], [ -68.990496285645762, -32.900739285198092 ], [ -68.990374499990523, -32.90079901844603 ], [ -68.990259025549662, -32.900879660760666 ] ] ] } },
{ "type": "Feature", "properties": { "fid": 108, "NOMBRE": "Arroyos", "VALOR": 4, "CUENCA": null, "TIPO": null, "Clase": null }, "geometry": { "type": "MultiLineString", "coordinates": [ [ [ -68.997109540599283, -32.951546600767628 ], [ -68.996630337471515, -32.951585619261408 ], [ -68.996117750953459, -32.951422958334376 ], [ -68.99537568179359, -32.951387397227592 ], [ -68.994901870122149, -32.951607804882741 ], [ -68.994503859526745, -32.951770573814962 ], [ -68.994055234835642, -32.951629550763307 ], [ -68.993608956844255, -32.951429410948968 ], [ -68.993157349544603, -32.951613026226717 ], [ -68.992546394008926, -32.951608347428696 ], [ -68.992036241461832, -32.951526556697004 ], [ -68.991490719088333, -32.95156529533115 ], [ -68.990911852146354, -32.951685139100562 ], [ -68.990431210493924, -32.95183341134733 ], [ -68.990089654336074, -32.951779258453648 ], [ -68.989814521255809, -32.951892372423302 ], [ -68.989630019789175, -32.95215600304838 ], [ -68.989450801595126, -32.952216011472665 ], [ -68.989323623643884, -32.9520462641606 ], [ -68.98891890649432, -32.951980370663819 ], [ -68.988554245938289, -32.951965197562593 ], [ -68.988165982155422, -32.952175453764163 ], [ -68.987825119215998, -32.952434951557855 ], [ -68.987268693698624, -32.952571725971474 ], [ -68.986403447930456, -32.952476462945988 ], [ -68.985786482676986, -32.952186663855116 ], [ -68.984948163751142, -32.951838066104578 ], [ -68.984549326468169, -32.951587339000646 ], [ -68.984352959330479, -32.951494249401236 ], [ -68.984047148381094, -32.951435035348126 ], [ -68.983888350091618, -32.951309827836347 ], [ -68.983532860562278, -32.951336235761723 ], [ -68.983253724429687, -32.951247533396767 ], [ -68.983029899967889, -32.95103673247646 ], [ -68.982539819953502, -32.950791419941623 ], [ -68.98220054626384, -32.95053913348729 ], [ -68.981831100422667, -32.950242639401509 ], [ -68.981623545326542, -32.950107604685371 ], [ -68.98136022824545, -32.949864017791903 ], [ -68.981246317208459, -32.949710246499656 ], [ -68.981054391540269, -32.949614902431549 ], [ -68.980845987059595, -32.949589392578005 ], [ -68.980618830414286, -32.949675731725101 ], [ -68.980345940509352, -32.949655508397058 ], [ -68.980111373076895, -32.949523426153846 ], [ -68.979869746758766, -32.949478480887983 ], [ -68.979777658942439, -32.949421943410009 ], [ -68.979458010338746, -32.949316699360239 ], [ -68.978942042457476, -32.949282439501332 ], [ -68.978281085697446, -32.949330417444187 ], [ -68.978127981062869, -32.949306576401085 ], [ -68.977992741704981, -32.94919714011948 ], [ -68.977868478564488, -32.949098152561547 ], [ -68.977755096019479, -32.948961422090917 ], [ -68.977590981039569, -32.948932124964223 ], [ -68.977433585713896, -32.948916923674631 ], [ -68.977260070197076, -32.948932125712354 ], [ -68.977004453457624, -32.949009961858764 ], [ -68.976688473616335, -32.949125046690874 ], [ -68.976470127209623, -32.94916859385394 ], [ -68.976313013138935, -32.949161446251807 ], [ -68.976159968486854, -32.949099931713441 ], [ -68.976034897507972, -32.949061290087272 ], [ -68.975823310592105, -32.94893569611849 ], [ -68.975664158244612, -32.948884541941318 ], [ -68.975470438605939, -32.948831450734772 ], [ -68.975289754560549, -32.948847161854587 ], [ -68.975132431633384, -32.948842585463353 ], [ -68.974841918176793, -32.948769610809286 ], [ -68.974486952346936, -32.948689186922159 ], [ -68.974170065310616, -32.948624742852431 ], [ -68.973942153513278, -32.948623056862736 ], [ -68.973345819106925, -32.94871650707509 ], [ -68.97295498679506, -32.948658349845125 ], [ -68.972504418808725, -32.948748371304482 ], [ -68.972142570850465, -32.948732103259488 ], [ -68.971853934997952, -32.94865944293111 ], [ -68.971586685149688, -32.948551307471639 ], [ -68.971263709570621, -32.94846083102555 ], [ -68.971039948167473, -32.948307231193979 ], [ -68.970968837406957, -32.948081606680113 ], [ -68.970964883457725, -32.947857471626968 ], [ -68.970962854607407, -32.947583145270428 ], [ -68.970907806576179, -32.947399370493372 ], [ -68.970809910533703, -32.947204042446209 ], [ -68.9706254455851, -32.947064050699325 ], [ -68.970377035022963, -32.946971327228042 ], [ -68.970160962978568, -32.946883124062659 ], [ -68.97010611531806, -32.946772071573086 ], [ -68.970095990242669, -32.946642410990428 ], [ -68.969953524695313, -32.946581740720859 ], [ -68.969862292362194, -32.946502611460147 ], [ -68.969716549770226, -32.946433375084467 ], [ -68.969467057413027, -32.946346723231763 ] ] ] } },
{ "type": "Feature", "properties": { "fid": 112, "NOMBRE": "Arroyos", "VALOR": 4, "CUENCA": null, "TIPO": null, "Clase": null }, "geometry": { "type": "MultiLineString", "coordinates": [ [ [ -68.950491041613802, -32.839253357735252 ], [ -68.950031812159608, -32.839392147985428 ], [ -68.94963058431324, -32.839613137128886 ], [ -68.949330631775567, -32.839854761477135 ], [ -68.948960958963752, -32.840092269162788 ], [ -68.948634107788962, -32.84041258776152 ], [ -68.94840745352289, -32.84066013126003 ], [ -68.948319382373313, -32.841031902781822 ], [ -68.94830260728078, -32.841405175375499 ], [ -68.948330445804118, -32.841861188311597 ], [ -68.948340442455034, -32.842433880882908 ], [ -68.948419811167881, -32.843047607932093 ], [ -68.948717236888129, -32.843837845793864 ], [ -68.948914974687227, -32.84419672995503 ], [ -68.949011351349938, -32.844610360085831 ], [ -68.949057743171579, -32.845073988623938 ], [ -68.949157945316003, -32.845569380509716 ], [ -68.949118697467284, -32.845970551012229 ], [ -68.948899642917851, -32.846344687499368 ], [ -68.948536458023227, -32.846687389136385 ], [ -68.948402316709661, -32.846860146050751 ] ] ] } },
{ "type": "Feature", "properties": { "fid": 115, "NOMBRE": "Arroyos", "VALOR": 4, "CUENCA": null, "TIPO": null, "Clase": null }, "geometry": { "type": "MultiLineString", "coordinates": [ [ [ -68.990320161955765, -32.900889286531836 ], [ -68.98995976113487, -32.900848980448259 ], [ -68.989637903507628, -32.900760029658009 ], [ -68.989081563355327, -32.900675375678219 ], [ -68.988580529387235, -32.900670176337329 ], [ -68.988136496679999, -32.900727266263772 ], [ -68.987789715824249, -32.900775307699377 ], [ -68.987454871973512, -32.900811511469776 ], [ -68.987142545712146, -32.900847143051145 ], [ -68.986904783242082, -32.900914512130065 ], [ -68.986720728236534, -32.901036413105416 ], [ -68.986624127149213, -32.901152744683472 ], [ -68.986495925875133, -32.90144630483811 ], [ -68.986370235906179, -32.901603358479612 ], [ -68.986143876346333, -32.901744605643323 ], [ -68.985780888262283, -32.901850004513982 ], [ -68.985441104699646, -32.901897906939304 ], [ -68.985253134833528, -32.901825806157852 ], [ -68.984975736420708, -32.901644102240631 ], [ -68.984636323091721, -32.901333264128759 ], [ -68.984283243421658, -32.901053860716388 ], [ -68.984017393226679, -32.900772199925008 ], [ -68.983803286283987, -32.900590820196079 ], [ -68.983606379897552, -32.900515356993452 ], [ -68.983410790209206, -32.900512120081146 ], [ -68.983209680710701, -32.900558909326705 ], [ -68.982976634140769, -32.900611572906477 ], [ -68.982689951381019, -32.900631621393821 ], [ -68.982551032530324, -32.900547335756436 ], [ -68.982489572161612, -32.900389746128369 ], [ -68.982341189705664, -32.900156362958882 ], [ -68.982215012507424, -32.900021176366671 ], [ -68.982089421118431, -32.899889745719847 ], [ -68.981817084922724, -32.899757556261321 ], [ -68.981625224720474, -32.899619825621691 ], [ -68.981308591894901, -32.899518078884732 ], [ -68.980986193356998, -32.899406242295548 ], [ -68.980569421824413, -32.899209104406623 ], [ -68.980291703651829, -32.899067270655927 ], [ -68.979963784074101, -32.898868443670054 ] ] ] } },
{ "type": "Feature", "properties": { "fid": 119, "NOMBRE": "Arroyos", "VALOR": 4, "CUENCA": null, "TIPO": null, "Clase": null }, "geometry": { "type": "MultiLineString", "coordinates": [ [ [ -68.968591615657729, -32.835642641543338 ], [ -68.96836967487927, -32.835653148291144 ], [ -68.967800106485157, -32.835604234052163 ], [ -68.967425755755244, -32.835515895603898 ], [ -68.96697079190595, -32.835356390164264 ], [ -68.966658090795377, -32.835287305740579 ], [ -68.966154236365583, -32.835432558364502 ], [ -68.965839587236943, -32.835635411092213 ], [ -68.965595789775051, -32.835860570765995 ], [ -68.96549307671124, -32.83607207068227 ], [ -68.965347104142239, -32.836265244695944 ], [ -68.965131246841793, -32.83644703684989 ], [ -68.964979516693575, -32.836555576206415 ], [ -68.964785772497081, -32.836634747407956 ], [ -68.964600756155448, -32.836662814530996 ], [ -68.964439060348084, -32.836608883519816 ], [ -68.964269114267282, -32.836462499882977 ], [ -68.964090062448818, -32.836307589517659 ], [ -68.963855515204358, -32.836073709046019 ], [ -68.963681883570274, -32.835695989637777 ], [ -68.963609999968824, -32.835382142840011 ], [ -68.963432766660333, -32.835271168818672 ], [ -68.963109351934591, -32.835351587132067 ], [ -68.962794334060689, -32.835567557912235 ], [ -68.96250303240366, -32.835679239102888 ], [ -68.962017060314608, -32.835664405195807 ], [ -68.961636613503032, -32.835615024984875 ], [ -68.96110093814481, -32.835559187705122 ], [ -68.960561011916198, -32.835559502797302 ], [ -68.959994669644445, -32.835551725598982 ], [ -68.959596094806358, -32.835583890982456 ], [ -68.959230397274752, -32.835686849870733 ], [ -68.958906296425454, -32.835874423435833 ], [ -68.958466515245149, -32.836162530240848 ], [ -68.958083067813519, -32.836441314581101 ], [ -68.957955659415902, -32.836705418516843 ], [ -68.957904259358969, -32.83698890622081 ], [ -68.957930652553571, -32.837307716910189 ], [ -68.957826284268677, -32.837692675231253 ], [ -68.957599199167191, -32.837815790831939 ], [ -68.957260875791846, -32.83785605367882 ], [ -68.957027430450907, -32.837767565599933 ], [ -68.956659969511833, -32.837587342708268 ], [ -68.956226362237288, -32.83739183282411 ], [ -68.955813900218999, -32.837291421293898 ], [ -68.955576554758167, -32.83740023348772 ], [ -68.955219401728797, -32.837706566230231 ], [ -68.954844462535505, -32.83806253345724 ], [ -68.954456791475749, -32.838287380964609 ], [ -68.953853714356143, -32.838493271703356 ], [ -68.953248949712048, -32.838719480322339 ], [ -68.952505565000862, -32.838901518831285 ], [ -68.951803409392639, -32.839062695534516 ], [ -68.9512907900953, -32.83916389215296 ], [ -68.950486634644008, -32.839246705060837 ] ] ] } },
{ "type": "Feature", "properties": { "fid": 120, "NOMBRE": "Tributarios", "VALOR": 3, "CUENCA": null, "TIPO": null, "Clase": null }, "geometry": { "type": "MultiLineString", "coordinates": [ [ [ -68.983579362891419, -32.87417331919476 ], [ -68.983141876618888, -32.874078093378067 ], [ -68.982846153344695, -32.874038453934737 ], [ -68.982582227748651, -32.874000415105904 ], [ -68.98201341046456, -32.873938225471441 ], [ -68.981455471156082, -32.873839363265901 ], [ -68.980904837578734, -32.873618743587798 ], [ -68.980308823660835, -32.87331725465657 ], [ -68.979902538543072, -32.873046849701495 ], [ -68.979514784041172, -32.872819937126515 ], [ -68.979034629054439, -32.8724998559886 ], [ -68.978468604404625, -32.872300883332947 ], [ -68.977976948992861, -32.87189870903758 ], [ -68.977227870220034, -32.871522755698493 ], [ -68.97655474983992, -32.871128449783782 ], [ -68.975711842378772, -32.870523366353098 ] ] ] } },
{ "type": "Feature", "properties": { "fid": 121, "NOMBRE": "Arroyos", "VALOR": 4, "CUENCA": null, "TIPO": null, "Clase": null }, "geometry": { "type": "MultiLineString", "coordinates": [ [ [ -68.97065075502455, -32.793078644533274 ], [ -68.970499977309871, -32.793144641811445 ], [ -68.970345203503271, -32.793220502938361 ], [ -68.970244363724774, -32.79329307635944 ], [ -68.970096457276426, -32.793415484281702 ], [ -68.969903862016551, -32.793470644763346 ], [ -68.96976205383514, -32.793498754278637 ], [ -68.96958592184717, -32.793585472955307 ], [ -68.969456203172285, -32.79361432717139 ], [ -68.969295330875966, -32.793712208339926 ], [ -68.969157187375117, -32.79383174440332 ], [ -68.969011880509797, -32.793976397002503 ], [ -68.968886130216205, -32.794103732882199 ] ] ] } },
{ "type": "Feature", "properties": { "fid": 122, "NOMBRE": "Tributarios", "VALOR": 3, "CUENCA": null, "TIPO": null, "Clase": null }, "geometry": { "type": "MultiLineString", "coordinates": [ [ [ -68.983269929485445, -32.890333326379157 ], [ -68.983090144678542, -32.890295554259232 ], [ -68.98301312317362, -32.890288668160281 ], [ -68.982953054685765, -32.890373723967613 ], [ -68.98293555728182, -32.890460118309775 ], [ -68.982877547420813, -32.89054425191835 ], [ -68.982772937182034, -32.890546394779555 ], [ -68.982533724175454, -32.890592454872106 ], [ -68.982382043519365, -32.890621338303902 ], [ -68.982233497496438, -32.890561944306633 ], [ -68.98208551181223, -32.890541832883223 ], [ -68.981956772142723, -32.890629428427907 ], [ -68.981832298907193, -32.890720814274459 ], [ -68.981746985382784, -32.8908425782355 ], [ -68.981720634752207, -32.890918022795667 ], [ -68.981644314069143, -32.890929612034661 ], [ -68.981542252545736, -32.89088326365443 ], [ -68.981452515253892, -32.890875266448148 ], [ -68.981334668006966, -32.890813671665917 ], [ -68.981168986554977, -32.890812350505108 ], [ -68.981062218544807, -32.890870901755953 ], [ -68.981067664423989, -32.890923591127496 ], [ -68.981120933905686, -32.891020577300672 ], [ -68.981196518394185, -32.891085090172339 ], [ -68.981171004995829, -32.891145203402168 ], [ -68.981088967002876, -32.891156474822672 ], [ -68.98101029273009, -32.891107129000808 ], [ -68.980942977800922, -32.89113314648241 ], [ -68.980855464691032, -32.891186263413282 ], [ -68.980766459367345, -32.891215801990988 ], [ -68.980674816941942, -32.891217544776246 ], [ -68.98063593004305, -32.891179354199181 ], [ -68.980639957407121, -32.891114091725576 ], [ -68.980609995967029, -32.890999053154218 ], [ -68.980557184866086, -32.890954585014995 ], [ -68.980480791075365, -32.890990127792413 ], [ -68.980387355117529, -32.891058622419806 ], [ -68.980314049878146, -32.891055899774159 ], [ -68.980216083532554, -32.89107854752713 ], [ -68.980124570357191, -32.891174260019959 ], [ -68.980033895599121, -32.891232900734487 ], [ -68.97998478827148, -32.891382041167773 ], [ -68.979959385708852, -32.891474962662322 ], [ -68.979909802753312, -32.891551495219673 ], [ -68.979860583762559, -32.89158860794273 ], [ -68.979731337092758, -32.891568303366164 ], [ -68.979676497614861, -32.891487146927197 ], [ -68.979627434909801, -32.8913806362835 ], [ -68.979572074513371, -32.891313269037099 ], [ -68.97947998817132, -32.891284641413499 ], [ -68.97940712432252, -32.891332457462795 ], [ -68.979413727108565, -32.891417750888131 ], [ -68.979387979868463, -32.891500801231025 ], [ -68.979400056158852, -32.891545720551235 ], [ -68.979405967131157, -32.891580428648446 ], [ -68.979405102731022, -32.891673636366683 ], [ -68.97932559711542, -32.891714966116467 ], [ -68.979208283712424, -32.891730409489462 ], [ -68.979119896685802, -32.891722212114246 ], [ -68.979016673093142, -32.891688594482588 ], [ -68.978946081812538, -32.891745678515242 ], [ -68.978903650563282, -32.891827975039106 ], [ -68.978789199721504, -32.891868222658744 ], [ -68.978685389093329, -32.89188873854259 ], [ -68.978597267978259, -32.8918744080148 ], [ -68.97859083198739, -32.891842505809336 ], [ -68.978596906495184, -32.891773792105525 ], [ -68.978520090839524, -32.891716686653666 ], [ -68.978456294917294, -32.891676607972563 ], [ -68.978398546171476, -32.89167397586337 ], [ -68.978352832644376, -32.891756237856121 ], [ -68.97829624437216, -32.891812485701202 ], [ -68.978165533129754, -32.891830065416308 ], [ -68.977992140246599, -32.891856865304 ], [ -68.977924756469747, -32.891896668729991 ], [ -68.977888130894684, -32.891942108226623 ], [ -68.977919324157909, -32.891999477162145 ], [ -68.977944081764463, -32.892076779104777 ], [ -68.977937631339856, -32.892137486487947 ], [ -68.977873784571287, -32.892233419290498 ], [ -68.977808580416166, -32.892278819223094 ], [ -68.977667230305286, -32.892295046610123 ], [ -68.977595726228316, -32.892371964553917 ], [ -68.977564115300723, -32.892461201505036 ], [ -68.977539667504246, -32.892571030505813 ], [ -68.977540765327873, -32.89269588529406 ], [ -68.977603742987682, -32.892744282254 ], [ -68.977748721970997, -32.892767236357962 ], [ -68.977867406803497, -32.892645529042326 ], [ -68.977905590717498, -32.89259861101992 ], [ -68.977993942610553, -32.892545502800886 ], [ -68.978061044955211, -32.892572420144525 ], [ -68.978075632518653, -32.892724581685492 ], [ -68.978139128004742, -32.892840326489569 ], [ -68.978112284362581, -32.892931150107344 ], [ -68.978049657589324, -32.893000558389957 ], [ -68.977873573786525, -32.893119714621648 ], [ -68.977742147501033, -32.893188894549198 ], [ -68.977639864047902, -32.89320243383375 ], [ -68.977510148145257, -32.893179686579209 ], [ -68.977403352313786, -32.893135974955484 ], [ -68.977254546123731, -32.893082607994337 ], [ -68.977119158057064, -32.893022782797786 ], [ -68.97703451954402, -32.893015747224268 ], [ -68.977009666400264, -32.893061751057068 ], [ -68.977036075775885, -32.893132482352655 ], [ -68.977073881045385, -32.89326601537833 ], [ -68.977043761781118, -32.893341373482045 ], [ -68.976995141397296, -32.893401238904886 ], [ -68.976951259814214, -32.893423507389969 ], [ -68.976902887468015, -32.893408418154586 ], [ -68.976822157467964, -32.893347675813743 ], [ -68.97672482381877, -32.893271330699463 ], [ -68.976625296688511, -32.893218359350676 ], [ -68.976544503334395, -32.893244003478273 ], [ -68.976450402768663, -32.893272538781858 ], [ -68.97637783182509, -32.893287598277432 ], [ -68.97636446740718, -32.893241290965562 ], [ -68.976381224956313, -32.893195527880927 ], [ -68.976406492720926, -32.893113077676269 ], [ -68.976402305098418, -32.893036100150397 ], [ -68.976359790951363, -32.89295069229788 ], [ -68.97628118906195, -32.892874128486916 ], [ -68.976152984631867, -32.892866152228173 ], [ -68.97603766285016, -32.892851021989074 ], [ -68.975943928283044, -32.892843770239821 ], [ -68.975809901259865, -32.89286826537478 ], [ -68.975698384700763, -32.892900967948698 ], [ -68.975618364615059, -32.892934782788991 ], [ -68.975578888823009, -32.892970042126727 ], [ -68.975562140209391, -32.893020576920826 ], [ -68.975570391488191, -32.893101196407549 ], [ -68.975535596515627, -32.893154729943461 ], [ -68.975495474235913, -32.893196677038659 ], [ -68.975400155597626, -32.893185904464943 ], [ -68.97529009879095, -32.893170894074565 ], [ -68.975202276774283, -32.893189423460278 ], [ -68.975145688813953, -32.893235835467713 ], [ -68.975132756802395, -32.893285561079168 ], [ -68.975084263574104, -32.893352222523106 ], [ -68.974963938624299, -32.893396241990736 ], [ -68.974793841191143, -32.893386345758529 ], [ -68.974605271596843, -32.893364870389433 ], [ -68.974494002514334, -32.893361375291271 ], [ -68.974484214968001, -32.893307361183595 ], [ -68.974490804102999, -32.893226225096178 ], [ -68.974436479601735, -32.893177187146513 ], [ -68.974367839144364, -32.893174812140536 ], [ -68.974297509809404, -32.89315277951917 ], [ -68.974261648319981, -32.893079254824073 ], [ -68.974183151692344, -32.893009305053972 ], [ -68.974039700909373, -32.892952480129907 ], [ -68.973912189225032, -32.892928045467308 ], [ -68.973773753330121, -32.892919817986041 ], [ -68.973675296664524, -32.892935109084924 ], [ -68.9735725291318, -32.892939149209283 ], [ -68.973445800418816, -32.892904895109595 ], [ -68.973343930011396, -32.892818593728549 ], [ -68.97326036806453, -32.892785020616856 ], [ -68.973168482947173, -32.892770341644876 ], [ -68.973084279590239, -32.892820700393301 ], [ -68.972991843544264, -32.892874134558653 ], [ -68.972860957993703, -32.892948133760513 ], [ -68.972753880494594, -32.892995953682764 ], [ -68.972634756621815, -32.893043307739163 ], [ -68.972476231574504, -32.893063503837624 ], [ -68.972405312702747, -32.893013171871488 ], [ -68.972305015424723, -32.892938724087905 ], [ -68.972194144635182, -32.892912025951944 ], [ -68.972024049808638, -32.892885885373843 ], [ -68.971866957951605, -32.892875509643453 ], [ -68.971788500902136, -32.89284519901264 ], [ -68.971754062311803, -32.892769437081228 ], [ -68.971744786510442, -32.892645415504091 ], [ -68.971714119764272, -32.892558694007441 ], [ -68.971620232834354, -32.89250824245584 ], [ -68.971493115798779, -32.892489025183231 ], [ -68.97140093225488, -32.892509852608427 ], [ -68.971262128828101, -32.892553592472545 ], [ -68.97118308679741, -32.892595570254599 ], [ -68.971122703623436, -32.892625825761257 ], [ -68.97113954248546, -32.892715740609752 ], [ -68.971110267234423, -32.892821296383104 ], [ -68.971076872636445, -32.892886319381603 ], [ -68.971020918689931, -32.892926745714917 ], [ -68.970933669769664, -32.892950408202523 ], [ -68.9708149054877, -32.892926305662975 ], [ -68.970692641150279, -32.892855718480462 ], [ -68.970591285828547, -32.892741399149031 ], [ -68.970541665914538, -32.892634936807291 ], [ -68.970490320838906, -32.892584410993869 ], [ -68.970394255541208, -32.892585675942925 ], [ -68.970273871837207, -32.892602005994917 ], [ -68.970219265597493, -32.892684474925886 ], [ -68.970181805629878, -32.892798612408342 ], [ -68.970183631891061, -32.892908801663722 ], [ -68.970121555816064, -32.893003886245154 ], [ -68.970041149289358, -32.893101349220601 ], [ -68.969961344943641, -32.893205682627844 ], [ -68.969899188081058, -32.893292074796904 ], [ -68.969834244482072, -32.893321646168602 ], [ -68.969736758967926, -32.893298522069202 ], [ -68.969630772284944, -32.893242858578105 ], [ -68.969526928026852, -32.893230946175606 ], [ -68.96942451233447, -32.89329509977469 ], [ -68.969363167332759, -32.893403274543424 ], [ -68.969317489379122, -32.893482187176005 ], [ -68.969262215103257, -32.893488755717129 ], [ -68.969195721029692, -32.893441003030262 ], [ -68.96911786622276, -32.893346557415775 ], [ -68.969029777724245, -32.893263888935046 ], [ -68.968908327086154, -32.893216138715161 ], [ -68.968654900952203, -32.89318482924174 ], [ -68.968442788410414, -32.893173100660853 ], [ -68.968309152494683, -32.893199056069783 ], [ -68.968311351526509, -32.893255844651975 ], [ -68.968387964802844, -32.893352944179448 ], [ -68.968408444572347, -32.89349563555897 ], [ -68.968311197484397, -32.893586031067002 ], [ -68.968200336607026, -32.893586202758776 ], [ -68.967938966522496, -32.893494585882358 ], [ -68.96768328202802, -32.893381666890178 ], [ -68.967533550482031, -32.893271609873942 ], [ -68.967310327323929, -32.893210172663366 ], [ -68.967145384326017, -32.893156677345239 ], [ -68.967052755905939, -32.893136097727655 ], [ -68.967046924414603, -32.893077639543932 ], [ -68.967130200204835, -32.89303525152279 ], [ -68.96721296354103, -32.892965322860519 ], [ -68.967251888300652, -32.892872589797719 ], [ -68.967271378355207, -32.892779030970175 ], [ -68.967180975698753, -32.892626267936436 ], [ -68.967045714636171, -32.892523358260284 ], [ -68.966897407299768, -32.892441491547487 ], [ -68.966771206342955, -32.892398632472336 ], [ -68.966656727682903, -32.892476888253007 ], [ -68.966627949747675, -32.892574599382485 ], [ -68.966546068663263, -32.892668347631052 ], [ -68.966423426505216, -32.892720847864325 ], [ -68.966333260775997, -32.892764119334963 ], [ -68.966237145708618, -32.892749678827236 ], [ -68.966158990454375, -32.892739544963192 ] ] ] } },
{ "type": "Feature", "properties": { "fid": 123, "NOMBRE": "Arroyos", "VALOR": 4, "CUENCA": null, "TIPO": null, "Clase": null }, "geometry": { "type": "MultiLineString", "coordinates": [ [ [ -68.994792101439856, -32.926279274142907 ], [ -68.994636321351763, -32.92646160027698 ], [ -68.994620955442386, -32.926740299655435 ], [ -68.994669473603622, -32.92719146523978 ], [ -68.994366886787148, -32.927453842936906 ], [ -68.994114254001659, -32.927493662363652 ], [ -68.993908872331957, -32.927265166702796 ], [ -68.9937397247473, -32.927105073504791 ], [ -68.993574055828716, -32.927009438202958 ], [ -68.993457977214675, -32.926995350013605 ], [ -68.993284747906515, -32.927104271324851 ], [ -68.992780702476963, -32.927300760667137 ], [ -68.992414138857299, -32.927327197611334 ], [ -68.992162656115795, -32.927376470162002 ], [ -68.992047326215982, -32.927310945381848 ], [ -68.992027600294335, -32.927200096290036 ], [ -68.992022966890772, -32.927064342431713 ], [ -68.992028419462386, -32.926974708975472 ], [ -68.991984969166595, -32.926939911433415 ], [ -68.9919218448739, -32.926966816240046 ], [ -68.991834553971842, -32.927049109867561 ], [ -68.991718883582436, -32.927072379471902 ], [ -68.991567867671648, -32.927063532037955 ], [ -68.991450909920289, -32.927008083228849 ], [ -68.991334626293607, -32.926943928475374 ], [ -68.991235800324674, -32.926870962284639 ], [ -68.991119288360338, -32.926809031660007 ], [ -68.991029830932575, -32.926792831440629 ], [ -68.990972533701651, -32.926831411098384 ], [ -68.99087888210255, -32.926963379028329 ], [ -68.990808084879049, -32.927072816457212 ], [ -68.990727445528506, -32.927210304640596 ], [ -68.990669321613822, -32.927254693671728 ], [ -68.990561406743041, -32.92724054067822 ], [ -68.990434670787621, -32.927181500422456 ], [ -68.990318934543694, -32.927132143366137 ], [ -68.9901753511691, -32.927123209424963 ], [ -68.990052834878341, -32.927171877248881 ], [ -68.989976934769615, -32.927288669568227 ], [ -68.989931097759722, -32.927433811785299 ], [ -68.989907642512804, -32.927484296154816 ], [ -68.989850692279376, -32.927513670068301 ], [ -68.989761736554641, -32.927505125117285 ], [ -68.989618451968013, -32.927424478454647 ], [ -68.989508835767481, -32.9273559856845 ], [ -68.989326276876653, -32.927286066362662 ], [ -68.98921603464639, -32.9272847679131 ], [ -68.989117796106569, -32.927321500461296 ], [ -68.989052949012034, -32.927406525629863 ], [ -68.989007764610577, -32.927544360445509 ], [ -68.988961014912348, -32.927689824019382 ], [ -68.988875404418266, -32.927827136118331 ], [ -68.988767826082906, -32.927967589732283 ], [ -68.988656115151301, -32.92806125765248 ], [ -68.988467009708899, -32.928043404073541 ], [ -68.988280365350604, -32.92802502696032 ], [ -68.988098803828194, -32.928046379706302 ], [ -68.987963036848896, -32.928079868125963 ], [ -68.987869347480441, -32.928189291674819 ], [ -68.987745541820459, -32.9283265353546 ], [ -68.987612925553321, -32.928404021416604 ], [ -68.987495210719715, -32.928378137484792 ], [ -68.987332724069219, -32.92834584556212 ], [ -68.987135631309656, -32.928337275147044 ], [ -68.986988762578349, -32.928421508565528 ], [ -68.986943103799803, -32.928570643996139 ], [ -68.986938675181079, -32.92878756463557 ], [ -68.986920909959835, -32.92900148999064 ], [ -68.98690157080685, -32.92914044563063 ], [ -68.986847907303627, -32.929216614182657 ], [ -68.986727847606872, -32.929281994299153 ], [ -68.986671444080869, -32.929357471894434 ], [ -68.986638396087784, -32.929523309017412 ], [ -68.986577409515121, -32.929638542202383 ], [ -68.986477199397385, -32.929765094629417 ], [ -68.986289433452626, -32.929816705837631 ], [ -68.985918268073917, -32.929862416604088 ], [ -68.985640875547546, -32.929857594964268 ], [ -68.985421841612123, -32.92980283484178 ], [ -68.985273919419583, -32.92978813943963 ], [ -68.985125188643408, -32.929862040749391 ], [ -68.984926803268579, -32.929921922215279 ], [ -68.98437287502459, -32.929994971375962 ], [ -68.983870933588676, -32.930085410584191 ], [ -68.983524642513487, -32.930214406477035 ], [ -68.983039595671841, -32.930499055158805 ], [ -68.982499854723955, -32.930832849055982 ], [ -68.981919730133143, -32.931199118945045 ], [ -68.981195036205179, -32.931389104906977 ], [ -68.980693082255826, -32.93147150909909 ], [ -68.979990535170302, -32.931484380331803 ], [ -68.979505243046148, -32.931259921091751 ], [ -68.979124674114473, -32.931031389706177 ], [ -68.978326407218702, -32.930967939980633 ], [ -68.977502000515571, -32.930865923652249 ], [ -68.97667929539854, -32.930868615844439 ], [ -68.975828095020731, -32.930849192959705 ], [ -68.975033228306827, -32.930896979594358 ], [ -68.974090474099114, -32.931280653450656 ], [ -68.973378467766793, -32.931697544399725 ], [ -68.972949408810223, -32.931823903172649 ], [ -68.972693610166701, -32.931889161026191 ], [ -68.97248426088386, -32.93190512626569 ], [ -68.972352790644265, -32.931876956958213 ], [ -68.972264828834071, -32.931806293950302 ], [ -68.972047845993615, -32.931724641522614 ], [ -68.971771972385255, -32.931638691737732 ], [ -68.971435042837626, -32.931586342703383 ], [ -68.971038383278184, -32.931564345589635 ], [ -68.970749128077955, -32.931653649849721 ], [ -68.970343699884936, -32.931785024962338 ], [ -68.970010665548386, -32.931845852468449 ], [ -68.969772424707685, -32.931869525850743 ], [ -68.969500152557956, -32.931826308614866 ], [ -68.969326683632787, -32.931792990308374 ], [ -68.969103085906497, -32.931820269676024 ], [ -68.96885879841065, -32.931882759637503 ], [ -68.968598195731744, -32.93195629922004 ], [ -68.968328259557694, -32.931972776955163 ], [ -68.968046992973086, -32.931958658339518 ], [ -68.967791486142104, -32.931939724021355 ], [ -68.967616408859044, -32.931946717815926 ], [ -68.967399034087933, -32.932026713358269 ], [ -68.967282734092294, -32.932165829773076 ], [ -68.967203725878804, -32.932302052084744 ], [ -68.967124697939965, -32.932493001103019 ], [ -68.967096087411562, -32.932719481746936 ], [ -68.96711367161312, -32.932892253999256 ], [ -68.967118880011654, -32.932966117152866 ], [ -68.967067989866564, -32.933036170452084 ], [ -68.966913580374282, -32.933036826684301 ], [ -68.966710706963667, -32.933022679393844 ], [ -68.966537601854043, -32.933139834029717 ], [ -68.966362032010522, -32.933268238715989 ], [ -68.966131987446971, -32.933367654121895 ], [ -68.965845859424974, -32.933424484647027 ], [ -68.965492501346645, -32.933429742795575 ], [ -68.965148337716613, -32.933427287929803 ], [ -68.964724109428374, -32.933414004182318 ], [ -68.96447781618447, -32.933372408651763 ], [ -68.964395603765851, -32.933295036132847 ], [ -68.964332706234799, -32.933122978613071 ], [ -68.964254977759055, -32.932962719887023 ], [ -68.964127790209218, -32.932789642883137 ], [ -68.963906888059768, -32.932636458115269 ], [ -68.963640509403476, -32.932498784395285 ], [ -68.963311385560559, -32.932359745124465 ], [ -68.9629755790058, -32.932228663868344 ], [ -68.962747193132429, -32.932148764366168 ], [ -68.9625581595418, -32.93213070899202 ], [ -68.962403521487829, -32.932158881997267 ], [ -68.962398173469765, -32.932258092612642 ], [ -68.962242728190816, -32.93243304947358 ], [ -68.962121348897583, -32.932599868518722 ], [ -68.961886320471464, -32.932830283707638 ], [ -68.961700779323834, -32.933003799674957 ], [ -68.961519391209961, -32.933161636016912 ], [ -68.961378140501111, -32.933247703987043 ], [ -68.961219552946901, -32.933275482576668 ], [ -68.961029861559908, -32.933252683098488 ], [ -68.960713248862035, -32.93312207464222 ], [ -68.960237346765282, -32.932951651930047 ], [ -68.959908262233043, -32.932872752674299 ], [ -68.959413347436438, -32.932815779055979 ], [ -68.958885763003337, -32.932774253453978 ], [ -68.958431048825574, -32.932703858615987 ], [ -68.957995673965968, -32.932693650852364 ], [ -68.95779766213056, -32.932725144050593 ], [ -68.957556633031544, -32.932847269743526 ], [ -68.957251383109124, -32.933042397098944 ], [ -68.95697017153114, -32.93323286090952 ], [ -68.956659062192898, -32.933521280393911 ], [ -68.956323491745508, -32.933830342516458 ], [ -68.955843637893139, -32.934238403657339 ], [ -68.955423350084345, -32.934471901059325 ], [ -68.955032525234884, -32.934673654015725 ], [ -68.954759810737528, -32.934906896975654 ], [ -68.954565502730162, -32.935149133849073 ], [ -68.954356409701461, -32.935474895652398 ], [ -68.954287290710027, -32.935861486079233 ], [ -68.954200294919005, -32.936322418039438 ], [ -68.95404551338676, -32.936821571033221 ], [ -68.953836191893316, -32.937337171243968 ], [ -68.953355064822503, -32.938075819504256 ], [ -68.952909754674565, -32.93861212926226 ], [ -68.95208644488811, -32.939308667435597 ], [ -68.951495343538411, -32.939882173370876 ], [ -68.950851633979212, -32.940518958876396 ], [ -68.950244542698329, -32.941239300474862 ] ] ] } },
{ "type": "Feature", "properties": { "fid": 124, "NOMBRE": "Tributarios", "VALOR": 3, "CUENCA": null, "TIPO": null, "Clase": null }, "geometry": { "type": "MultiLineString", "coordinates": [ [ [ -68.985037354785504, -32.897638934119698 ], [ -68.984982894019794, -32.897502261369155 ], [ -68.984960530756027, -32.897378334195032 ], [ -68.985021422803214, -32.897311463318914 ], [ -68.984989130240024, -32.897192371123346 ], [ -68.984829167145151, -32.89711823804442 ], [ -68.984698565310254, -32.897126951318747 ], [ -68.984579303192163, -32.897077358566058 ], [ -68.984392130682309, -32.897095851175671 ], [ -68.984254989396746, -32.897083892993273 ], [ -68.984124464296613, -32.897124748730654 ], [ -68.983997711715105, -32.897134548234177 ], [ -68.98388282094524, -32.897152291855818 ], [ -68.983732152569843, -32.897169984138998 ], [ -68.983569213826712, -32.897168974949182 ], [ -68.983439444161931, -32.897133063621887 ], [ -68.98334331994964, -32.897197065475801 ], [ -68.98319341281622, -32.89726038640363 ], [ -68.983106285374618, -32.897328502451359 ], [ -68.983037558370967, -32.897384121117156 ], [ -68.982918395859429, -32.897394073863566 ], [ -68.982843823325382, -32.897472854713563 ], [ -68.98268580320574, -32.897483218797021 ], [ -68.982510715782979, -32.89746843520836 ], [ -68.982289349914225, -32.897348126883031 ], [ -68.982185165397169, -32.897302839906011 ], [ -68.982130521775574, -32.89733805356596 ], [ -68.982077229207363, -32.897314795181742 ], [ -68.982063034314677, -32.897258383898411 ], [ -68.982007697237151, -32.897212354566221 ], [ -68.981891275606429, -32.897227106422307 ], [ -68.981789104485671, -32.89734624082017 ], [ -68.981682391801428, -32.897402296125868 ], [ -68.981558564930552, -32.897509781021171 ], [ -68.981418626072013, -32.897571819239552 ], [ -68.981227045100027, -32.897651490416457 ], [ -68.981072135098429, -32.897728051972628 ], [ -68.980930127612922, -32.897805489323652 ], [ -68.980763546003899, -32.897844688469128 ], [ -68.98061364596964, -32.897817388749594 ], [ -68.980492103270322, -32.897806855156553 ], [ -68.980361456036889, -32.8979134760636 ], [ -68.980192170441882, -32.898086247090461 ], [ -68.980059997239081, -32.898172817949209 ], [ -68.98001493752254, -32.898246995171505 ], [ -68.980033643036052, -32.898356214228244 ], [ -68.980090836024786, -32.898409347496951 ], [ -68.980124160598066, -32.898508228954519 ], [ -68.980133625256684, -32.898622539669084 ], [ -68.980056357716919, -32.898756483012114 ], [ -68.979965298885702, -32.89886552613531 ] ] ] } },
{ "type": "Feature", "properties": { "fid": 125, "NOMBRE": "Tributarios", "VALOR": 3, "CUENCA": null, "TIPO": null, "Clase": null }, "geometry": { "type": "MultiLineString", "coordinates": [ [ [ -68.981682621965035, -32.871337294171994 ], [ -68.981541498406415, -32.871349049246554 ], [ -68.981362238318212, -32.871300629948557 ], [ -68.981209736470106, -32.871198021808368 ], [ -68.981040584106424, -32.871137081310557 ], [ -68.980904730467017, -32.871164468040554 ], [ -68.980697387353445, -32.871086988511912 ], [ -68.980606318691613, -32.871061823994516 ], [ -68.980533319060441, -32.871109201176232 ], [ -68.980406110231158, -32.871146123951519 ], [ -68.980227974462991, -32.871073690222914 ], [ -68.979965470943128, -32.87100289275844 ], [ -68.979346556656722, -32.870949438445244 ], [ -68.978838952013476, -32.87091656866798 ], [ -68.978362828458842, -32.870845669322925 ], [ -68.978109654893771, -32.870884655737115 ], [ -68.977937252022926, -32.870935162478133 ], [ -68.977616417524032, -32.871004649915179 ], [ -68.977294244248185, -32.870952935111191 ], [ -68.976973874490838, -32.8708108118133 ], [ -68.976692215948958, -32.870649763867178 ], [ -68.976373759616806, -32.870600999418329 ], [ -68.976161112081087, -32.870464419457818 ], [ -68.975813445751228, -32.87034139559649 ], [ -68.975615774076132, -32.8702036924224 ], [ -68.975383004262525, -32.870136540322136 ], [ -68.97518077023939, -32.870085298764756 ], [ -68.974890985447104, -32.870021282052022 ] ] ] } },
{ "type": "Feature", "properties": { "fid": 126, "NOMBRE": "Arroyos", "VALOR": 4, "CUENCA": null, "TIPO": null, "Clase": null }, "geometry": { "type": "MultiLineString", "coordinates": [ [ [ -68.968888132301942, -32.794101160153794 ], [ -68.968802534886933, -32.794188602122439 ], [ -68.968750090674845, -32.794278739984954 ], [ -68.968690493185292, -32.794439754790709 ], [ -68.968636744560769, -32.794595931529187 ], [ -68.968569593097314, -32.794676639266605 ], [ -68.968438326036321, -32.794775018651322 ], [ -68.968321296541475, -32.794892947212212 ], [ -68.968201906823552, -32.795028655993313 ], [ -68.968128493751266, -32.795171597771187 ], [ -68.968088337262699, -32.795342876644177 ], [ -68.968012149691234, -32.795554697951921 ], [ -68.967876818725003, -32.795737494054471 ], [ -68.967718847544916, -32.795878766719099 ], [ -68.967544766767404, -32.795978570072698 ], [ -68.96736323370348, -32.796074493112194 ], [ -68.967111394812335, -32.796194347138588 ], [ -68.966855724817677, -32.796291330270542 ], [ -68.966564181698331, -32.796314420706189 ], [ -68.966240372827414, -32.796302351070096 ], [ -68.965715362375434, -32.796212873911514 ], [ -68.965330660123342, -32.796065167467738 ], [ -68.964985593423151, -32.795875397097504 ], [ -68.964599537769573, -32.795759432507936 ], [ -68.964227410623025, -32.795680650686393 ], [ -68.963872132226626, -32.795605047082837 ], [ -68.963544347259543, -32.7955805958835 ], [ -68.96332812922131, -32.79559875066191 ], [ -68.963045658879494, -32.795617497619759 ], [ -68.962673742583632, -32.795592295647907 ], [ -68.962219940032412, -32.795486250061288 ], [ -68.961617974240355, -32.795260119121934 ], [ -68.961329696044999, -32.795160788363937 ], [ -68.960837018507917, -32.795019733756618 ] ] ] } },
{ "type": "Feature", "properties": { "fid": 131, "NOMBRE": "Tributarios", "VALOR": 3, "CUENCA": null, "TIPO": null, "Clase": null }, "geometry": { "type": "MultiLineString", "coordinates": [ [ [ -68.956399936918544, -32.779867902629235 ], [ -68.956342929089701, -32.779929742689909 ], [ -68.956291445606979, -32.779996389823573 ], [ -68.956223261401462, -32.780054822196085 ], [ -68.956110761211377, -32.780149453682974 ], [ -68.955986592207282, -32.780201210713095 ], [ -68.955876840199551, -32.780230922163575 ], [ -68.955757062247955, -32.780237925619808 ], [ -68.955631381317261, -32.780239341877248 ], [ -68.955477236655966, -32.780241455075263 ], [ -68.955352066897149, -32.780225936240832 ], [ -68.955230689978023, -32.780181585350661 ], [ -68.955161391143804, -32.78010190059743 ], [ -68.955186842430365, -32.779997816428207 ], [ -68.955162301116545, -32.779920981827345 ], [ -68.955062588320033, -32.779802280878897 ], [ -68.954919485406435, -32.779677511217209 ], [ -68.9547354583257, -32.779575701673828 ], [ -68.954564418540386, -32.779544509557709 ], [ -68.954422567557316, -32.779555499487572 ], [ -68.954285052540669, -32.779476146539409 ], [ -68.954173206229626, -32.77949759871197 ], [ -68.954001502968552, -32.779440220347496 ], [ -68.95382728027549, -32.779367938020478 ], [ -68.953659686571626, -32.779334182837616 ], [ -68.953559745125887, -32.779306362481329 ], [ -68.953486571605268, -32.779243946607529 ], [ -68.953461232306708, -32.779181164297604 ], [ -68.953382911729179, -32.779117633809598 ], [ -68.953184019681686, -32.779101145299435 ], [ -68.95293818913882, -32.779107635707433 ], [ -68.95276715196708, -32.779068564158116 ], [ -68.952646855777431, -32.779025280846717 ], [ -68.952546997812561, -32.778961477424801 ], [ -68.952415535002658, -32.778899151304941 ], [ -68.952157682134469, -32.7788488545268 ], [ -68.951999542670606, -32.778867778105514 ], [ -68.951799989001501, -32.778879552477221 ], [ -68.951587294521872, -32.778857270045791 ], [ -68.951445009969447, -32.778829711416712 ], [ -68.951290379443577, -32.778804804486022 ], [ -68.951191492977969, -32.77884295841077 ], [ -68.951068857968977, -32.778934527162555 ], [ -68.950938208139604, -32.778954670979111 ], [ -68.950782978465071, -32.778937845737879 ], [ -68.950626320118616, -32.77893589988637 ], [ -68.950543506135162, -32.77895865851896 ], [ -68.950498980057731, -32.779034322162438 ], [ -68.950432429392578, -32.77912529598553 ], [ -68.950307317584304, -32.779228924493289 ], [ -68.950171562698529, -32.779253160822648 ], [ -68.950058689196354, -32.779291433163841 ], [ -68.949989913203979, -32.77935028307818 ], [ -68.949907465228932, -32.779455187668098 ], [ -68.949814565540194, -32.779567831131914 ], [ -68.949716872743153, -32.779666944807019 ], [ -68.949601082975917, -32.779747948900258 ], [ -68.949399918796473, -32.779827393516982 ], [ -68.94917603933547, -32.779893780519686 ], [ -68.948756373340288, -32.779991940365832 ], [ -68.948520075945524, -32.779997523201594 ], [ -68.948355875569746, -32.780030009457697 ], [ -68.948218171411511, -32.780098356053145 ], [ -68.948168732884866, -32.780219778584005 ], [ -68.948081299828999, -32.780404148797238 ], [ -68.947984550839749, -32.78057142168575 ], [ -68.947847964702206, -32.780763634543284 ], [ -68.947661232077692, -32.780959401810158 ], [ -68.947400442988922, -32.781179663093532 ], [ -68.947089355824957, -32.781371736722861 ], [ -68.946779447966577, -32.78151507925358 ], [ -68.946568997292346, -32.781613819397016 ], [ -68.946340491698422, -32.781718495330402 ], [ -68.946135708080945, -32.781787463071502 ], [ -68.945952498653639, -32.781886296610033 ], [ -68.945790982789774, -32.781996924857417 ], [ -68.945650492189515, -32.782162220551783 ], [ -68.945509928236291, -32.782327554641164 ], [ -68.945359078471455, -32.782472501395105 ], [ -68.94521078165026, -32.782620358999949 ], [ -68.945066500701174, -32.782722559770747 ], [ -68.944894048891868, -32.782780854100778 ], [ -68.944715991140654, -32.782782576504047 ], [ -68.944557597063621, -32.78284779933108 ], [ -68.94439617384586, -32.782879944664856 ], [ -68.944217842911129, -32.78286609549447 ], [ -68.944000231186024, -32.782914033302248 ], [ -68.943765926458681, -32.782972906239436 ], [ -68.943584148867998, -32.783057605707491 ], [ -68.943385731044742, -32.783206963865133 ], [ -68.943230036728622, -32.783315364533273 ], [ -68.943076439593042, -32.783409765645281 ], [ -68.942901262630613, -32.783539346945943 ], [ -68.942727364021863, -32.783694664345909 ], [ -68.942636819678086, -32.783749403959924 ], [ -68.942460255496812, -32.78380690807159 ], [ -68.942261825558646, -32.7838458864952 ], [ -68.941944340446568, -32.783909904992257 ], [ -68.941747459521707, -32.783932430599286 ], [ -68.941554061167977, -32.78391769111338 ], [ -68.941347597221977, -32.783873327995799 ], [ -68.941115570700944, -32.783829009619829 ], [ -68.940682197472412, -32.783733938242783 ], [ -68.940324412308158, -32.783614003269413 ], [ -68.93993277404283, -32.783510755714993 ], [ -68.93936521236958, -32.783324589762081 ], [ -68.938991886795222, -32.783237917361483 ], [ -68.938365242836952, -32.783089500678649 ], [ -68.937913914222861, -32.782984720632832 ], [ -68.937254357166537, -32.78280116475311 ], [ -68.936823540219962, -32.782678341198036 ] ] ] } },
{ "type": "Feature", "properties": { "fid": 137, "NOMBRE": "Arroyos", "VALOR": 4, "CUENCA": null, "TIPO": null, "Clase": null }, "geometry": { "type": "MultiLineString", "coordinates": [ [ [ -68.97570994828952, -32.870515832931616 ], [ -68.975144505497681, -32.870187660641029 ], [ -68.974481773467403, -32.869721011722966 ], [ -68.973799004086771, -32.869331642056252 ], [ -68.973026807800849, -32.868912756749552 ], [ -68.97218916425777, -32.868547707541786 ], [ -68.971644243795339, -32.868342712396135 ], [ -68.971050713482555, -32.868176531691326 ], [ -68.970368683371419, -32.868136262542748 ], [ -68.969201866899525, -32.867952050085691 ], [ -68.96843103502178, -32.867767378676852 ], [ -68.967485969944818, -32.86748171024454 ], [ -68.966758590710825, -32.867243867291037 ], [ -68.966122478201669, -32.867116187311488 ], [ -68.965355538631286, -32.866901540395219 ], [ -68.964927510521022, -32.866657564339583 ] ] ] } },
{ "type": "Feature", "properties": { "fid": 138, "NOMBRE": "Tributarios", "VALOR": 3, "CUENCA": null, "TIPO": null, "Clase": null }, "geometry": { "type": "MultiLineString", "coordinates": [ [ [ -68.967381973957927, -32.685740477758159 ], [ -68.967097576597666, -32.685764419167207 ], [ -68.966830640183701, -32.685749337798839 ], [ -68.966523274985619, -32.685709346312002 ], [ -68.966289046850619, -32.685603173942326 ], [ -68.966092594149998, -32.685401806234928 ], [ -68.966018365541288, -32.685229424036145 ], [ -68.965992261955165, -32.684992684517603 ], [ -68.966027452816618, -32.684638122328089 ], [ -68.966054317515685, -32.684189564355165 ], [ -68.966088509371559, -32.683815192593521 ], [ -68.96604360017723, -32.683503133735996 ], [ -68.965908507679643, -32.683279871034884 ], [ -68.965645119365746, -32.682979996232625 ], [ -68.965458200590589, -32.68284556088728 ], [ -68.965230750575145, -32.682566834342339 ], [ -68.965131286760453, -32.682303621648501 ], [ -68.965011092052379, -32.682004340520912 ], [ -68.96476921197609, -32.681762184669985 ], [ -68.964536244133569, -32.68162219804438 ], [ -68.964176724294788, -32.681373763202416 ], [ -68.963875797870401, -32.681231965460462 ], [ -68.963531612879848, -32.681105607502694 ], [ -68.963288173811833, -32.680970118586785 ], [ -68.963014124541502, -32.680577559345942 ], [ -68.962922368587073, -32.680336535420061 ], [ -68.962840436302159, -32.680050676370264 ], [ -68.962737267294798, -32.679666590350827 ], [ -68.962601880858699, -32.679260977354026 ], [ -68.962465221733297, -32.678904610621622 ], [ -68.962274864648052, -32.678607430422211 ], [ -68.962131797588341, -32.67838483301729 ], [ -68.961979550822051, -32.678031264861275 ], [ -68.961845951743868, -32.677728160101054 ], [ -68.961827532656869, -32.677476980008407 ], [ -68.961691682589347, -32.677242487584287 ], [ -68.96145908562228, -32.676979280652745 ], [ -68.961300152724263, -32.676708219262672 ], [ -68.96118321927564, -32.67645640598154 ], [ -68.960762951895973, -32.676176603880847 ], [ -68.960262670038475, -32.675949156299033 ], [ -68.95983447500663, -32.675646063610593 ], [ -68.959349908651745, -32.675272923202094 ], [ -68.95904379704416, -32.675128243539184 ], [ -68.958945740128939, -32.674851431849362 ], [ -68.958824507584353, -32.674749916547356 ], [ -68.958491930030775, -32.67474203705428 ], [ -68.958302557114607, -32.674528122120975 ], [ -68.958134963351966, -32.67448174985681 ], [ -68.957966160593713, -32.674247304606475 ], [ -68.957897517153, -32.673992608967652 ], [ -68.957964041567777, -32.673784215590899 ], [ -68.957783005423806, -32.6736794176987 ], [ -68.957511440049842, -32.67365991263901 ], [ -68.957351616059995, -32.673545044148057 ], [ -68.957349292800075, -32.673296088214158 ], [ -68.957165934966383, -32.67310383244596 ], [ -68.956878634717484, -32.672977071883423 ], [ -68.95635966227411, -32.672860924189699 ], [ -68.956158097107135, -32.672643190078865 ], [ -68.955909672503765, -32.672298817665606 ], [ -68.955636693291183, -32.67201047798391 ], [ -68.95522435088084, -32.671584460505898 ], [ -68.954981873056951, -32.671399145000123 ], [ -68.954877712601146, -32.670869227692364 ], [ -68.954621028514282, -32.670661105726062 ], [ -68.954080809300578, -32.670351477507197 ], [ -68.953621862500398, -32.669643545056644 ], [ -68.953094560020034, -32.669265160019762 ], [ -68.952502134646437, -32.668853177358578 ], [ -68.952299405362382, -32.668449071251288 ], [ -68.951890989594133, -32.66809046267894 ], [ -68.951660577559309, -32.667791745907167 ], [ -68.951464885659348, -32.667379161304318 ], [ -68.950999574837041, -32.666879401814434 ], [ -68.950835067694186, -32.66669008944595 ] ] ] } },
{ "type": "Feature", "properties": { "fid": 142, "NOMBRE": "Arroyos", "VALOR": 4, "CUENCA": null, "TIPO": null, "Clase": null }, "geometry": { "type": "MultiLineString", "coordinates": [ [ [ -68.979961423618079, -32.898865048094656 ], [ -68.979816867989996, -32.898791381258228 ], [ -68.979673964765112, -32.898742121892738 ], [ -68.979528269998056, -32.898738175354623 ], [ -68.979368376035637, -32.898749360166512 ], [ -68.97914908350819, -32.898779933468028 ], [ -68.97897453856676, -32.898833010400239 ], [ -68.97877901594542, -32.89881802040945 ], [ -68.978569174426781, -32.898785548193224 ], [ -68.978383253274799, -32.898796102040897 ], [ -68.978139261394119, -32.898821333581793 ], [ -68.977861039923525, -32.898913734545914 ], [ -68.977542322228558, -32.899023215920188 ], [ -68.977331085773244, -32.899110834290724 ], [ -68.977044275989911, -32.899136792218457 ], [ -68.976807723889806, -32.899170595610244 ], [ -68.976525021682619, -32.899278856536817 ], [ -68.976312179645603, -32.899371273992422 ], [ -68.976030111098922, -32.899445054883003 ], [ -68.975849602662208, -32.899475426127964 ], [ -68.975628394521465, -32.899445069055915 ], [ -68.97530057202701, -32.899373948401845 ], [ -68.97502577283484, -32.89922140994134 ], [ -68.974845118229254, -32.899119835178034 ], [ -68.974632014424103, -32.899075546210383 ], [ -68.974464944285629, -32.899167626773 ], [ -68.974197110471081, -32.899233679486692 ], [ -68.973818650962031, -32.899225923891507 ], [ -68.973410256166559, -32.899254363104923 ], [ -68.973173697148127, -32.899343922344904 ], [ -68.972926781422117, -32.899360570708978 ], [ -68.972651769427202, -32.899409024970311 ], [ -68.972477890741288, -32.899453271911 ], [ -68.972213835846318, -32.899454671417672 ], [ -68.971906521072057, -32.899367673115094 ], [ -68.971682582700609, -32.899399052374008 ], [ -68.971365621705502, -32.899476438744436 ], [ -68.971168916394944, -32.899576375146587 ], [ -68.971100917655974, -32.899669762181709 ], [ -68.971026402165208, -32.899786208860839 ], [ -68.970951356410694, -32.899866579592867 ], [ -68.970848144936738, -32.899900487474746 ], [ -68.970659511232228, -32.899861731395553 ], [ -68.970449650497514, -32.899807922397187 ], [ -68.970166005912901, -32.899768038177136 ], [ -68.969788639077834, -32.899694520237716 ], [ -68.969456933764079, -32.899657499601027 ], [ -68.969264007505899, -32.89960129844836 ], [ -68.968988639033327, -32.899549617778092 ], [ -68.968716329025071, -32.899522435532432 ], [ -68.968434261237448, -32.899444640570565 ], [ -68.968216463063229, -32.899377861261549 ], [ -68.968070394922023, -32.899374002292419 ], [ -68.967949273444333, -32.899448542472648 ], [ -68.967854550090465, -32.899585276383718 ], [ -68.967741651588014, -32.899759028903631 ], [ -68.967618054703493, -32.899856217815547 ], [ -68.967419269837137, -32.899889267965264 ], [ -68.967085146273476, -32.899850607757941 ], [ -68.966759863096414, -32.899767935584705 ], [ -68.966455630032044, -32.899727312247812 ], [ -68.966126142441567, -32.899745605071459 ], [ -68.965910171644026, -32.899793726540679 ], [ -68.965706414107885, -32.899830904683974 ], [ -68.965457143260508, -32.899844762857491 ], [ -68.965237635212702, -32.899844816165498 ], [ -68.965121058872469, -32.899795211045408 ], [ -68.965078992516922, -32.899707964172777 ], [ -68.965077337537039, -32.899599475659819 ], [ -68.965088450550112, -32.899486570921276 ], [ -68.965060925388769, -32.899374314461589 ], [ -68.964876060263251, -32.899307684823043 ], [ -68.964657647776434, -32.899246129719053 ], [ -68.964402725136964, -32.89921387160144 ], [ -68.964164443746157, -32.899162949809423 ], [ -68.963911751716495, -32.899035787978221 ], [ -68.963705543217898, -32.898865585771915 ], [ -68.96355336040574, -32.898551451995075 ], [ -68.963409057514582, -32.898306637671112 ], [ -68.963306640308829, -32.898070987610531 ], [ -68.96315721111506, -32.897853018416605 ], [ -68.962953585117944, -32.89765174089014 ] ] ] } },
{ "type": "Feature", "properties": { "fid": 145, "NOMBRE": null, "VALOR": 1, "CUENCA": null, "TIPO": null, "Clase": null }, "geometry": { "type": "MultiLineString", "coordinates": [ [ [ -68.969830090652692, -32.895260509826201 ], [ -68.969758088887374, -32.895262325187524 ], [ -68.969688896944916, -32.895314981746282 ], [ -68.969607780091081, -32.895347601164154 ], [ -68.969503544156638, -32.895351521624178 ], [ -68.969422471374997, -32.89529998751614 ], [ -68.969317032809386, -32.895295263385051 ], [ -68.969235366676955, -32.895294488515276 ], [ -68.969162994656443, -32.895272664780613 ], [ -68.969097913561015, -32.895305070905302 ], [ -68.969009624381428, -32.895293870065913 ], [ -68.968910437388303, -32.895253821757464 ], [ -68.968812455172554, -32.895219841667085 ], [ -68.968730429382688, -32.895209311111927 ], [ -68.96861818046267, -32.895233886905764 ], [ -68.968551979316999, -32.895268634625651 ], [ -68.968530714482526, -32.895305370811528 ], [ -68.968539551496889, -32.895330553215558 ], [ -68.968582718880796, -32.895368940480679 ], [ -68.968585163159503, -32.895408031786722 ], [ -68.968564474895231, -32.895459680227489 ], [ -68.968496644346658, -32.895482759092275 ], [ -68.968442016083159, -32.895457465310493 ], [ -68.968410989391572, -32.895417761489483 ], [ -68.968372135926657, -32.895365206063488 ], [ -68.968318082510493, -32.895338073195681 ], [ -68.968258404831175, -32.895351621017205 ], [ -68.968218089930915, -32.895407573395275 ], [ -68.968155091507455, -32.895462889951361 ], [ -68.968108464527475, -32.895520177574831 ], [ -68.968096930548867, -32.895591366364563 ], [ -68.968047593080541, -32.895639621453299 ], [ -68.967989507357714, -32.895625769135904 ], [ -68.967924148094056, -32.895591960942063 ], [ -68.967862659937865, -32.895569330445333 ], [ -68.967809589783514, -32.895594813968188 ], [ -68.967799094670227, -32.895668682972769 ], [ -68.967784931398015, -32.895750460757775 ], [ -68.967746231690072, -32.895788559587267 ], [ -68.96767667579347, -32.895806482378511 ], [ -68.967610617809029, -32.895783327262443 ], [ -68.96755982608623, -32.895777355658772 ], [ -68.967535569750567, -32.895817609731246 ], [ -68.967486713742474, -32.895836030834126 ], [ -68.967442780787607, -32.895834873390427 ], [ -68.96740085540398, -32.895856248564122 ], [ -68.967411501394793, -32.895893060039413 ], [ -68.967418997160664, -32.895934373577425 ], [ -68.967393251411806, -32.895969041347065 ], [ -68.967334042554967, -32.895978187815857 ], [ -68.967271786581961, -32.895954420735499 ], [ -68.967211484668852, -32.895953739798792 ], [ -68.967125746629009, -32.895980709502496 ], [ -68.967031504767277, -32.895968394766939 ], [ -68.966939876008482, -32.895964868541462 ], [ -68.966874757700083, -32.895999436205159 ], [ -68.966870465448167, -32.896051093223406 ], [ -68.966931895356822, -32.896111003519842 ], [ -68.966950798038312, -32.896151765526 ], [ -68.967037230649296, -32.896188812304771 ], [ -68.967059786116678, -32.896225612104068 ], [ -68.967048142338271, -32.896257631768101 ], [ -68.966975248656212, -32.896259101848905 ], [ -68.966887382998195, -32.896247588866828 ], [ -68.966841527032699, -32.896225099688273 ], [ -68.966807383700356, -32.896255690863832 ], [ -68.966754985547055, -32.896258829036356 ], [ -68.966715358172095, -32.896248623050873 ], [ -68.966697153269351, -32.896278384123882 ], [ -68.966672636066889, -32.896312709514767 ], [ -68.966645336224616, -32.896329630765116 ], [ -68.966596947949384, -32.896322753729947 ], [ -68.966568342917597, -32.896295887850634 ], [ -68.966531753063535, -32.896285289857666 ], [ -68.966495785925432, -32.896303758539297 ], [ -68.96645607235601, -32.896324864702805 ], [ -68.966398256847086, -32.896293091194593 ], [ -68.966317701978099, -32.896266890666773 ], [ -68.966248857732751, -32.89627096660535 ], [ -68.966216177425949, -32.896315011536863 ], [ -68.966211844713683, -32.896374473875262 ], [ -68.966162196795594, -32.896415880195889 ], [ -68.966101323657597, -32.896424292520294 ], [ -68.966018146711022, -32.896417357707477 ], [ -68.965951235572945, -32.896413848745453 ], [ -68.965930328602937, -32.89642427612133 ], [ -68.965934799033235, -32.896457186784275 ], [ -68.965990882534101, -32.89648504119328 ], [ -68.966030024927207, -32.8965125727984 ], [ -68.966030338196987, -32.89655491014166 ], [ -68.965996355785634, -32.896578169348622 ], [ -68.965944306693743, -32.896564533824865 ], [ -68.965881703213753, -32.896589904231107 ], [ -68.965798660029762, -32.896597155167306 ], [ -68.965789676519634, -32.896601112114503 ], [ -68.965777887040872, -32.896604838156229 ], [ -68.965725674433756, -32.89661463296445 ], [ -68.96563150860095, -32.896595155264109 ], [ -68.96554170624492, -32.896585422901566 ], [ -68.965469101616208, -32.89659827314194 ], [ -68.96545422552218, -32.896653440001323 ], [ -68.965429348351208, -32.896702308993241 ] ] ] } },
{ "type": "Feature", "properties": { "fid": 147, "NOMBRE": "Arroyos", "VALOR": 4, "CUENCA": null, "TIPO": null, "Clase": null }, "geometry": { "type": "MultiLineString", "coordinates": [ [ [ -68.960841839178627, -32.795017707262268 ], [ -68.960399757157575, -32.794953827955325 ], [ -68.959981923816116, -32.794933508822218 ], [ -68.959585273907251, -32.794927766733785 ], [ -68.959155078022079, -32.795023662058192 ], [ -68.958847485455252, -32.795130856985068 ], [ -68.958600175952895, -32.795289339809095 ], [ -68.958299403397646, -32.795516598393689 ], [ -68.957988237249864, -32.795713613602672 ], [ -68.957695387967163, -32.795910634521647 ], [ -68.957548322167113, -32.796112954422611 ], [ -68.957417132114898, -32.796352114370521 ], [ -68.957351372828541, -32.796576339586089 ], [ -68.95728431127074, -32.79673703491887 ], [ -68.95710060121759, -32.796895661942763 ], [ -68.95688336319752, -32.797119178114819 ], [ -68.956714081020422, -32.797281317049531 ], [ -68.95656643920745, -32.79734199258484 ], [ -68.956370666787095, -32.797409563674535 ], [ -68.956062246691488, -32.797483169235257 ], [ -68.955667731330166, -32.797483980836688 ], [ -68.955327310551795, -32.79751148853191 ], [ -68.954936565237247, -32.797717277304045 ], [ -68.95464602647219, -32.797834686275159 ], [ -68.954239267607406, -32.798013931526022 ], [ -68.953855990972045, -32.798113830961753 ], [ -68.953525470824076, -32.798256132935229 ], [ -68.9531140863795, -32.798507526550971 ], [ -68.952644780437595, -32.798859304964289 ] ] ] } },
{ "type": "Feature", "properties": { "fid": 151, "NOMBRE": "Arroyos", "VALOR": 4, "CUENCA": null, "TIPO": null, "Clase": null }, "geometry": { "type": "MultiLineString", "coordinates": [ [ [ -68.952653074198807, -32.798852970992144 ], [ -68.952464136367311, -32.798952542619453 ], [ -68.952116143287554, -32.79906666380019 ], [ -68.951608170963539, -32.799175225111675 ], [ -68.951289559992816, -32.799224332057705 ], [ -68.950931854152572, -32.799239443580653 ], [ -68.950618656984446, -32.799195816416599 ], [ -68.950221338020327, -32.799218233422394 ], [ -68.949829230247204, -32.799335851476535 ], [ -68.949512760551087, -32.799499243686824 ], [ -68.949179559015491, -32.799635609010068 ], [ -68.948768536398873, -32.799797738849051 ], [ -68.948300079721506, -32.799923466107664 ], [ -68.947864703976734, -32.800046003608045 ], [ -68.947309677996856, -32.800145976162177 ], [ -68.946551822269882, -32.800274341649377 ], [ -68.946176785583162, -32.800296302703579 ] ] ] } },
{ "type": "Feature", "properties": { "fid": 158, "NOMBRE": "Tributarios", "VALOR": 3, "CUENCA": null, "TIPO": null, "Clase": null }, "geometry": { "type": "MultiLineString", "coordinates": [ [ [ -68.9661538914537, -32.892733687060129 ], [ -68.966051849361321, -32.892739830210637 ], [ -68.965969470037749, -32.892799566658958 ], [ -68.965904650649449, -32.892884833105867 ], [ -68.965830641002, -32.892936476879122 ], [ -68.965672090849424, -32.892897357654427 ], [ -68.965568013894938, -32.892843654346898 ], [ -68.965345972219623, -32.892764658200313 ], [ -68.965193292734398, -32.892725174795522 ], [ -68.964987660556702, -32.89271762327045 ], [ -68.964844131533226, -32.892674387546087 ], [ -68.964614590928747, -32.892680783339713 ], [ -68.964439447396401, -32.892662721992934 ], [ -68.964264149291949, -32.892603050657684 ], [ -68.964087332556886, -32.892532654508585 ], [ -68.963956939916244, -32.892504871310422 ], [ -68.963864219772915, -32.892563060010019 ], [ -68.963889010289819, -32.89266091072404 ], [ -68.964152618765425, -32.892863873570057 ], [ -68.964303658252462, -32.893036480436493 ], [ -68.964288231048926, -32.893069250246462 ], [ -68.964213687481418, -32.893122118948796 ], [ -68.964115090046462, -32.893170726586902 ], [ -68.96403492810451, -32.893253740617965 ], [ -68.963993111321571, -32.893311745028406 ], [ -68.963919825542746, -32.893351023138294 ], [ -68.963760916924159, -32.893376369250866 ], [ -68.963616316946528, -32.893410560450242 ], [ -68.963486936571712, -32.893503013669928 ], [ -68.963367576424631, -32.893600262550578 ], [ -68.963211392535825, -32.893687251685861 ], [ -68.963156686777737, -32.893774798151881 ], [ -68.963132337237738, -32.893861155858467 ], [ -68.963165919564176, -32.893918943264339 ], [ -68.963247767124329, -32.893918546738298 ], [ -68.963372793496518, -32.893910463937203 ], [ -68.963480209301423, -32.893937240901465 ], [ -68.963511481929018, -32.894002127651866 ], [ -68.963485627953219, -32.894105558204828 ], [ -68.963416678548285, -32.894176590716306 ], [ -68.963348189077053, -32.89423068013366 ], [ -68.963209926056606, -32.894260834539821 ], [ -68.963093288715555, -32.894294517109948 ], [ -68.962986468836093, -32.894315616353182 ], [ -68.962908025910025, -32.894325692400798 ], [ -68.962848239573091, -32.894306865310625 ], [ -68.962826305435854, -32.894227073465878 ], [ -68.96280854777676, -32.894129436356721 ], [ -68.962797008945174, -32.894055297620028 ], [ -68.962739275876004, -32.893964792580832 ], [ -68.962675489656164, -32.893902393720886 ], [ -68.962613326962668, -32.893847782981446 ] ] ] } },
{ "type": "Feature", "properties": { "fid": 160, "NOMBRE": "Arroyos", "VALOR": 4, "CUENCA": null, "TIPO": null, "Clase": null }, "geometry": { "type": "MultiLineString", "coordinates": [ [ [ -68.964917581663428, -32.866649908262097 ], [ -68.963767729974265, -32.86609475667867 ], [ -68.962913868588359, -32.86565338148614 ], [ -68.962208630065405, -32.865455577622718 ], [ -68.961293838199779, -32.86542758294101 ], [ -68.960355188822348, -32.86557108408357 ], [ -68.959757230164001, -32.865459204392629 ], [ -68.958865262225061, -32.865318734621916 ], [ -68.958086036070782, -32.865314885976652 ], [ -68.957564425490673, -32.865145774441409 ], [ -68.956754922515231, -32.864977178637787 ], [ -68.955892890177779, -32.864746644950145 ], [ -68.95523929992234, -32.864588682042594 ], [ -68.954680059217253, -32.864334892868335 ], [ -68.954310469075168, -32.864065448456778 ], [ -68.953999177408946, -32.863774093168466 ], [ -68.953774145320438, -32.863549202320087 ], [ -68.953645200370829, -32.863341051888085 ], [ -68.953552119636953, -32.863070692733615 ], [ -68.953466949835104, -32.862786574599838 ], [ -68.953415427817916, -32.86260899781815 ], [ -68.953341062721492, -32.862531619912431 ], [ -68.953198318570102, -32.862506533481806 ], [ -68.952958161607228, -32.862526187778805 ], [ -68.952742570508647, -32.862543170657496 ], [ -68.952561243194552, -32.862592340840457 ], [ -68.952382424857447, -32.862663820906128 ], [ -68.952224512944412, -32.862674756461971 ], [ -68.951995338089702, -32.862582363394125 ], [ -68.951717038964517, -32.862508748734093 ], [ -68.951495388429464, -32.862490706641132 ], [ -68.951166519814322, -32.862477539454673 ], [ -68.950946960472621, -32.862511690874193 ], [ -68.950741894902336, -32.862650796624742 ], [ -68.950594839857672, -32.862749338410318 ], [ -68.950509228117468, -32.862777850075958 ], [ -68.950352788728438, -32.862790527379673 ], [ -68.950096748908123, -32.862821435927678 ], [ -68.949805639698752, -32.862891887333362 ], [ -68.949469289970679, -32.863028051578787 ], [ -68.94908780078876, -32.863149732000203 ], [ -68.948784011995798, -32.863274563213359 ], [ -68.948536057944466, -32.863384780831296 ], [ -68.948210885387596, -32.863512610160278 ], [ -68.947793708086223, -32.86357730864114 ], [ -68.947447053238193, -32.863565091975872 ], [ -68.947077116476152, -32.863472296992228 ], [ -68.946635315928901, -32.863447353359909 ], [ -68.946242677303673, -32.863405120367631 ], [ -68.945852445184016, -32.8633487845877 ], [ -68.945262734905484, -32.863208749316151 ], [ -68.94458723557905, -32.86296285438727 ], [ -68.943609204564694, -32.862424492933044 ], [ -68.943170638459037, -32.862197094101383 ], [ -68.942490468112382, -32.861829491775595 ], [ -68.941666521390616, -32.861666182389285 ] ] ] } },
{ "type": "Feature", "properties": { "fid": 171, "NOMBRE": "Tributarios", "VALOR": 3, "CUENCA": null, "TIPO": null, "Clase": null }, "geometry": { "type": "MultiLineString", "coordinates": [ [ [ -68.962615607884047, -32.893846906900535 ], [ -68.962477495187542, -32.893763965617538 ], [ -68.962352919076338, -32.893743662928898 ], [ -68.962208996283891, -32.893778748979599 ], [ -68.962080942751314, -32.893824121977829 ], [ -68.962043489834585, -32.89387877525062 ], [ -68.962033437378736, -32.894019776867815 ], [ -68.962020890084574, -32.894114940917149 ], [ -68.961961742570182, -32.89417634408332 ], [ -68.961851045268702, -32.894217110418751 ], [ -68.961726940761267, -32.894201224932928 ], [ -68.961621417288669, -32.894205664834892 ], [ -68.961496962958819, -32.894220401450632 ], [ -68.96138206744466, -32.894304866126433 ], [ -68.961256248224387, -32.894393341287241 ], [ -68.961070636696505, -32.894423367800648 ], [ -68.960959598112723, -32.894414223474897 ], [ -68.960868161563454, -32.894346831786983 ], [ -68.960801757374327, -32.894211231104514 ], [ -68.960752878134628, -32.894165408052409 ], [ -68.960665166406017, -32.894150558234479 ], [ -68.960650813888407, -32.894205496560332 ], [ -68.960571956638461, -32.894253080829948 ], [ -68.960398521874765, -32.894218551198954 ], [ -68.960363512445625, -32.894099907932336 ], [ -68.960332052771804, -32.893995699206123 ], [ -68.960231560071861, -32.893896807658784 ], [ -68.960094258456337, -32.893882586318718 ], [ -68.960030239927988, -32.893935647083325 ], [ -68.959969245318348, -32.894045794938137 ], [ -68.959896224726791, -32.894132888617818 ], [ -68.959795064907979, -32.894145287114348 ], [ -68.959688730709345, -32.894164773665871 ], [ -68.959576693519423, -32.894208759965345 ], [ -68.959549799019825, -32.894259370193957 ], [ -68.959593817738707, -32.894308608649006 ], [ -68.959643596745536, -32.894347141848172 ], [ -68.959631548511581, -32.894428505216979 ], [ -68.959583601355746, -32.89455463488423 ], [ -68.959499654465631, -32.894640484294733 ], [ -68.959372905372987, -32.894711388840996 ], [ -68.959280776906382, -32.894760866136103 ], [ -68.95921069304795, -32.89484757355892 ], [ -68.959173486406783, -32.894963340655949 ], [ -68.959112014546363, -32.895039127431779 ], [ -68.958966297684114, -32.895064890359485 ], [ -68.958821378674898, -32.895054477536725 ], [ -68.958666312885583, -32.894999052470503 ], [ -68.958490900095086, -32.894872553169549 ], [ -68.958382218152934, -32.894732970273807 ], [ -68.958266586243056, -32.894643105269594 ], [ -68.958183404881268, -32.894610701591454 ], [ -68.958093168209444, -32.894629090248777 ], [ -68.957981171247809, -32.894712876317207 ], [ -68.957859804275557, -32.894821640363467 ], [ -68.957734399794575, -32.894958461946551 ], [ -68.957582349599178, -32.895115147442368 ], [ -68.957461512041306, -32.895331175779553 ], [ -68.957385975881124, -32.89543283112404 ], [ -68.95729195814134, -32.895514159619914 ], [ -68.957197841882675, -32.895581186441618 ], [ -68.957049754378858, -32.89562843068417 ], [ -68.956836002217571, -32.895620110552869 ], [ -68.956659694686053, -32.89561195006398 ], [ -68.956521768205008, -32.895624294138358 ], [ -68.956428843553027, -32.895681115774352 ], [ -68.956404846776763, -32.895775774566467 ], [ -68.956387205167758, -32.895855540026126 ], [ -68.956320136608028, -32.895934576681277 ], [ -68.956238175984438, -32.895997518498618 ] ] ] } },
{ "type": "Feature", "properties": { "fid": 173, "NOMBRE": "Arroyos", "VALOR": 4, "CUENCA": null, "TIPO": null, "Clase": null }, "geometry": { "type": "MultiLineString", "coordinates": [ [ [ -68.948395723432881, -32.84686194639805 ], [ -68.948311008168147, -32.847150714665275 ], [ -68.948266871173644, -32.847548623700185 ], [ -68.948213865920707, -32.847909020305785 ], [ -68.948261309006014, -32.848301762487722 ], [ -68.948742223036902, -32.848614762032071 ], [ -68.949198500151454, -32.848965533580007 ], [ -68.949399409094625, -32.849171055779472 ], [ -68.94932755889387, -32.849509159508472 ], [ -68.949167405472338, -32.849714228072038 ], [ -68.949005581595841, -32.849851415215909 ], [ -68.948716198546492, -32.849965903604698 ], [ -68.948344702247169, -32.850171890197245 ], [ -68.947960605871799, -32.850396233672896 ], [ -68.947575817467325, -32.850454980683025 ], [ -68.94713464821946, -32.850646262560076 ], [ -68.946832023513124, -32.850949099890975 ], [ -68.946506459956638, -32.851589582163662 ], [ -68.946414783227794, -32.852131911724612 ], [ -68.946375371028225, -32.852674216694581 ], [ -68.946529377345996, -32.853210801443865 ], [ -68.946876383172793, -32.853569620673824 ], [ -68.947173995286064, -32.853719460206634 ], [ -68.947379621473402, -32.85380012757247 ], [ -68.94777818869791, -32.85386833799101 ], [ -68.94786011178644, -32.854032477381502 ], [ -68.947923422373464, -32.85440720291502 ], [ -68.947908347020189, -32.854872304782212 ], [ -68.947870462314071, -32.855157051564419 ], [ -68.947738185202255, -32.855454107707743 ], [ -68.947538997834201, -32.855651360350301 ], [ -68.947106533759296, -32.855869046164834 ], [ -68.94667213980587, -32.856070511567239 ], [ -68.946192256984176, -32.856249257740373 ], [ -68.945667258409003, -32.856416553266783 ], [ -68.945130556300327, -32.856572628552698 ], [ -68.944629246383457, -32.856690173204996 ], [ -68.944198585333183, -32.856807267723809 ], [ -68.943756829490994, -32.856876240366006 ], [ -68.943408742224904, -32.85683692139154 ], [ -68.942930532312573, -32.856841092243108 ], [ -68.942702120963403, -32.856902675016656 ], [ -68.942630767731941, -32.856972356506247 ], [ -68.942575823826459, -32.857074698270502 ], [ -68.942466148971633, -32.857181803451915 ], [ -68.942335012180152, -32.857265940920691 ], [ -68.942181354907945, -32.857242857524909 ], [ -68.941977182351252, -32.857219730117095 ], [ -68.941832454073705, -32.857257437537854 ], [ -68.941592685986478, -32.857352216157224 ], [ -68.941413015661297, -32.857399480860209 ], [ -68.941261084960246, -32.857381306025765 ], [ -68.941114455339175, -32.857386210347279 ], [ -68.940997107231169, -32.857470467145866 ], [ -68.94088081199105, -32.857572720071211 ], [ -68.940758062969849, -32.857661693568772 ], [ -68.940601518015569, -32.857826082093801 ], [ -68.940429093200706, -32.857928598193311 ], [ -68.940250034558829, -32.858031909891203 ], [ -68.939890784972576, -32.858313136356372 ], [ -68.939561001928737, -32.858531786979938 ], [ -68.93909013960571, -32.858775273934512 ], [ -68.938923670188345, -32.859103243691138 ], [ -68.938801937964541, -32.859518542876373 ], [ -68.938830471714681, -32.859919339675677 ], [ -68.938853658551523, -32.860425298552592 ], [ -68.938828966145223, -32.860895381381624 ], [ -68.938496410617631, -32.861258766557782 ], [ -68.938077602040835, -32.861518261613583 ] ] ] } },
{ "type": "Feature", "properties": { "fid": 174, "NOMBRE": "Arroyos", "VALOR": 4, "CUENCA": null, "TIPO": null, "Clase": null }, "geometry": { "type": "MultiLineString", "coordinates": [ [ [ -68.969481046428825, -32.946339515892447 ], [ -68.969182779499761, -32.946318663634038 ], [ -68.968850888047513, -32.946230704396022 ], [ -68.968476374644865, -32.946102905070433 ], [ -68.9682297074351, -32.946040298371898 ], [ -68.967980200442895, -32.946002448436353 ], [ -68.967645628393342, -32.945943268503392 ], [ -68.967315202765064, -32.9459306618783 ], [ -68.96704014413325, -32.945959067788301 ], [ -68.966754236078742, -32.945978538080013 ], [ -68.966558788939096, -32.945986055995093 ], [ -68.966365896091986, -32.946050259709928 ], [ -68.966185696880231, -32.94623346956898 ], [ -68.966067705896322, -32.946425351014383 ], [ -68.966010728707076, -32.946497819395091 ], [ -68.965819801618551, -32.946604596496108 ], [ -68.965606263548764, -32.94666065859186 ], [ -68.965369227756611, -32.946745952782038 ], [ -68.965186400790046, -32.946791049099232 ], [ -68.965055793387151, -32.946763979566349 ], [ -68.964949838289797, -32.946676800133929 ], [ -68.964887914699602, -32.946577313394428 ], [ -68.964714262568549, -32.946543069000292 ], [ -68.964514699527939, -32.946533518764326 ], [ -68.964298604009414, -32.946520093737377 ], [ -68.964035818965471, -32.946477534359218 ], [ -68.963704272657466, -32.946446671211433 ], [ -68.963374607512321, -32.946476697019968 ], [ -68.963236104479876, -32.946501602892909 ], [ -68.963134635782225, -32.946568504656909 ], [ -68.963025345594588, -32.946654072937804 ], [ -68.962852810879198, -32.946671952720337 ], [ -68.96270365319333, -32.946664077393443 ], [ -68.962547437213161, -32.946669757795163 ], [ -68.962409791555601, -32.946699428410419 ], [ -68.962355760918413, -32.946756044306511 ], [ -68.962386121257367, -32.946835139719056 ], [ -68.96239216143799, -32.947000479152514 ], [ -68.962357848282366, -32.947132584689882 ], [ -68.962279491405639, -32.947259513542519 ], [ -68.962182879900141, -32.947357233091886 ], [ -68.961990308780173, -32.94749834982531 ], [ -68.961803618234157, -32.947557879871354 ], [ -68.96166793840473, -32.947546380720141 ], [ -68.961413718563421, -32.947441661059571 ], [ -68.961254279799789, -32.947304835603688 ], [ -68.961056172193764, -32.947179670907694 ], [ -68.96083668226278, -32.947112986839798 ], [ -68.960655140540183, -32.947167487986036 ], [ -68.960415285314866, -32.947141002994059 ], [ -68.960185163653819, -32.947092223921977 ], [ -68.959907907050081, -32.947063820512462 ], [ -68.959648331850147, -32.9470961284322 ], [ -68.959364678350937, -32.947247047663289 ], [ -68.959153105446418, -32.947356456206919 ], [ -68.958924561431303, -32.947530729218144 ], [ -68.958715531552457, -32.947717330362963 ], [ -68.958483521680037, -32.947931591029835 ], [ -68.958258996063194, -32.948106356309289 ], [ -68.95805522605751, -32.948345977322681 ], [ -68.957892757484828, -32.948613999888636 ], [ -68.957687161906819, -32.948694699759002 ], [ -68.957447392874101, -32.948701501876641 ], [ -68.957222150167269, -32.948814171342562 ], [ -68.957024576702167, -32.948973442388521 ], [ -68.956901232463437, -32.949145798940371 ], [ -68.956834362617954, -32.949285719912048 ], [ -68.956702624802176, -32.949361895728117 ], [ -68.956514076960843, -32.949424499928263 ], [ -68.95629335412346, -32.949452101650373 ], [ -68.956015629101216, -32.949380967544641 ], [ -68.955774132046898, -32.94929519483955 ], [ -68.955621874003398, -32.949220100774809 ], [ -68.955350148133135, -32.949176478170976 ], [ -68.955126637731695, -32.949174047631502 ], [ -68.954904473366568, -32.949229759491409 ], [ -68.954648417623602, -32.94925968554081 ], [ -68.954371410998874, -32.949244890866701 ], [ -68.954088501584081, -32.949220012832093 ], [ -68.953785282308317, -32.949213442750974 ], [ -68.953568975439794, -32.949265408874375 ], [ -68.953417721554217, -32.949370501341328 ], [ -68.953330837132199, -32.949508794629566 ], [ -68.953134887088808, -32.949587669065544 ], [ -68.952906380764176, -32.949517100788995 ], [ -68.952701639398924, -32.949442052614273 ], [ -68.952479149585429, -32.949413214500332 ], [ -68.952335200605361, -32.949352550132268 ], [ -68.952141887883002, -32.949228860617659 ], [ -68.951935129595086, -32.949038886468919 ], [ -68.951809746757576, -32.948877399915872 ], [ -68.951707020019526, -32.948807222352379 ], [ -68.951515500292004, -32.948797628381705 ], [ -68.951273882265198, -32.948905453477813 ], [ -68.951078977034115, -32.949025886201191 ], [ -68.950917288421607, -32.94925391775152 ], [ -68.950768133057679, -32.94951029709231 ], [ -68.950574566796661, -32.949624475017522 ], [ -68.950240658571971, -32.949670904196928 ] ] ] } },
{ "type": "Feature", "properties": { "fid": 176, "NOMBRE": "Arroyos", "VALOR": 4, "CUENCA": null, "TIPO": null, "Clase": null }, "geometry": { "type": "MultiLineString", "coordinates": [ [ [ -68.962948668725005, -32.897645962993934 ], [ -68.962830515032692, -32.897596111017315 ], [ -68.962657904159656, -32.897626215425056 ], [ -68.962501861126313, -32.897657336120119 ], [ -68.962395184698508, -32.897625890281851 ], [ -68.962280263493028, -32.897509764607307 ], [ -68.962095274786975, -32.897327020710939 ], [ -68.961895831429075, -32.897172640765987 ], [ -68.96170435065514, -32.897022291634975 ], [ -68.961481332772067, -32.896895575189092 ], [ -68.961250833771771, -32.89686832568794 ], [ -68.961087294260523, -32.896903329318484 ], [ -68.960911204589422, -32.897033904218588 ], [ -68.960759729721445, -32.897125197129988 ], [ -68.960569249394254, -32.897170159097449 ], [ -68.960289333399487, -32.897116837484283 ], [ -68.95992475843471, -32.897081301234593 ], [ -68.95966683217128, -32.897089681397894 ], [ -68.959250092967679, -32.897119263525106 ], [ -68.958948431841065, -32.897136961809657 ], [ -68.958677812276235, -32.897175791599054 ], [ -68.958343940804653, -32.897226892268272 ], [ -68.958147434968652, -32.897249889955845 ], [ -68.95801144094122, -32.897252057756496 ], [ -68.957909598404015, -32.897190405137572 ], [ -68.95791923829735, -32.897048723387257 ], [ -68.957948976402022, -32.89685055875627 ], [ -68.957859663211664, -32.896700256038834 ], [ -68.957649356648034, -32.896585640940941 ], [ -68.957391465323539, -32.896526293321386 ], [ -68.957018463266252, -32.896462886776604 ], [ -68.956675576247903, -32.896394660679107 ], [ -68.956386436116787, -32.89620041463823 ], [ -68.956252833940795, -32.895999192681188 ] ] ] } },
{ "type": "Feature", "properties": { "fid": 178, "NOMBRE": "Arroyos", "VALOR": 4, "CUENCA": null, "TIPO": null, "Clase": null }, "geometry": { "type": "MultiLineString", "coordinates": [ [ [ -68.975892141611936, -32.983217138218876 ], [ -68.975689746047706, -32.983432425519212 ], [ -68.975396815120604, -32.983527241951577 ], [ -68.975295129592794, -32.983648446880856 ], [ -68.975099766394635, -32.983720381739282 ], [ -68.974976111591829, -32.983633147023077 ], [ -68.974644218944547, -32.983617663287696 ], [ -68.974498726679514, -32.983719800654661 ], [ -68.974271491525244, -32.98372761056234 ], [ -68.974098159669069, -32.983728818356511 ], [ -68.973840859252249, -32.983863114663755 ], [ -68.973807990598402, -32.9842546491466 ], [ -68.973732968740279, -32.984425472745492 ], [ -68.973436961055484, -32.98444090258802 ], [ -68.973096492576047, -32.984445443537496 ], [ -68.972720305624264, -32.984597366645353 ], [ -68.972398541118508, -32.984609151241443 ], [ -68.972215227834084, -32.984608008958368 ], [ -68.972143170509128, -32.984580325546219 ], [ -68.972014708215056, -32.984637237577218 ], [ -68.971857792341396, -32.984668304761122 ], [ -68.971730475535722, -32.984825336741103 ], [ -68.971552003672031, -32.984956246311341 ], [ -68.971327711378862, -32.984960617684536 ], [ -68.97112292389501, -32.984972041631345 ], [ -68.97093309380071, -32.985053457238685 ], [ -68.970670367480921, -32.985082107492701 ], [ -68.970418341362063, -32.985161785003328 ], [ -68.970204585897307, -32.985211496406897 ], [ -68.969961235008171, -32.985234823678603 ], [ -68.969711413109778, -32.985276946644987 ], [ -68.969369891271882, -32.98537469703237 ], [ -68.969137910329962, -32.985482399363107 ], [ -68.96904956413249, -32.985589318959335 ], [ -68.968972497899614, -32.98576806667851 ], [ -68.968909319367143, -32.985946041904818 ], [ -68.968760418332707, -32.986018476438304 ], [ -68.968597712379207, -32.98605809970762 ], [ -68.968425755796559, -32.985988388153629 ], [ -68.968274596650915, -32.985951338995179 ], [ -68.968066179476537, -32.985971529601656 ], [ -68.967794316021724, -32.986013618221513 ], [ -68.967631282589778, -32.986112078430281 ], [ -68.967526537856926, -32.986227028726368 ], [ -68.967408690251574, -32.986289412711614 ], [ -68.967372590169433, -32.986387627334999 ], [ -68.967281839715639, -32.986488115872191 ], [ -68.967129229409451, -32.986580038848373 ], [ -68.966884732745214, -32.986596047703046 ], [ -68.966699691334426, -32.986721208879636 ], [ -68.966655857563225, -32.986844266447768 ], [ -68.966543724487153, -32.987044123899786 ], [ -68.96637994393059, -32.987183946494163 ], [ -68.96619232148926, -32.987178025047214 ], [ -68.966000397642503, -32.987099121884015 ], [ -68.96573598707613, -32.987043087865473 ], [ -68.965601496994523, -32.987075559552927 ], [ -68.965494550836908, -32.987259229837235 ], [ -68.965366881445334, -32.987395744060208 ], [ -68.965253793939084, -32.987472534141752 ], [ -68.965010041033082, -32.987484910401413 ], [ -68.964745035595726, -32.987576357334873 ], [ -68.964591589441255, -32.987638346783541 ], [ -68.964277038658594, -32.987602547121909 ], [ -68.963976845776358, -32.987566539837736 ], [ -68.963741248590551, -32.987547535468742 ], [ -68.963468969281408, -32.987652642526434 ], [ -68.963263679232014, -32.987827817493319 ], [ -68.962946700697202, -32.987946706479427 ], [ -68.962337519953493, -32.988055144572613 ], [ -68.962100200337758, -32.988002266441811 ], [ -68.961830884240513, -32.987947973675439 ], [ -68.961627243117718, -32.988019604178966 ], [ -68.961542024766402, -32.988219598017494 ], [ -68.961403997269912, -32.988418128411311 ], [ -68.961141521339272, -32.988568508726082 ], [ -68.960992454904925, -32.988581102621126 ], [ -68.960814230064827, -32.988370401938596 ], [ -68.960648449754473, -32.988302219999156 ], [ -68.960394705280649, -32.988275232022275 ], [ -68.960226174978089, -32.988411668619143 ], [ -68.960085842562478, -32.988603047755902 ], [ -68.959986305291366, -32.988653228966939 ], [ -68.959702113390236, -32.988571760939351 ], [ -68.959235587256202, -32.988716563975544 ], [ -68.958740908785444, -32.988779932762213 ], [ -68.958418186515175, -32.988968570769785 ], [ -68.958044868841299, -32.989159836110474 ], [ -68.957639402338017, -32.989108807725742 ], [ -68.95727912399542, -32.98933505536008 ], [ -68.956967710105715, -32.98951298114725 ], [ -68.956781743469961, -32.989750954680751 ], [ -68.956548427352118, -32.989860540824182 ], [ -68.956242155053133, -32.989904049548329 ], [ -68.955921744585325, -32.989983794148188 ], [ -68.955605263553096, -32.990164561668216 ], [ -68.955303982438465, -32.990263481493699 ], [ -68.954860915356846, -32.99033369240135 ], [ -68.954399204232686, -32.990370655788219 ], [ -68.954197330154912, -32.99044558178354 ], [ -68.953946092878908, -32.990601882497344 ], [ -68.953727889074713, -32.990750525563612 ], [ -68.95348976430094, -32.990852607053895 ], [ -68.953161104399669, -32.990785080986321 ], [ -68.952865726773595, -32.990709191872476 ], [ -68.952555491895325, -32.990697227652078 ], [ -68.952217467356846, -32.990850402585508 ], [ -68.951944853049369, -32.991015882069703 ], [ -68.951694142541427, -32.991173387815593 ], [ -68.951449034998845, -32.991229159336115 ], [ -68.95121819109599, -32.991220433737325 ], [ -68.950977263714222, -32.991370164993413 ], [ -68.950695774146993, -32.991434391446262 ], [ -68.950411879627396, -32.991526783533168 ], [ -68.950113426867475, -32.991665945607977 ], [ -68.949882103306237, -32.991793106985845 ], [ -68.94946220225286, -32.991869931839808 ], [ -68.949075321082773, -32.991938954624572 ], [ -68.94878976188707, -32.991941857429801 ], [ -68.948468911546655, -32.991940579153962 ], [ -68.948271117912029, -32.992016361117685 ], [ -68.948187621024189, -32.992217134606811 ], [ -68.947998395672954, -32.992351913295046 ], [ -68.947733109535051, -32.992587350179413 ], [ -68.947405178524832, -32.992869635584334 ], [ -68.947144210550817, -32.993077947563449 ], [ -68.946891524944476, -32.993281122329982 ], [ -68.946639250186479, -32.993344750999199 ], [ -68.94627910820634, -32.993361809612182 ], [ -68.945823807247578, -32.993369794646739 ], [ -68.945317965488385, -32.993425385541876 ], [ -68.945153614174075, -32.99347889596914 ], [ -68.944846708809322, -32.993669396067169 ], [ -68.944715159693189, -32.993762732409273 ], [ -68.944631672919925, -32.993890576279547 ], [ -68.944488527908376, -32.994075867258154 ], [ -68.944282603504988, -32.994191105611186 ], [ -68.943994329118709, -32.994309669668532 ], [ -68.943744712772002, -32.994498875521259 ], [ -68.943523219016527, -32.994696442469653 ], [ -68.94326546475834, -32.994868289469828 ], [ -68.943173809614706, -32.994984331169974 ], [ -68.943006491624161, -32.99515267433901 ], [ -68.942851922465621, -32.995227941930665 ], [ -68.942704291361011, -32.995184498920203 ], [ -68.942562460298845, -32.995166328770566 ], [ -68.942381872037146, -32.995284740674855 ], [ -68.942143266836851, -32.995357165110335 ], [ -68.941965460842482, -32.995526804284452 ], [ -68.941751325798791, -32.995645416801409 ], [ -68.941540112110843, -32.995635392412453 ], [ -68.941217281472987, -32.995562929328756 ], [ -68.941001169507089, -32.995527405836782 ], [ -68.940875665164427, -32.995510600408799 ], [ -68.940752936930679, -32.995552977239349 ], [ -68.9406632211426, -32.995637696075903 ], [ -68.940560577731034, -32.995715178917685 ], [ -68.940418621409535, -32.995735904152362 ], [ -68.940249743009872, -32.995863932260917 ], [ -68.940152975809866, -32.995954462073875 ], [ -68.940069022580218, -32.996005015923025 ], [ -68.939978910026667, -32.996019043403443 ], [ -68.939843579819893, -32.995963297512994 ], [ -68.939669860694039, -32.995960441399333 ], [ -68.939591000223928, -32.996007016385335 ], [ -68.939562934049178, -32.996114986086425 ], [ -68.939459027041138, -32.996215450007554 ], [ -68.939306255224224, -32.996309462784005 ], [ -68.939044972282815, -32.996423574911788 ], [ -68.938773442401356, -32.996473649370124 ], [ -68.938465262690698, -32.996553732466971 ], [ -68.93812530634608, -32.99660721312943 ], [ -68.9379067335325, -32.996657471183113 ], [ -68.93764738743829, -32.996802174835722 ], [ -68.937385353322426, -32.996956269531985 ], [ -68.937177558206628, -32.997202259217062 ], [ -68.937105575954945, -32.997354132369445 ], [ -68.93706592245961, -32.997534555878545 ], [ -68.937022379835184, -32.997632558728831 ], [ -68.936960282039379, -32.997672397769108 ], [ -68.936901727007239, -32.997690781358905 ], [ -68.936813868190214, -32.997770677790086 ], [ -68.936740499038422, -32.997826091725337 ], [ -68.936596763767128, -32.997994889872444 ], [ -68.936337675882427, -32.998133955253849 ], [ -68.935946993991038, -32.998296428270315 ], [ -68.935579285555804, -32.998420753243572 ], [ -68.935381081489069, -32.998542563940063 ], [ -68.935316027004603, -32.998776229442981 ], [ -68.935332925550611, -32.998966262050139 ], [ -68.93525312497934, -32.999067660441959 ], [ -68.935092168775626, -32.999099868123757 ], [ -68.934955610761719, -32.999135801124908 ], [ -68.934772691447705, -32.999271126897028 ], [ -68.934672548830505, -32.999338765293757 ], [ -68.934469279150619, -32.999321580355165 ], [ -68.934242509252073, -32.99932588527426 ], [ -68.934170070000945, -32.999357002157517 ], [ -68.934121105619127, -32.999398061466778 ], [ -68.934090957113895, -32.999518125204595 ], [ -68.934060776722333, -32.999597259181165 ], [ -68.933979615007956, -32.999682876960478 ], [ -68.933764803502726, -32.999742984685589 ], [ -68.933617774660263, -32.999740000139646 ], [ -68.933576249361863, -32.999774940086198 ], [ -68.933595111762614, -32.999885874667747 ], [ -68.933568647285369, -32.999968483532484 ], [ -68.933491574692894, -33.000054891382696 ] ] ] } },
{ "type": "Feature", "properties": { "fid": 182, "NOMBRE": "Arroyos", "VALOR": 4, "CUENCA": null, "TIPO": null, "Clase": null }, "geometry": { "type": "MultiLineString", "coordinates": [ [ [ -68.956508808866232, -32.878388049413573 ], [ -68.956282029759606, -32.87835792860173 ], [ -68.956091737544597, -32.878351748176058 ], [ -68.955912639017754, -32.878370540466577 ], [ -68.955774580394291, -32.878361220961828 ], [ -68.95571110860746, -32.878330017337966 ], [ -68.955606478500187, -32.878251950674162 ], [ -68.955524207035396, -32.878186329560478 ], [ -68.955423217409347, -32.878123803570809 ], [ -68.955314864369612, -32.878114452660725 ], [ -68.955142913104694, -32.878124014449703 ], [ -68.955033585689733, -32.878156114903781 ], [ -68.954923345782959, -32.878176123634788 ], [ -68.9548519653694, -32.878167476523387 ], [ -68.95479503524362, -32.878123856166951 ], [ -68.95474627710972, -32.878029476775218 ], [ -68.954697077693183, -32.877969801720177 ], [ -68.954588522244322, -32.877926717712832 ], [ -68.954419559744423, -32.877847619015519 ], [ -68.954310842451832, -32.877831573932177 ], [ -68.954182776460129, -32.877802907679133 ], [ -68.954047877987691, -32.877714917467138 ], [ -68.953933908777088, -32.877610377867001 ], [ -68.953854228754508, -32.877531368200266 ], [ -68.953790179956798, -32.87749661722038 ], [ -68.953722721074755, -32.877496523354012 ], [ -68.953655329772999, -32.877521700292625 ], [ -68.9535915725547, -32.877572341006591 ], [ -68.95352758912945, -32.877635905792147 ], [ -68.953448186849045, -32.877712526569361 ], [ -68.953376003440923, -32.877796011669254 ], [ -68.953341607679917, -32.877873507054112 ], [ -68.953337705300754, -32.877935087722925 ], [ -68.953353006324306, -32.878012677650865 ], [ -68.953368353830285, -32.878080475730144 ], [ -68.953368368315807, -32.87814517844474 ], [ -68.953318448046844, -32.878213479943533 ], [ -68.953218317800477, -32.878265010596451 ], [ -68.953039243142527, -32.878359047731998 ], [ -68.95289817763512, -32.878421240104579 ], [ -68.952752427542649, -32.878526368651976 ], [ -68.952615282930594, -32.87865283532161 ], [ -68.952450453246939, -32.878760770594454 ], [ -68.952328620563492, -32.878876730016614 ], [ -68.95213436551542, -32.879083794509313 ], [ -68.952006442193962, -32.879188432887638 ], [ -68.951873163193795, -32.879267500053302 ], [ -68.951759341444699, -32.879323118609086 ], [ -68.951621465897915, -32.879364900721313 ], [ -68.951531388598667, -32.879332378219054 ], [ -68.951456358150779, -32.879236954799389 ], [ -68.951367183883988, -32.879203574191827 ], [ -68.951230368468771, -32.879225591146437 ], [ -68.951123683878876, -32.879102931983674 ], [ -68.951024619076676, -32.879093408880422 ], [ -68.950947863420296, -32.879131810265697 ], [ -68.950859771357315, -32.87923269748805 ], [ -68.950820607117393, -32.8793252912931 ], [ -68.950799447263691, -32.87940081935303 ], [ -68.950784654250157, -32.879459274075309 ], [ -68.950857952311281, -32.879531575369882 ], [ -68.950931805591296, -32.879613805548352 ], [ -68.950948032837275, -32.879710239700593 ], [ -68.950857036106228, -32.879766675121992 ], [ -68.950709163658303, -32.879790999965088 ], [ -68.950566863411183, -32.879834825794916 ], [ -68.95039281889872, -32.879862743558228 ], [ -68.950300772248141, -32.879918706586139 ], [ -68.950113038446588, -32.879925923752744 ], [ -68.949893422871654, -32.879950970202756 ], [ -68.949782289886912, -32.879990360097437 ], [ -68.949688205918022, -32.880065458556288 ], [ -68.949615263356037, -32.880076436851276 ], [ -68.949496643937294, -32.880172721647959 ], [ -68.949404302357536, -32.880243597724018 ], [ -68.949328177630775, -32.880272015000976 ], [ -68.949219213394059, -32.88020174867313 ], [ -68.949108115863723, -32.880088275626235 ], [ -68.948971741064298, -32.879995282759978 ], [ -68.948840781976699, -32.879903323499754 ], [ -68.948651392085196, -32.879798434240691 ], [ -68.948521400520931, -32.879731497341396 ], [ -68.948438446599496, -32.879627681134792 ], [ -68.948442785397006, -32.879558472246273 ], [ -68.948464576584328, -32.879492721675298 ], [ -68.948538595233074, -32.879517311288836 ], [ -68.9486296817024, -32.879577830106214 ], [ -68.948703128709965, -32.879627489909041 ], [ -68.948767722858918, -32.879677109965151 ], [ -68.948827794450096, -32.879614921350786 ], [ -68.948892099816419, -32.87953170497704 ], [ -68.948956237146731, -32.879451966821009 ], [ -68.948959798707378, -32.879353695850277 ], [ -68.948908407653278, -32.879292557769972 ], [ -68.948818740738417, -32.879231742324869 ], [ -68.948673141168882, -32.879167616750991 ], [ -68.948544250965369, -32.879081268697057 ], [ -68.948432497618867, -32.878998372810642 ], [ -68.94829062281903, -32.878886577736104 ], [ -68.948191827709167, -32.878800043610823 ], [ -68.948126356241389, -32.878799666352371 ], [ -68.948085615421249, -32.87885693686043 ], [ -68.947892116138348, -32.878800938668306 ], [ -68.947734878380714, -32.878708212506247 ], [ -68.947656066944589, -32.878646750209469 ], [ -68.947572127310622, -32.878626140166105 ], [ -68.947509348159272, -32.878649908360657 ], [ -68.947438042794758, -32.878735881815942 ], [ -68.947397931419673, -32.878777109112562 ], [ -68.947371366269621, -32.878873319729777 ], [ -68.947295156184865, -32.878904524560774 ], [ -68.947227813345705, -32.878972540011304 ], [ -68.947164741099485, -32.879029565000394 ], [ -68.947014409362481, -32.879026050416762 ], [ -68.946883882788484, -32.87895370342342 ], [ -68.946826138529445, -32.87894270881398 ], [ -68.946746654198947, -32.878931441692842 ], [ -68.946656224173225, -32.878843291273824 ], [ -68.946600592616164, -32.87872840822353 ], [ -68.946493383784585, -32.878632933681594 ], [ -68.946390302675013, -32.87854481290988 ], [ -68.946388751894602, -32.878461954386928 ], [ -68.946431314324911, -32.878357474472161 ], [ -68.946389741137224, -32.878276403752309 ], [ -68.94639422160779, -32.878196969149997 ], [ -68.946289439695732, -32.878073459564384 ], [ -68.946166002245718, -32.877941968764979 ], [ -68.946059882498858, -32.8778034889324 ], [ -68.945957172768473, -32.877730986899252 ], [ -68.945812213492516, -32.877651203391046 ], [ -68.945684078205204, -32.877609895151188 ], [ -68.945561834799065, -32.877572618207573 ] ] ] } },
{ "type": "Feature", "properties": { "fid": 183, "NOMBRE": "Arroyos", "VALOR": 4, "CUENCA": null, "TIPO": null, "Clase": null }, "geometry": { "type": "MultiLineString", "coordinates": [ [ [ -68.946201488575454, -32.800296709426057 ], [ -68.945699723090883, -32.800326006958485 ], [ -68.945185642064303, -32.800485690089729 ], [ -68.944795548785947, -32.800685298802804 ], [ -68.944440858180513, -32.800909583518404 ], [ -68.943980201739038, -32.801119557187356 ], [ -68.943402254853638, -32.80146846542948 ], [ -68.942739173954052, -32.801639899277369 ], [ -68.942069736710707, -32.801634996473645 ], [ -68.941436846044283, -32.801474277342109 ], [ -68.941011403427538, -32.801377512438229 ], [ -68.940427871000011, -32.80125082029447 ], [ -68.939877889777861, -32.801204685986328 ], [ -68.939148126567872, -32.801218567789341 ], [ -68.938344520729871, -32.801241080744099 ], [ -68.937457288772805, -32.801191839020476 ], [ -68.936722148987286, -32.801205370297737 ], [ -68.93599842149041, -32.801174305520234 ], [ -68.935314557975246, -32.801087739963968 ], [ -68.934605957687751, -32.800873276630213 ], [ -68.933884670586394, -32.800749512421646 ], [ -68.933412194176285, -32.800659050471957 ], [ -68.932692075037096, -32.800417040266368 ], [ -68.932029441886684, -32.800293542596989 ], [ -68.931338865338731, -32.800109619709254 ], [ -68.930658460077666, -32.79988944375129 ], [ -68.930051136620222, -32.799754053879298 ], [ -68.92933869578134, -32.799648412507892 ], [ -68.928884523261274, -32.799638168450841 ], [ -68.928445481996562, -32.799795552176754 ], [ -68.9278335252625, -32.799730395681557 ], [ -68.926912238307409, -32.799650227806978 ], [ -68.925962160609899, -32.799495808641623 ], [ -68.925448376116648, -32.799555539412424 ], [ -68.924896068827891, -32.799698631242393 ], [ -68.924502193450593, -32.799606926181497 ], [ -68.923712058559516, -32.799410475685356 ], [ -68.923036403102643, -32.799144767198818 ], [ -68.922145880902775, -32.798940371046683 ], [ -68.921337580064176, -32.79871406540142 ], [ -68.920353159791674, -32.798589284371928 ], [ -68.919587912105555, -32.798412658936897 ], [ -68.919222527911685, -32.798468230086833 ], [ -68.918947909476458, -32.798503799589312 ], [ -68.918467287473774, -32.798441207019096 ], [ -68.918171694631667, -32.79853873050515 ], [ -68.917477248278857, -32.79865403014535 ], [ -68.91650505818393, -32.798452768814052 ], [ -68.915992042968213, -32.79823589274384 ], [ -68.915420521458699, -32.797811636962848 ], [ -68.914855597535961, -32.79767914610278 ], [ -68.914242416429943, -32.797543838794439 ], [ -68.913669442756216, -32.797231443658873 ], [ -68.912750767101514, -32.797206331525523 ], [ -68.912060391664326, -32.797128802064876 ], [ -68.911232158284022, -32.797172584196382 ], [ -68.910530432725082, -32.797120257033157 ], [ -68.909632337283767, -32.797153703101756 ], [ -68.908018865626104, -32.79712095389894 ], [ -68.906635644441693, -32.796826780315328 ], [ -68.904870377163647, -32.79644703348896 ], [ -68.903010843436675, -32.796221554472808 ] ] ] } },
{ "type": "Feature", "properties": { "fid": 185, "NOMBRE": "Tributarios", "VALOR": 3, "CUENCA": null, "TIPO": null, "Clase": null }, "geometry": { "type": "MultiLineString", "coordinates": [ [ [ -68.936851899027403, -32.782685416111768 ], [ -68.936237862454362, -32.782520259705947 ], [ -68.935920790939619, -32.782453748820153 ], [ -68.93550491303337, -32.782307792471748 ], [ -68.935185614918467, -32.782207440015512 ], [ -68.934765992337759, -32.782005442270105 ], [ -68.934511005379647, -32.781787286879648 ], [ -68.934225810476832, -32.781702202918083 ], [ -68.933761659543435, -32.781645660053208 ], [ -68.933240068619853, -32.781677141248473 ], [ -68.93288083688077, -32.781742221605768 ], [ -68.932508324483436, -32.78193705425948 ], [ -68.931920944024753, -32.782112531996525 ], [ -68.93125916732852, -32.782114175805198 ], [ -68.93051659669753, -32.782170123432067 ], [ -68.930223690560439, -32.782183332153522 ], [ -68.929863450592549, -32.78217953995501 ], [ -68.929403982059824, -32.78214754202461 ], [ -68.928996790566814, -32.782128050478995 ], [ -68.928509232239747, -32.782124129453805 ], [ -68.928085600156081, -32.782150265283143 ], [ -68.927723083219433, -32.782260740540259 ], [ -68.927171855003408, -32.782481895936122 ], [ -68.926816058982183, -32.782665581199801 ], [ -68.926379102893151, -32.782830577292692 ], [ -68.925910007421606, -32.783018821212686 ], [ -68.925258400454439, -32.783185575800438 ], [ -68.924809050641883, -32.783206723227643 ], [ -68.924197873137601, -32.783229447955343 ], [ -68.923616391590528, -32.78326732184118 ], [ -68.9229915109198, -32.783232478759153 ], [ -68.922036958813848, -32.783155218758949 ], [ -68.921358636116537, -32.783180624240927 ], [ -68.920841682468435, -32.783321284387 ], [ -68.920430423770554, -32.783478418853925 ], [ -68.920207216156797, -32.783657381079095 ], [ -68.919985194980853, -32.783887038264744 ], [ -68.919652017546127, -32.784135501068469 ], [ -68.919420568792944, -32.784291556235686 ], [ -68.919155567241006, -32.784351520211175 ], [ -68.918905563011833, -32.784370195879248 ], [ -68.918617134902192, -32.784436353039567 ], [ -68.918191858, -32.784573041891875 ], [ -68.917668421233927, -32.784586854102393 ], [ -68.917282386955407, -32.784632081475095 ], [ -68.916845925971728, -32.784557981475508 ], [ -68.916280688463814, -32.784408010064226 ], [ -68.915802832493043, -32.784297918556334 ], [ -68.915323937415096, -32.784224741573887 ], [ -68.914728114860239, -32.784191167529755 ], [ -68.914327681133329, -32.784178162755836 ], [ -68.913903957973929, -32.784077388473968 ], [ -68.913627528568711, -32.784054506611369 ], [ -68.913474902143818, -32.784085345581801 ], [ -68.913177314237387, -32.78419982531441 ], [ -68.912908023000597, -32.784293372470003 ], [ -68.912408194488435, -32.78448919762824 ], [ -68.911666521390615, -32.784999515722653 ], [ -68.911088460551838, -32.78527968022707 ], [ -68.910831699602156, -32.785408925913366 ], [ -68.910634624214609, -32.785430256976035 ], [ -68.910437530119935, -32.785360874637796 ], [ -68.91023650544102, -32.785266031394016 ], [ -68.910020997409163, -32.785216021180418 ], [ -68.909790638025214, -32.785216967932044 ], [ -68.909563382076783, -32.785340170764883 ], [ -68.909364064126279, -32.785375585482321 ], [ -68.909129573963412, -32.785439598931312 ], [ -68.908879637321974, -32.785555701244967 ], [ -68.908697194942349, -32.785672691718375 ], [ -68.90842545549809, -32.785665522598372 ], [ -68.908207202636973, -32.785710738352059 ], [ -68.907901900033806, -32.785683090397413 ], [ -68.907570233464526, -32.785669628453135 ], [ -68.907297125105927, -32.785793186183135 ], [ -68.907071624674941, -32.785923223524819 ], [ -68.906901368473257, -32.786077447196988 ], [ -68.906626659907005, -32.78621754521302 ], [ -68.906406322810795, -32.786308241342688 ], [ -68.906146547667873, -32.786390357453008 ], [ -68.905715415483868, -32.786564168573712 ], [ -68.905352326488099, -32.786704260321308 ], [ -68.904768655971594, -32.786841439551822 ], [ -68.904172108569398, -32.786902161036302 ] ] ] } },
{ "type": "Feature", "properties": { "fid": 187, "NOMBRE": "Arroyos", "VALOR": 4, "CUENCA": null, "TIPO": null, "Clase": null }, "geometry": { "type": "MultiLineString", "coordinates": [ [ [ -68.956246312516114, -32.895997977257736 ], [ -68.956114537731679, -32.895911541244978 ], [ -68.956002473142291, -32.895844122620488 ], [ -68.955838973815318, -32.895791823529827 ], [ -68.955602711687533, -32.895817365937141 ], [ -68.955345081198928, -32.895850698200405 ], [ -68.955109523886648, -32.895924324972079 ], [ -68.954922212495575, -32.896048388554981 ], [ -68.954765349514872, -32.896184541487699 ], [ -68.954636619187326, -32.896303872994537 ], [ -68.954477057664675, -32.896452917762019 ], [ -68.954371181639672, -32.896589955216854 ], [ -68.954200774752607, -32.896678623599065 ], [ -68.954001922863497, -32.896752844471536 ], [ -68.953763188995893, -32.89678194722282 ], [ -68.953527973952021, -32.896855137170036 ], [ -68.953266991137042, -32.896881669013183 ], [ -68.952825700897179, -32.896891542177968 ], [ -68.952460803859339, -32.896897780621785 ], [ -68.952197626941313, -32.89689252619074 ], [ -68.951836503888444, -32.896865614437729 ], [ -68.951514561057579, -32.896813237547761 ], [ -68.951205573602095, -32.896697566755797 ], [ -68.950855806528836, -32.896535664588512 ], [ -68.950643055322573, -32.896437155788327 ], [ -68.950404012753353, -32.896349118752433 ], [ -68.950059420027571, -32.896272535782458 ], [ -68.949728584220196, -32.896253793303714 ], [ -68.949345215226799, -32.896286993906685 ], [ -68.949017532808242, -32.896365232153585 ], [ -68.948085074620408, -32.896365999655899 ], [ -68.947739613843055, -32.89635084942622 ], [ -68.947485559690236, -32.896378312293692 ], [ -68.947402830298628, -32.896431197559622 ], [ -68.947338187368487, -32.896543880080387 ], [ -68.947073148253168, -32.896917075145247 ], [ -68.946910653100488, -32.897159151758494 ], [ -68.946778006899095, -32.89738341818029 ], [ -68.946682734835733, -32.897527176625076 ], [ -68.946570038441038, -32.897664969501122 ], [ -68.946468690971031, -32.897771995900897 ], [ -68.946293023420992, -32.897862093380212 ], [ -68.946070946457553, -32.897974258280883 ], [ -68.945825903852324, -32.898034181781519 ], [ -68.945540428749823, -32.89809346080856 ], [ -68.945356500469472, -32.898085419110622 ], [ -68.945178643902423, -32.898048847422999 ], [ -68.945043393630655, -32.897997082064428 ], [ -68.944926472686433, -32.89793323815281 ], [ -68.944794516917241, -32.897900935513128 ], [ -68.944632856971452, -32.897887936076955 ], [ -68.944474299768913, -32.897919920996031 ], [ -68.944363402794167, -32.898030786038646 ], [ -68.944222888808383, -32.898160613811726 ], [ -68.944106962415987, -32.898290770647243 ], [ -68.943987134141651, -32.898404119840869 ], [ -68.943883771893752, -32.89847710546367 ], [ -68.943731466886788, -32.898521033589383 ], [ -68.943618917665347, -32.898498116014963 ], [ -68.943500591328899, -32.898402754481779 ], [ -68.943369013086453, -32.898391164021781 ], [ -68.943161184901612, -32.898422891745327 ], [ -68.942948808915233, -32.898433841327098 ], [ -68.94278557739338, -32.898417852431542 ], [ -68.942686667660695, -32.898367013397177 ], [ -68.942657624682397, -32.898260771631058 ], [ -68.942650591401176, -32.898176003299085 ], [ -68.94254726428828, -32.898095048717529 ], [ -68.942380001637332, -32.898047872487723 ], [ -68.942235380830354, -32.897940311668528 ], [ -68.942122182739794, -32.897789514145735 ], [ -68.942027782038281, -32.897606721543482 ], [ -68.941943765132748, -32.897484603800002 ], [ -68.941839150553363, -32.897325906476397 ], [ -68.941745523329431, -32.897242230250107 ], [ -68.941583072474671, -32.897174018901765 ], [ -68.941330060249555, -32.897114876951257 ], [ -68.941003200802015, -32.897063423330536 ], [ -68.940596843807057, -32.897030157747089 ], [ -68.94028917448388, -32.897001906119897 ], [ -68.939998234782323, -32.896943797111881 ], [ -68.939630540157154, -32.896848876835179 ], [ -68.939241630091558, -32.896764795853819 ], [ -68.938991275465128, -32.896741220285428 ], [ -68.938773748710844, -32.896712064098153 ], [ -68.938597677730968, -32.896668072617274 ], [ -68.938444330221927, -32.896642440129426 ], [ -68.938328179479527, -32.896634462762819 ], [ -68.938222435734829, -32.896635762830506 ], [ -68.93814746436604, -32.896698397676275 ], [ -68.938117187623874, -32.896762454262642 ], [ -68.938157908411384, -32.896860528033535 ], [ -68.938266006140879, -32.896961326889453 ], [ -68.938344237603303, -32.897107655176981 ], [ -68.938365203563123, -32.897236860138293 ], [ -68.938303891531675, -32.897364890394456 ], [ -68.938174636674987, -32.897473276180946 ], [ -68.938020971164676, -32.897589876022415 ], [ -68.937890147072991, -32.897736828155303 ], [ -68.937728588263298, -32.897885591333491 ], [ -68.937554311026574, -32.898022059075998 ], [ -68.937391519412301, -32.898139184765846 ], [ -68.937220818473449, -32.898237052969513 ], [ -68.937010839921498, -32.89833910471939 ], [ -68.93685795880765, -32.898404627564844 ], [ -68.936695103573001, -32.898471952786643 ], [ -68.936507440091987, -32.898520633181086 ], [ -68.93631234475464, -32.898548947533953 ], [ -68.936125578994222, -32.898543573377836 ], [ -68.935972251538672, -32.898509619513298 ], [ -68.935785701441105, -32.898421574391591 ], [ -68.935601050432879, -32.898309023356667 ], [ -68.935417848528346, -32.898198084588948 ], [ -68.935167831669929, -32.898077251482647 ], [ -68.934952867891198, -32.897976953234526 ], [ -68.934794099517106, -32.897896837231748 ], [ -68.934582816395491, -32.897787260776703 ], [ -68.934354338616217, -32.897700673010291 ], [ -68.934163560302878, -32.89761167855788 ], [ -68.9339448672023, -32.897522058131763 ], [ -68.933792279969438, -32.897417328088018 ], [ -68.933648971628415, -32.89728422093097 ], [ -68.933496766306419, -32.897178743188348 ], [ -68.933290578035439, -32.897060290946705 ], [ -68.9331092391174, -32.896937092695737 ], [ -68.932972866571134, -32.896785667556578 ], [ -68.93280573002032, -32.89664542717032 ], [ -68.932617146698902, -32.896538229826341 ], [ -68.932446960049276, -32.896472614277727 ], [ -68.93225233759, -32.896390173756792 ], [ -68.932032606908905, -32.896325026919271 ], [ -68.931787295415134, -32.896250867182836 ], [ -68.93155949853616, -32.896205282487131 ], [ -68.931302311774175, -32.896111256435951 ], [ -68.93107135261728, -32.896041893883869 ], [ -68.930838868472023, -32.895991904678915 ], [ -68.930542409541005, -32.895949893934151 ], [ -68.930258488730175, -32.89592816931075 ], [ -68.929980008586725, -32.89590660298029 ], [ -68.929753737706562, -32.89586600459657 ], [ -68.929421121845309, -32.895782640549456 ], [ -68.929161840690341, -32.895630716313917 ], [ -68.928932855399609, -32.895492895167337 ], [ -68.928694104686798, -32.895334519184622 ], [ -68.928435784043359, -32.895169095438241 ], [ -68.928076725466084, -32.894986487888318 ], [ -68.927715698154287, -32.894791924889304 ], [ -68.927456676742807, -32.894613958485678 ], [ -68.927255039846756, -32.894436974305655 ], [ -68.926831086126455, -32.894127810070678 ], [ -68.926638505266638, -32.893943987761688 ], [ -68.926134062632684, -32.89352444219405 ], [ -68.925788448844301, -32.893221387692627 ], [ -68.925282945990588, -32.892725350448501 ], [ -68.925017140396534, -32.892426288835829 ], [ -68.924819811761267, -32.892096943224502 ], [ -68.924572055471373, -32.891737502190246 ], [ -68.924297044098196, -32.891517388192796 ], [ -68.924078519446468, -32.891367575234035 ], [ -68.92369015643483, -32.891149222415976 ], [ -68.923371730091503, -32.890995867706678 ], [ -68.923044978743448, -32.890846319489782 ], [ -68.922747319008735, -32.890689666060439 ], [ -68.922390763993121, -32.890614159658298 ], [ -68.922068173279314, -32.890579298948168 ], [ -68.921729961457757, -32.890546806945672 ], [ -68.921313751112692, -32.8904834718983 ], [ -68.921004504710083, -32.890297115650199 ], [ -68.920876341759083, -32.890139569979674 ], [ -68.920790473491806, -32.88992073726655 ], [ -68.920526029747634, -32.88970781920213 ], [ -68.920232262910616, -32.889529471734576 ], [ -68.91993397953047, -32.889355233877005 ], [ -68.919712835703336, -32.889183379324372 ], [ -68.91957647953555, -32.888999374480775 ], [ -68.919088129266797, -32.888461754414124 ], [ -68.918333188057289, -32.887499515722659 ], [ -68.918274027519516, -32.887165079477413 ], [ -68.917988639375309, -32.886760644190289 ], [ -68.917607189876492, -32.886517529884699 ], [ -68.917146121433987, -32.886087414453847 ], [ -68.916755188240288, -32.88568584224722 ], [ -68.916636553984205, -32.885219303794536 ], [ -68.916520718151588, -32.884626476437454 ], [ -68.916412445867678, -32.884239033073136 ], [ -68.916225543754834, -32.883893169385679 ], [ -68.915945244583085, -32.883665796304413 ], [ -68.915711577048953, -32.883445991424097 ], [ -68.915277111274591, -32.883245256085253 ], [ -68.914816059403194, -32.883182256812034 ], [ -68.914434804821383, -32.883113655328835 ], [ -68.913908083531709, -32.882954831576264 ], [ -68.912972271662454, -32.882508740904065 ], [ -68.912133478474544, -32.882234682420162 ], [ -68.911273651033468, -32.881931898587894 ] ] ] } },
{ "type": "Feature", "properties": { "fid": 199, "NOMBRE": "Tributarios", "VALOR": 3, "CUENCA": null, "TIPO": null, "Clase": null }, "geometry": { "type": "MultiLineString", "coordinates": [ [ [ -68.940434321730692, -32.705871536967422 ], [ -68.940367297418049, -32.705941461726539 ], [ -68.940260985476641, -32.70598790545035 ], [ -68.939951996763043, -32.705930390078031 ], [ -68.939633571716158, -32.705890550183753 ], [ -68.939513201962299, -32.705771371657619 ], [ -68.939326934019007, -32.705680450366557 ], [ -68.939178480380548, -32.705636752678188 ], [ -68.938916232664226, -32.70559770777357 ], [ -68.938688055745061, -32.705506482274636 ], [ -68.938388747828256, -32.705466626851475 ], [ -68.938033282308936, -32.70534794861733 ], [ -68.937821375588001, -32.705222935277462 ], [ -68.937496091651241, -32.705115349351075 ], [ -68.937279222038768, -32.705118874954358 ], [ -68.937050066223406, -32.705176074355215 ], [ -68.936429623871248, -32.70518821784075 ], [ -68.935815182337095, -32.705245788282568 ], [ -68.93544568404198, -32.705264804578007 ], [ -68.935157625869948, -32.705229557428559 ], [ -68.93478028893189, -32.705024663773997 ], [ -68.934594803735337, -32.704954074544403 ], [ -68.934141397127405, -32.704946529432817 ], [ -68.933762924353317, -32.704838577971167 ], [ -68.933418426231157, -32.704690161107408 ], [ -68.933095522314332, -32.704596311898115 ], [ -68.932942473251472, -32.704452937269934 ], [ -68.932695266955776, -32.704358004519534 ], [ -68.932408640481512, -32.70435356244441 ], [ -68.931811195554445, -32.704296282279394 ], [ -68.931144810052373, -32.704308534684436 ], [ -68.930864591519494, -32.704362278077745 ], [ -68.93055189698147, -32.704546120502698 ], [ -68.930163017882492, -32.704699312803676 ], [ -68.929745850591146, -32.704826104596791 ], [ -68.929368394514185, -32.704822880644798 ], [ -68.928892440275689, -32.704718731435463 ], [ -68.928490471242966, -32.704524779218282 ], [ -68.927995706015452, -32.704310333592169 ], [ -68.927784818154521, -32.704218839556169 ], [ -68.92749591918512, -32.704282417860092 ], [ -68.927251196820833, -32.704287344967284 ], [ -68.926834003592276, -32.704044827002178 ], [ -68.926345605859694, -32.703882597037882 ], [ -68.926093021938073, -32.703779068840099 ], [ -68.925832165650149, -32.703527316387401 ], [ -68.925452705666544, -32.70353712698877 ], [ -68.925189506278031, -32.703492369326511 ], [ -68.924754798506768, -32.703430235438546 ], [ -68.924352516696814, -32.703478520501015 ], [ -68.924020485032997, -32.703383033546579 ], [ -68.923391242708348, -32.703198371399687 ], [ -68.922744498131436, -32.703095581515534 ], [ -68.922254114908981, -32.702885269144701 ], [ -68.921894557382799, -32.702599662471869 ], [ -68.921768865982997, -32.702388400270628 ] ] ] } },
{ "type": "Feature", "properties": { "fid": 201, "NOMBRE": "Tributarios", "VALOR": 3, "CUENCA": null, "TIPO": null, "Clase": null }, "geometry": { "type": "MultiLineString", "coordinates": [ [ [ -68.95128881742562, -32.92342702596487 ], [ -68.95114117724836, -32.923374961991264 ], [ -68.951008346747301, -32.923347608380602 ], [ -68.950851746908526, -32.923365214319681 ], [ -68.950690181052636, -32.923272100577968 ], [ -68.950577570926811, -32.923300988224838 ], [ -68.950443589300306, -32.923359345618266 ], [ -68.950232138071271, -32.9233787380224 ], [ -68.949995572311224, -32.923448295169351 ], [ -68.949839485809875, -32.923448289257841 ], [ -68.949677877867728, -32.923578928078491 ], [ -68.949509466717288, -32.923646073650943 ], [ -68.949352502570619, -32.923559857108067 ], [ -68.949264270769561, -32.923551522403173 ], [ -68.949159067070681, -32.923568166562283 ], [ -68.949130195486816, -32.923644987147533 ], [ -68.949058590947473, -32.923679986491074 ], [ -68.949041914658054, -32.923606641099774 ], [ -68.94896111463197, -32.923507704581162 ], [ -68.948826907840797, -32.923498960691255 ], [ -68.94872879250741, -32.92348626340781 ], [ -68.948646698447931, -32.92345191697467 ], [ -68.948530651963878, -32.923398915278455 ], [ -68.948477231094444, -32.92339019225853 ], [ -68.948432115153381, -32.923420934843975 ], [ -68.948425869350615, -32.9235012813281 ], [ -68.948436055053676, -32.923696371136174 ], [ -68.948368586137363, -32.923765948223171 ], [ -68.948245327663074, -32.923815566450102 ] ] ] } },
{ "type": "Feature", "properties": { "fid": 202, "NOMBRE": "Arroyos", "VALOR": 4, "CUENCA": null, "TIPO": null, "Clase": null }, "geometry": { "type": "MultiLineString", "coordinates": [ [ [ -68.950239366852657, -32.949671243232586 ], [ -68.949938954277854, -32.949628036664862 ], [ -68.949605058862915, -32.949524992149833 ], [ -68.949243962638505, -32.9494911033999 ], [ -68.948879010051314, -32.949468901224996 ], [ -68.948270594246381, -32.949478840582081 ], [ -68.947642228088753, -32.94937003269964 ], [ -68.947171023233878, -32.949294371462791 ], [ -68.946757613014569, -32.949041572527584 ], [ -68.946414302236875, -32.94862091916773 ], [ -68.946137057190199, -32.948342271037525 ], [ -68.94575185202477, -32.948178609958468 ], [ -68.945253099351447, -32.948058068142956 ], [ -68.944687720724801, -32.948006882065492 ], [ -68.944154622280763, -32.947956582197847 ], [ -68.94360935498861, -32.94773478316656 ], [ -68.943254970176795, -32.947577042518532 ], [ -68.942920025063984, -32.947272056362863 ], [ -68.942724124907613, -32.946951766768109 ], [ -68.94269759701524, -32.946753964674826 ], [ -68.942804954575067, -32.946536249755255 ], [ -68.942878759160294, -32.946255686193389 ], [ -68.942824693232893, -32.946025188727177 ], [ -68.942542284102231, -32.945876065105033 ], [ -68.942298433052514, -32.945794602690576 ], [ -68.942015945979009, -32.945723904088403 ], [ -68.941660171784278, -32.945613293928197 ], [ -68.941364542330916, -32.94544798828489 ], [ -68.941165651914545, -32.945115886583821 ], [ -68.941026052458795, -32.944777754073783 ], [ -68.940804519327259, -32.944554815781977 ], [ -68.940571643254046, -32.944393993747688 ], [ -68.940324840540569, -32.944346166706111 ], [ -68.939995528951997, -32.944358615343923 ], [ -68.939742865284217, -32.944286258768045 ], [ -68.939459997302677, -32.944035470010277 ], [ -68.939045389372808, -32.94372439827881 ] ] ] } },
{ "type": "Feature", "properties": { "fid": 204, "NOMBRE": "Tributarios", "VALOR": 3, "CUENCA": null, "TIPO": null, "Clase": null }, "geometry": { "type": "MultiLineString", "coordinates": [ [ [ -68.948113107103026, -32.923369613156353 ], [ -68.948165358132272, -32.923464228354284 ], [ -68.948205626291895, -32.923616861779976 ], [ -68.948215975905498, -32.923739007167292 ], [ -68.948242496470371, -32.923851044056285 ], [ -68.948231536371395, -32.923928565443141 ], [ -68.948191384871862, -32.923958013465715 ], [ -68.948100733031154, -32.923983394549964 ], [ -68.947933125252987, -32.923970011886937 ], [ -68.947755437957895, -32.923922328528249 ], [ -68.947636658998206, -32.92385844609116 ], [ -68.947525670182486, -32.923783946506852 ], [ -68.947437941029278, -32.923725134639142 ], [ -68.947385808947331, -32.923645645936354 ], [ -68.947268632202878, -32.923614700352722 ], [ -68.947129486126471, -32.923612789072315 ], [ -68.946997040997701, -32.923639983402545 ], [ -68.946857380607341, -32.923700388417835 ], [ -68.946762588181969, -32.923819556689168 ], [ -68.946704749610475, -32.923922135970344 ], [ -68.946704106257755, -32.923927356164626 ], [ -68.946712542343178, -32.924036153922245 ], [ -68.946755534198758, -32.924191629992862 ], [ -68.946770769090108, -32.924291537804457 ], [ -68.946780169567049, -32.924410848843806 ], [ -68.946745848857901, -32.924507905775371 ], [ -68.946629769601245, -32.924566686572518 ], [ -68.9464653512712, -32.924593624834785 ], [ -68.946290759381853, -32.924588543101031 ], [ -68.946152918775297, -32.92458452424269 ], [ -68.946063430823358, -32.924644783836605 ], [ -68.945954839262697, -32.924781502446677 ], [ -68.945845709048541, -32.924883393894078 ], [ -68.945659539765913, -32.924973338103662 ], [ -68.945510001299255, -32.925040077775158 ], [ -68.945431277589009, -32.925046353804269 ], [ -68.945373243617894, -32.925036590714726 ], [ -68.945305942951293, -32.924972538709838 ], [ -68.945204416013581, -32.924868779668181 ], [ -68.945115592257636, -32.924748675663878 ], [ -68.945012558869649, -32.92456869306212 ], [ -68.944947013961155, -32.924397376385741 ], [ -68.944888699414193, -32.92437095204906 ], [ -68.944701276146844, -32.924347359965346 ], [ -68.944455288034433, -32.924387448965746 ], [ -68.944196664482419, -32.924456211381511 ], [ -68.943949199728493, -32.924486164104643 ], [ -68.94375030015344, -32.924482767108543 ], [ -68.943565415954936, -32.92446705606288 ], [ -68.943369774036483, -32.924423825023823 ], [ -68.943210933593491, -32.924333080718988 ], [ -68.94304888941447, -32.924257712897962 ], [ -68.942875676647532, -32.924210739762266 ], [ -68.942770994528544, -32.924202099451797 ], [ -68.942674405258785, -32.924237790984648 ], [ -68.942574800711938, -32.924372156404772 ], [ -68.942468271334917, -32.924537923404252 ], [ -68.942372996803897, -32.924721228339976 ], [ -68.942284875911653, -32.924852970805404 ], [ -68.942219848615053, -32.924926630782963 ], [ -68.942104014387198, -32.924987612858658 ], [ -68.941975740994621, -32.925014964886486 ], [ -68.941784714728115, -32.92502070967948 ], [ -68.941544830220494, -32.925033654492545 ], [ -68.941271810535312, -32.925001084803135 ], [ -68.941033369928135, -32.924978937284756 ], [ -68.940787623945852, -32.924972938993449 ], [ -68.940593135623402, -32.924971362572968 ], [ -68.940440213354108, -32.925009227702283 ], [ -68.940331229277632, -32.925075516000241 ], [ -68.940228702945547, -32.925226545878488 ], [ -68.940128048893087, -32.92532514592201 ], [ -68.940011042917092, -32.925366065440784 ], [ -68.93989158323221, -32.925340080779122 ], [ -68.939774149867389, -32.925262787553486 ], [ -68.939687969918069, -32.925173490665657 ], [ -68.939664235003988, -32.925074542916533 ], [ -68.939754316665642, -32.924981700538041 ], [ -68.939807754210946, -32.924908407635705 ], [ -68.939809242215816, -32.924865086540606 ], [ -68.939726316754644, -32.924828706679754 ], [ -68.939564835139194, -32.924802733235296 ], [ -68.939410576202903, -32.924765613648766 ], [ -68.939277225990267, -32.924712982248586 ], [ -68.93917683483761, -32.924623676292853 ], [ -68.939020776421231, -32.924528860288461 ], [ -68.938859364643349, -32.924441860931772 ], [ -68.938722413305342, -32.924380085944456 ], [ -68.938517177499278, -32.924362090663372 ], [ -68.938399734832061, -32.924372267984417 ], [ -68.938337016238563, -32.924425514386812 ], [ -68.938269786567474, -32.924519151817883 ], [ -68.938218852562102, -32.924596186317594 ], [ -68.938147834198816, -32.924636466279082 ], [ -68.93805580950773, -32.924614185531929 ], [ -68.937955936764922, -32.924530082674671 ], [ -68.937751577175447, -32.924400167754712 ], [ -68.937609042469035, -32.924336113208838 ], [ -68.93744646251811, -32.92431094926345 ], [ -68.937317414428819, -32.924323768073819 ], [ -68.937221506960242, -32.924386175344246 ], [ -68.937118109836618, -32.924485702016796 ], [ -68.937050450329494, -32.924520922787899 ], [ -68.936922384713228, -32.924522306063139 ], [ -68.936813276964372, -32.924472814937012 ], [ -68.936757908386355, -32.924380528000746 ], [ -68.936718752503367, -32.924288939896371 ], [ -68.936671032737863, -32.924213853122602 ], [ -68.936602021457816, -32.924163385569585 ], [ -68.936483644909544, -32.924192136433305 ], [ -68.936388902187517, -32.924264520347762 ], [ -68.936280461030094, -32.924332639929311 ], [ -68.936146936478963, -32.92436900758895 ], [ -68.936044084143134, -32.924425260115072 ], [ -68.935929264156854, -32.924459853118776 ], [ -68.935806217377234, -32.924535422149141 ], [ -68.935686341241109, -32.924623933768714 ], [ -68.935621678686346, -32.92467807651304 ], [ -68.93556493434545, -32.924700157762253 ], [ -68.935497201398547, -32.9246679569641 ], [ -68.935469040600339, -32.924606072205762 ], [ -68.935347391665516, -32.924536105703233 ], [ -68.935221936757443, -32.924489504629456 ], [ -68.935099645056468, -32.924439904961915 ], [ -68.935015031472773, -32.924374959538802 ], [ -68.93492371058646, -32.924262974843089 ], [ -68.934861564224207, -32.924128255840323 ], [ -68.934815780153102, -32.924041132029089 ], [ -68.934685315888601, -32.923900961342746 ], [ -68.934508209496542, -32.923794913431735 ], [ -68.934278559450192, -32.923677458586326 ], [ -68.934081692871814, -32.923605120513812 ], [ -68.933909915836196, -32.923562421608537 ], [ -68.933736071174181, -32.923566219091292 ], [ -68.933639607753037, -32.923623459499645 ], [ -68.933568009664043, -32.923698214026423 ], [ -68.933463651780201, -32.923742154084955 ], [ -68.933357118022315, -32.923785674324144 ], [ -68.933263968379251, -32.923870121959069 ], [ -68.933165894740483, -32.923880396185012 ], [ -68.93296953122001, -32.923839724013298 ], [ -68.932731632882906, -32.923755398424959 ], [ -68.932596656039536, -32.923713130897291 ], [ -68.932524995997198, -32.923601018368039 ], [ -68.932480397013293, -32.9234394690179 ], [ -68.932422065215903, -32.923293877501216 ], [ -68.932374299407641, -32.923206143461428 ], [ -68.932291421997519, -32.923153724368099 ], [ -68.932167379465128, -32.923120108431107 ], [ -68.931976435801673, -32.923148659935471 ], [ -68.931890214904342, -32.923285876190555 ], [ -68.93181641131973, -32.923429253337922 ], [ -68.931713272556934, -32.923518332898929 ], [ -68.931613505979357, -32.923585143925976 ], [ -68.931498960193323, -32.923622107492939 ], [ -68.931344006059419, -32.92368359561334 ], [ -68.93116459727581, -32.923694065196038 ], [ -68.9309272223514, -32.923706124817116 ], [ -68.930799184721607, -32.923726894684023 ], [ -68.93076612531388, -32.923766302828568 ], [ -68.930746013951861, -32.923893650155541 ], [ -68.930738734353326, -32.924098176915805 ], [ -68.930732422242684, -32.924234281042516 ], [ -68.930682882022182, -32.924321915930591 ], [ -68.93056641425531, -32.924436183285245 ], [ -68.930382322449589, -32.924540253103928 ], [ -68.93025746558807, -32.924607258553735 ], [ -68.930142961772503, -32.924594397277154 ], [ -68.930060474422916, -32.924571256356103 ], [ -68.929985610934054, -32.924516228622373 ], [ -68.929925992991969, -32.924429607262404 ], [ -68.929835195555071, -32.924369312178172 ], [ -68.929695917782368, -32.92434731570097 ], [ -68.929557837411267, -32.924378116679172 ], [ -68.929445559092827, -32.924457303339494 ], [ -68.929300374422482, -32.92456873463702 ] ] ] } },
{ "type": "Feature", "properties": { "fid": 205, "NOMBRE": "Tributarios", "VALOR": 3, "CUENCA": null, "TIPO": null, "Clase": null }, "geometry": { "type": "MultiLineString", "coordinates": [ [ [ -68.936782620638851, -32.818492901293716 ], [ -68.9366671810036, -32.818484821623841 ], [ -68.93646918932879, -32.818516205216667 ], [ -68.936269719260139, -32.818536448725339 ], [ -68.936143254541875, -32.818588339259321 ], [ -68.935944690208117, -32.81862497311679 ], [ -68.935722988582086, -32.818653461219498 ], [ -68.935473163754722, -32.818642530482911 ], [ -68.935268576610397, -32.818644975534205 ], [ -68.935086314130501, -32.818630042880834 ], [ -68.934918550582054, -32.818669454561217 ], [ -68.934801756079167, -32.818694312658046 ], [ -68.934619851564506, -32.818677080994064 ], [ -68.934451758633443, -32.818682843815111 ], [ -68.934196194279338, -32.81871252606814 ], [ -68.93400821837507, -32.818699943830666 ], [ -68.933786006030232, -32.818775742429253 ], [ -68.933499154781899, -32.818809377908472 ], [ -68.933383726562084, -32.818912950510715 ], [ -68.93330286079204, -32.8189615298013 ], [ -68.933210228926896, -32.818975397321488 ], [ -68.933118978089993, -32.818962244716538 ], [ -68.933070400585081, -32.818995967790826 ], [ -68.933015573990673, -32.819052496163657 ], [ -68.932959086267431, -32.819063025290063 ], [ -68.932859727065861, -32.819014800383364 ], [ -68.932793398511151, -32.819025140447067 ], [ -68.932774568952667, -32.819094552407989 ], [ -68.932652336570357, -32.819122829920538 ], [ -68.932356277820617, -32.819118526032604 ], [ -68.932057405042784, -32.819169435046597 ], [ -68.931795245203531, -32.819265494678824 ], [ -68.931622531613286, -32.81935751023012 ], [ -68.931561499348092, -32.819414520013574 ], [ -68.931419144893596, -32.81947232125485 ], [ -68.931295543599617, -32.819448127188842 ], [ -68.931162283553505, -32.819411659779199 ], [ -68.930975952372791, -32.819349235758878 ], [ -68.930829403669549, -32.819320402404209 ], [ -68.930604508268644, -32.81932513954105 ], [ -68.930366828742407, -32.819403016808387 ], [ -68.930229735729156, -32.8194836781826 ], [ -68.930090117960518, -32.819511629873659 ], [ -68.929908502728424, -32.819481657184362 ], [ -68.929717206361914, -32.819422426484472 ], [ -68.929539856836143, -32.819362879275481 ], [ -68.929350056346692, -32.819339101323017 ], [ -68.929259543582589, -32.819363541277554 ], [ -68.929173888827194, -32.819443671065507 ], [ -68.929110095812717, -32.8194954874755 ], [ -68.928982657355888, -32.819519166621951 ], [ -68.928860064162194, -32.819538920616033 ], [ -68.928785350479728, -32.8195947892006 ], [ -68.928768709305302, -32.819691326007032 ], [ -68.928684698595305, -32.819734179484719 ], [ -68.928574617743166, -32.819784468925313 ], [ -68.928442150480279, -32.819783087111993 ], [ -68.928298103584709, -32.81980625341928 ], [ -68.928138918007917, -32.819901034891984 ], [ -68.927919599639083, -32.81993925625568 ] ] ] } },
{ "type": "Feature", "properties": { "fid": 206, "NOMBRE": "Arroyos", "VALOR": 4, "CUENCA": null, "TIPO": null, "Clase": null }, "geometry": { "type": "MultiLineString", "coordinates": [ [ [ -68.941640040063746, -32.86164679864978 ], [ -68.941378934081968, -32.861521248266612 ], [ -68.941010253262675, -32.86137046862585 ], [ -68.940685466356314, -32.86127829769017 ], [ -68.940463513634242, -32.861259927333116 ], [ -68.940168811007183, -32.861363398528674 ], [ -68.939901324064422, -32.861428299578129 ], [ -68.939297853924117, -32.861443708037932 ], [ -68.938788090504573, -32.861506788098723 ], [ -68.938092824555852, -32.86151255724802 ] ] ] } },
{ "type": "Feature", "properties": { "fid": 207, "NOMBRE": "Tributarios", "VALOR": 3, "CUENCA": null, "TIPO": null, "Clase": null }, "geometry": { "type": "MultiLineString", "coordinates": [ [ [ -68.943793012398089, -32.917152043298543 ], [ -68.94365829949912, -32.91699412269994 ], [ -68.943515953929293, -32.916778753034308 ], [ -68.943423300924408, -32.916502709149341 ], [ -68.943364248103364, -32.916221430422681 ], [ -68.943321981235329, -32.915964127161253 ], [ -68.943273445239655, -32.915833262100548 ], [ -68.943201959158415, -32.915750762294785 ], [ -68.943079581179546, -32.915677743145288 ], [ -68.942936352425193, -32.915681953660744 ], [ -68.942797040871582, -32.915794771471766 ], [ -68.942654878072702, -32.915899525266191 ], [ -68.942510334690553, -32.915928734960822 ], [ -68.942338003768398, -32.915903565523422 ], [ -68.942123508166588, -32.915850863002163 ], [ -68.941922182799701, -32.915888203611622 ], [ -68.94172026000507, -32.916009460741179 ], [ -68.941463486339316, -32.916246094430853 ], [ -68.941186932816393, -32.916487665820256 ], [ -68.941000211351664, -32.916664667525517 ], [ -68.94085274097047, -32.916815128418932 ], [ -68.940692717379122, -32.916956627901506 ], [ -68.940532549491522, -32.917059015201957 ], [ -68.940461401962224, -32.91707312420283 ], [ -68.940414309703741, -32.917053337819624 ], [ -68.940212736770718, -32.916947716551078 ], [ -68.940044947988071, -32.916832268660293 ], [ -68.939821971207536, -32.916675840563286 ], [ -68.939546001892424, -32.916486360132232 ], [ -68.939282661863828, -32.916303401644676 ], [ -68.939039288274756, -32.916147235552991 ], [ -68.93891927125803, -32.916020862422933 ], [ -68.938925142012479, -32.915860270445059 ], [ -68.938955582500128, -32.915679763137675 ], [ -68.93897632425886, -32.915480192371874 ], [ -68.938976466657905, -32.915428144764476 ], [ -68.938951680518443, -32.915389693880996 ], [ -68.938776586119133, -32.915342195584053 ], [ -68.938594060908969, -32.915296681514121 ], [ -68.93832947425031, -32.915253676373091 ], [ -68.938068190168281, -32.915197684975539 ], [ -68.937901099653629, -32.915190508983848 ], [ -68.937852762050269, -32.91520446236354 ], [ -68.937841077863965, -32.915252898289289 ], [ -68.937815330288572, -32.915291891335663 ], [ -68.937706036998264, -32.915346270363194 ], [ -68.937562003485468, -32.915376197260748 ], [ -68.937399168704474, -32.915405765355736 ], [ -68.937324010107048, -32.915350985794369 ], [ -68.937278796648783, -32.915256567900322 ], [ -68.937277221025582, -32.915193881398579 ], [ -68.937238133711389, -32.915117253180156 ], [ -68.937136798486179, -32.915033405179656 ], [ -68.936911492084306, -32.9149710519115 ], [ -68.93663141408976, -32.914970035243051 ], [ -68.936267956474637, -32.915013847055583 ], [ -68.93592600041066, -32.915064991787482 ], [ -68.935490867262146, -32.915112390662273 ], [ -68.935142395356507, -32.915218568333422 ], [ -68.934834956202849, -32.915366329782493 ], [ -68.934602130615318, -32.915539378103752 ], [ -68.934296529305385, -32.915643622165028 ], [ -68.934053637473724, -32.915768633424626 ], [ -68.933874834520537, -32.915883295852886 ], [ -68.933591307882423, -32.91597308492549 ], [ -68.933206136113171, -32.916011530705347 ], [ -68.933011942250488, -32.915981510672843 ], [ -68.932867000789798, -32.915907779368325 ], [ -68.932893367928273, -32.915717614293406 ], [ -68.932965537286989, -32.915596060447911 ], [ -68.933052374302775, -32.915460422362365 ], [ -68.932965552762212, -32.915333588817148 ], [ -68.9328081606822, -32.915239444168016 ], [ -68.932568023142935, -32.915227408126761 ], [ -68.932366091672179, -32.91527478414752 ], [ -68.932156669642907, -32.915331327968801 ], [ -68.931895078354472, -32.915433146000943 ], [ -68.931728968630594, -32.91547347228569 ], [ -68.931544071533025, -32.915417385317056 ], [ -68.93145369763154, -32.915203442532388 ], [ -68.931327970953603, -32.915086068127913 ], [ -68.931001453440047, -32.914996966742898 ], [ -68.930737773625239, -32.914995984806303 ], [ -68.930566893883608, -32.915212666149046 ], [ -68.930458968118501, -32.915356881064881 ], [ -68.930336278209026, -32.915465923934939 ], [ -68.93019659087048, -32.915524684946227 ], [ -68.930199283495995, -32.915685347781277 ], [ -68.930242386735557, -32.915876382345829 ], [ -68.930145097259427, -32.915933669254542 ], [ -68.92998178082631, -32.915990112361719 ], [ -68.929715634819445, -32.91613355859711 ], [ -68.929401105433101, -32.916273130572414 ], [ -68.929148558524389, -32.916340640933718 ] ] ] } },
{ "type": "Feature", "properties": { "fid": 209, "NOMBRE": "Arroyos", "VALOR": 4, "CUENCA": null, "TIPO": null, "Clase": null }, "geometry": { "type": "MultiLineString", "coordinates": [ [ [ -68.938076870206345, -32.861506585494141 ], [ -68.937643637940951, -32.861490236500728 ], [ -68.937090551016666, -32.861458224853713 ], [ -68.936823055949304, -32.861448926005004 ], [ -68.936508595106432, -32.861482339928955 ], [ -68.936123605097436, -32.8614534466628 ], [ -68.935827184201301, -32.861404723590418 ], [ -68.935444371592439, -32.861356294808409 ], [ -68.935033519629727, -32.861301842097035 ], [ -68.934660124589982, -32.861250710099839 ], [ -68.934313904918966, -32.861231455749049 ], [ -68.933903886678266, -32.861235796390538 ], [ -68.933607608945294, -32.861258720742306 ], [ -68.933186746017824, -32.861299098533898 ], [ -68.93275129280444, -32.861373553846782 ], [ -68.932354577655985, -32.861416677972336 ], [ -68.931896748108684, -32.861579628032331 ], [ -68.931568742560927, -32.861796724241472 ], [ -68.931323746981136, -32.861941893347769 ], [ -68.931001598911791, -32.861957362012852 ], [ -68.930625244602226, -32.861964623801789 ], [ -68.929904480881731, -32.861907784452669 ], [ -68.929200150507825, -32.861879088394161 ], [ -68.928440853276982, -32.861900449876352 ], [ -68.92782595268794, -32.861836545841001 ], [ -68.926929673123198, -32.861656400530933 ], [ -68.926204778276443, -32.861417744842733 ], [ -68.925671577231242, -32.86108834832666 ], [ -68.925287280299841, -32.860776670985032 ], [ -68.924822389123847, -32.860308032226612 ], [ -68.924624693947351, -32.860056052036825 ], [ -68.92449740457937, -32.859915069218367 ], [ -68.924149148578721, -32.859786641504051 ], [ -68.92381245215806, -32.859708761976286 ], [ -68.923446492527503, -32.859721416305476 ], [ -68.923200840280032, -32.859706671711294 ], [ -68.922814142682128, -32.859543085218796 ], [ -68.922409587604477, -32.859370930662429 ], [ -68.922039435831678, -32.859290710677726 ], [ -68.921858253682558, -32.859300259878772 ], [ -68.921717008450216, -32.859427420195111 ], [ -68.92155994509325, -32.85945039402894 ], [ -68.921372344885768, -32.859358082807063 ], [ -68.921152385156091, -32.859408293668288 ], [ -68.920907333810149, -32.859531635512539 ], [ -68.920673725290101, -32.859620072733726 ], [ -68.92050949832587, -32.859620816939696 ], [ -68.920343917798263, -32.859468808864051 ], [ -68.920020875706001, -32.859238863961835 ], [ -68.919608862748362, -32.8590306291578 ], [ -68.919400532176368, -32.858939003157481 ], [ -68.91927250805881, -32.858812887978182 ], [ -68.919159470086754, -32.858788390088108 ], [ -68.918963463176979, -32.858772934222344 ], [ -68.918796222099402, -32.858645672659932 ], [ -68.918612672180373, -32.858474125464028 ], [ -68.918419997980948, -32.858425246484842 ], [ -68.918178951763039, -32.858371555433969 ], [ -68.918005841711789, -32.858337626994164 ], [ -68.917956391700727, -32.858281783103251 ], [ -68.917922210831691, -32.858112969059746 ], [ -68.917844994065035, -32.857915595208638 ], [ -68.917771694272787, -32.857885004370473 ], [ -68.917671609308215, -32.857889646753833 ], [ -68.917545035163457, -32.857863353014345 ], [ -68.917397034438181, -32.857659356339255 ], [ -68.917326109178788, -32.857480784462808 ], [ -68.917193263446293, -32.857339739519581 ], [ -68.91706521409138, -32.857264113077782 ], [ -68.9169422353025, -32.85724695717925 ], [ -68.916786464607185, -32.857356556170686 ], [ -68.916678457375212, -32.857422654675872 ], [ -68.916566076448774, -32.857508722823518 ], [ -68.916469684661038, -32.857545909318276 ], [ -68.916373001217451, -32.857529287285082 ], [ -68.916297520240448, -32.857444685174343 ], [ -68.916200150500188, -32.857314341373879 ], [ -68.916015292288407, -32.857284122614836 ], [ -68.915878548213101, -32.857271620160873 ], [ -68.915477540060408, -32.856998711891322 ], [ -68.915366714390629, -32.856976046382037 ], [ -68.915243567587083, -32.857059359408105 ], [ -68.915027467794388, -32.85711562301195 ], [ -68.914795826978704, -32.857213761540756 ], [ -68.914529625216915, -32.857354333250413 ], [ -68.914375317103406, -32.857414126468768 ], [ -68.914022957776908, -32.8574688338458 ], [ -68.913767867736439, -32.857491204218142 ], [ -68.913663149148647, -32.857445492833342 ], [ -68.913535980977088, -32.857340207033921 ], [ -68.913234513438951, -32.857025723339184 ], [ -68.912968000050981, -32.856713856997779 ], [ -68.912743547090685, -32.856531449550921 ], [ -68.912523955820177, -32.856399737314959 ], [ -68.912015693359976, -32.856173169471226 ], [ -68.911245306726329, -32.855977676441405 ], [ -68.91061643672613, -32.855890008930821 ], [ -68.910297176191676, -32.855931159075254 ], [ -68.90983446574279, -32.856030872530958 ], [ -68.909656258700934, -32.856103883303206 ], [ -68.909437310965899, -32.85612947285717 ], [ -68.909065892925966, -32.856021692805015 ], [ -68.908521491843373, -32.855812681471875 ], [ -68.907705575554658, -32.855511010958828 ], [ -68.907146697954389, -32.855241911753588 ], [ -68.906650737323403, -32.854892861479073 ], [ -68.906077588862345, -32.854406283500893 ], [ -68.905824877033979, -32.854292437810003 ], [ -68.90538521582711, -32.854178265926457 ], [ -68.904414586646894, -32.854065028485628 ], [ -68.903871208249143, -32.85398538442815 ], [ -68.902969398459618, -32.853801383127056 ], [ -68.902353583194113, -32.853744342805854 ], [ -68.901687457227268, -32.853779539790239 ], [ -68.900727059254351, -32.853932813936488 ], [ -68.899628295638209, -32.854145435247183 ], [ -68.89860606282376, -32.854286584790259 ], [ -68.898168827895944, -32.854148082122066 ], [ -68.897935672724813, -32.854148461677646 ], [ -68.897674347420661, -32.854242894043487 ], [ -68.897271150655072, -32.853973502632364 ], [ -68.896951694955234, -32.853707620284304 ], [ -68.896575450593943, -32.853779562006835 ], [ -68.896001942503759, -32.853943915924646 ], [ -68.895831117414502, -32.853949712731342 ], [ -68.895497496853991, -32.853851910773002 ], [ -68.895344057279686, -32.853829359896494 ], [ -68.894850353173197, -32.853605160398146 ], [ -68.894737779105725, -32.853408950341702 ], [ -68.894624787971622, -32.853214900186558 ], [ -68.894535291043326, -32.85312301159906 ], [ -68.894087770644163, -32.852904943416334 ], [ -68.893404004286467, -32.852551948260455 ], [ -68.892916580555465, -32.852346767602498 ], [ -68.892275217138547, -32.851866524792719 ], [ -68.89179359359099, -32.851722505345393 ], [ -68.891037774282452, -32.851492785686574 ], [ -68.890612715432582, -32.851346774780772 ], [ -68.890316570585213, -32.851316531504231 ], [ -68.889708332758147, -32.851365600833354 ], [ -68.888905735925562, -32.851426046192245 ], [ -68.887903234753864, -32.851142280813711 ], [ -68.886891746163613, -32.850810717850585 ], [ -68.886052941498193, -32.850428364085985 ], [ -68.884591256687685, -32.849503966479261 ], [ -68.883497032741801, -32.84853007327218 ], [ -68.882801727228411, -32.847591600514214 ], [ -68.881901480399563, -32.846176283391259 ], [ -68.881041803206031, -32.844695848818937 ], [ -68.880764359041024, -32.844100966071245 ], [ -68.880401668724488, -32.843277809518135 ], [ -68.879752401184078, -32.84217850976281 ], [ -68.879257957825473, -32.841472903405922 ], [ -68.87852763442784, -32.840216104168803 ], [ -68.877780859316971, -32.838907729112094 ], [ -68.877077098338262, -32.837693777253421 ], [ -68.876380028115861, -32.836530162927573 ], [ -68.875546369772067, -32.835112593650607 ], [ -68.87485416235873, -32.833880579658192 ], [ -68.873945562365407, -32.832257489132687 ], [ -68.87360970221583, -32.831657998656951 ], [ -68.872804550827723, -32.830380765086787 ] ] ] } },
{ "type": "Feature", "properties": { "fid": 212, "NOMBRE": "Arroyos", "VALOR": 4, "CUENCA": null, "TIPO": null, "Clase": null }, "geometry": { "type": "MultiLineString", "coordinates": [ [ [ -68.950251888998451, -32.941238400751196 ], [ -68.94956818802693, -32.941683811373977 ], [ -68.949099605854173, -32.941947484167748 ], [ -68.948310941050693, -32.942036487623874 ], [ -68.947360054166893, -32.941988473601924 ], [ -68.946251342633929, -32.942081467044972 ], [ -68.945742078330795, -32.942388729819108 ], [ -68.945298901946515, -32.942665913622783 ], [ -68.944261158545217, -32.942824797813763 ], [ -68.943304403998965, -32.942884457367555 ], [ -68.942058894206724, -32.943068626563495 ], [ -68.941462451045723, -32.943202219105011 ], [ -68.94083554296293, -32.943386123780876 ], [ -68.940038852893267, -32.943665404437965 ], [ -68.93903265374955, -32.94372880422096 ] ] ] } },
{ "type": "Feature", "properties": { "fid": 215, "NOMBRE": "Arroyos", "VALOR": 4, "CUENCA": null, "TIPO": null, "Clase": null }, "geometry": { "type": "MultiLineString", "coordinates": [ [ [ -68.942459459585407, -32.876678911080333 ], [ -68.9424091261303, -32.876771882715076 ], [ -68.942350159239254, -32.876879408195904 ], [ -68.942273508066293, -32.876959334626115 ], [ -68.942192089107579, -32.876985844892523 ], [ -68.942096282571228, -32.876940070420297 ], [ -68.941990166618808, -32.876847896403277 ], [ -68.941898448207212, -32.876828542589493 ], [ -68.941761988034386, -32.876851659268944 ], [ -68.941617124743246, -32.876901614567551 ], [ -68.941491609637907, -32.876958813880428 ], [ -68.941383215735371, -32.877008656761895 ], [ -68.941251336864852, -32.877004794337637 ], [ -68.941147400726962, -32.876920033270814 ], [ -68.941024863523936, -32.87681634084749 ], [ -68.940874341828106, -32.876709283156458 ], [ -68.940742499733076, -32.876675309466471 ], [ -68.940636219215691, -32.876720657924579 ], [ -68.940591712453696, -32.876811761576313 ], [ -68.940618781917905, -32.876850234700953 ], [ -68.940706289148125, -32.87690822062131 ], [ -68.940746865953571, -32.876977736893693 ], [ -68.940707218628006, -32.877074911061563 ], [ -68.940723670930026, -32.877184714657758 ], [ -68.940655509850018, -32.877299705781525 ], [ -68.940549938836796, -32.877431145478745 ], [ -68.940380127837955, -32.877522349288355 ], [ -68.94026682898749, -32.877577926422688 ], [ -68.940114354294096, -32.877570977348988 ], [ -68.939910161201368, -32.877547862114575 ], [ -68.939730046562801, -32.877547720260786 ], [ -68.939597815203712, -32.87760323847791 ], [ -68.939588313270633, -32.877723348139142 ], [ -68.93956441087073, -32.877836716608769 ], [ -68.939535588813456, -32.877914287999417 ], [ -68.939482854167323, -32.877995274243844 ], [ -68.939402009815097, -32.878110288743805 ], [ -68.939335186988743, -32.878170405480127 ], [ -68.939210496740856, -32.878231634449108 ], [ -68.939128971867447, -32.878284277721342 ], [ -68.939042269884197, -32.878273064688734 ], [ -68.938984042727014, -32.878197513434323 ], [ -68.938838689324726, -32.878146511699924 ], [ -68.938726386657493, -32.878034708109823 ], [ -68.938623889781809, -32.877991002784505 ], [ -68.938442565496004, -32.877968024154043 ], [ -68.938269813809384, -32.877989770076333 ], [ -68.938115856430429, -32.878019682842975 ], [ -68.938035095871001, -32.878094362590346 ], [ -68.93799606641565, -32.878227550312893 ], [ -68.937992524292696, -32.878327875688605 ], [ -68.937983554741706, -32.878437189623774 ], [ -68.937960209207688, -32.878517870718944 ], [ -68.937811856338712, -32.878596850852304 ], [ -68.937627992824503, -32.878539711669816 ], [ -68.937493593944794, -32.878498694090368 ], [ -68.937372742282236, -32.878407299542928 ], [ -68.937298349849385, -32.878298953486812 ], [ -68.937238877667397, -32.878157297608297 ], [ -68.937209230894396, -32.877995072540919 ], [ -68.937164953490367, -32.877908003341943 ], [ -68.937076341340969, -32.877829436707422 ], [ -68.936977310524014, -32.877800242584001 ], [ -68.936897210535776, -32.877853840337927 ], [ -68.936875891685204, -32.877982853893258 ], [ -68.936825215554748, -32.878116805798932 ], [ -68.936804566919392, -32.878238595200742 ], [ -68.936784986681658, -32.878355637950378 ], [ -68.936764748154559, -32.878409606452877 ], [ -68.936735412222646, -32.878427279128069 ], [ -68.936704923525781, -32.878422728150589 ], [ -68.936671501537745, -32.878390068628278 ], [ -68.936652380277152, -32.878358872560881 ], [ -68.93664383423058, -32.878336550268926 ] ] ] } },
{ "type": "Feature", "properties": { "fid": 219, "NOMBRE": "Tributarios", "VALOR": 3, "CUENCA": null, "TIPO": null, "Clase": null }, "geometry": { "type": "MultiLineString", "coordinates": [ [ [ -68.913232662824726, -32.66669008944595 ], [ -68.913149295457274, -32.666733682127685 ], [ -68.912829027946913, -32.666762090247438 ], [ -68.912691977654831, -32.666984639873185 ], [ -68.912393834997502, -32.667129802943748 ], [ -68.911980120744673, -32.667197432390623 ], [ -68.911391165702426, -32.667353021737433 ], [ -68.911136373326329, -32.66757732757641 ], [ -68.910742094426581, -32.667684830352272 ], [ -68.91026528224414, -32.668242401233719 ], [ -68.909634549451141, -32.668567695739249 ], [ -68.908967392624902, -32.668923856297361 ], [ -68.908524814899181, -32.669199720544974 ], [ -68.90815122080231, -32.669456527570389 ], [ -68.907921087653634, -32.669498356466903 ], [ -68.907628326680239, -32.669351806112289 ], [ -68.90749112276545, -32.669313014085752 ], [ -68.907207183129927, -32.669350933808737 ], [ -68.90687670794108, -32.669381225370579 ], [ -68.906683356517647, -32.669450279637132 ], [ -68.906526519498726, -32.669589247568403 ], [ -68.906387902713206, -32.66972847806008 ], [ -68.906369393844727, -32.669883448955453 ], [ -68.906211737822218, -32.670046352227217 ], [ -68.905998054681092, -32.670155320378967 ], [ -68.905774853648978, -32.670217840776623 ], [ -68.905418597091426, -32.670308267731428 ], [ -68.90518722931678, -32.670370362560007 ], [ -68.904983535009364, -32.670565175042114 ], [ -68.904788802199477, -32.670635249460993 ], [ -68.904481733169746, -32.670705392867028 ], [ -68.904304465303099, -32.670681911035238 ], [ -68.903574522289574, -32.670815056217883 ], [ -68.903369557438509, -32.671003477889798 ], [ -68.903210952249339, -32.67107430628662 ], [ -68.902968041794836, -32.670988151385082 ], [ -68.902705948926226, -32.670988391621933 ], [ -68.902641713855161, -32.671161568861848 ], [ -68.902557660080802, -32.671303360167904 ], [ -68.902202341116947, -32.671335584771555 ], [ -68.901833730760274, -32.671422700893906 ], [ -68.901627879929265, -32.671430827081281 ], [ -68.90125351760463, -32.671194824922104 ], [ -68.900925031963666, -32.671116325879446 ], [ -68.900445033435687, -32.670950492037562 ], [ -68.900171343529877, -32.670998273630119 ], [ -68.899576891588012, -32.671038702254442 ], [ -68.899359891659827, -32.671118449847079 ], [ -68.899208835063021, -32.671070919771893 ], [ -68.898886883996369, -32.671079458654184 ], [ -68.898631170840019, -32.670944171339286 ], [ -68.898374749698789, -32.671088320444902 ], [ -68.89802261573989, -32.671104751922478 ], [ -68.897822383416155, -32.671129023739049 ], [ -68.897621638411948, -32.671001100304046 ], [ -68.897329063749993, -32.671065537866902 ], [ -68.89721476411755, -32.671218127035168 ], [ -68.896938740249311, -32.671210800880978 ], [ -68.896805185453061, -32.671243322116226 ], [ -68.896766975495382, -32.671339991160387 ], [ -68.8965853308258, -32.671420819457509 ], [ -68.896279088317669, -32.671413120147662 ], [ -68.896010768497575, -32.671437693510782 ], [ -68.895438943799221, -32.67155036585023 ], [ -68.895237648926837, -32.671631156319712 ], [ -68.895016837673637, -32.671776787504761 ], [ -68.894737926893782, -32.671947006152926 ], [ -68.894487352546747, -32.671971685684156 ], [ -68.894148926482472, -32.671907394087533 ], [ -68.894032596900928, -32.67195634268829 ], [ -68.893809424570421, -32.671875367397021 ], [ -68.893586092214889, -32.671932562922066 ], [ -68.893391610229273, -32.671940929931793 ], [ -68.893167158550881, -32.672079555645034 ], [ -68.892992899697802, -32.67221794978694 ], [ -68.892818595545066, -32.672332092717888 ], [ -68.892342367377907, -32.672358213499727 ], [ -68.892081115357925, -32.672317892805843 ], [ -68.891751306844156, -32.672105846009302 ], [ -68.891274914406253, -32.672098035136564 ], [ -68.890943550566618, -32.672172375242091 ], [ -68.890631014064382, -32.672156554741946 ], [ -68.890396348311469, -32.672009091432521 ], [ -68.889940701134648, -32.671737583975933 ], [ -68.889725871635051, -32.671606446230854 ], [ -68.889402798542335, -32.671582712045847 ], [ -68.889196555579431, -32.671459620983796 ], [ -68.889107967617278, -32.671360786176933 ], [ -68.88907841851082, -32.671162603308169 ], [ -68.88894088224734, -32.671005608935523 ], [ -68.888636032059694, -32.670914604906585 ], [ -68.888389918551155, -32.670947605936561 ], [ -68.888074608569539, -32.670897857385498 ], [ -68.887877356619171, -32.670889503148665 ], [ -68.887686901124553, -32.67088114115041 ], [ -68.887519394851068, -32.670939044846918 ] ] ] } },
{ "type": "Feature", "properties": { "fid": 221, "NOMBRE": "Tributarios", "VALOR": 3, "CUENCA": null, "TIPO": null, "Clase": null }, "geometry": { "type": "MultiLineString", "coordinates": [ [ [ -68.93664383423058, -32.878336550268926 ], [ -68.936640148486106, -32.878264606336877 ], [ -68.936638472877277, -32.878181866865759 ], [ -68.936630245131042, -32.878105875204312 ], [ -68.936565895236484, -32.878012448674632 ], [ -68.936516310032758, -32.877968161651111 ], [ -68.93641978409012, -32.877953368280451 ], [ -68.936355793118537, -32.877920917871222 ], [ -68.936261016535326, -32.877839115614563 ], [ -68.9362124179152, -32.877792631491289 ], [ -68.936187362137105, -32.877777558784295 ], [ -68.936130613831978, -32.87778432872868 ], [ -68.936031378179592, -32.877867541142322 ], [ -68.935932156010807, -32.877943317749363 ], [ -68.935823513364809, -32.878044594418142 ], [ -68.935750705327592, -32.878077738791532 ], [ -68.935687177271987, -32.87808749790463 ], [ -68.935617731995094, -32.878069729829377 ], [ -68.935531378664791, -32.878010302658573 ], [ -68.935419189524836, -32.8779925750666 ], [ -68.935290600610969, -32.878023929560143 ], [ -68.935220734084822, -32.878031497810767 ], [ -68.935116081104582, -32.878020449913734 ], [ -68.935034894691725, -32.877970151970096 ], [ -68.934958853753244, -32.877926926103243 ] ] ] } },
{ "type": "Feature", "properties": { "fid": 222, "NOMBRE": "Arroyos", "VALOR": 4, "CUENCA": null, "TIPO": null, "Clase": null }, "geometry": { "type": "MultiLineString", "coordinates": [ [ [ -68.921982888615631, -32.954434321195635 ], [ -68.921655440381642, -32.954527172443463 ], [ -68.921342217252587, -32.954569512866286 ], [ -68.92112466097511, -32.954562437982595 ], [ -68.920904913364481, -32.954406084968269 ], [ -68.920792548900963, -32.95428361188543 ], [ -68.92057431029599, -32.954111030155708 ], [ -68.920471532938663, -32.95408049213917 ], [ -68.920391645482852, -32.954130171192119 ], [ -68.920229686003609, -32.954332105970138 ], [ -68.92006957905518, -32.954543506670234 ], [ -68.919873234944319, -32.954682757677922 ], [ -68.919706219276321, -32.954767409202276 ], [ -68.919463074308865, -32.954736879463397 ], [ -68.919318858180361, -32.954614519288022 ], [ -68.919184002317252, -32.954408841308563 ], [ -68.919115867524454, -32.954125458493358 ], [ -68.919210286303013, -32.953673649902498 ], [ -68.919135864471272, -32.953507267109885 ], [ -68.919196013542447, -32.95330170440112 ], [ -68.919177284003908, -32.953086390095216 ], [ -68.91894224267854, -32.953023809322389 ], [ -68.918728141120894, -32.953002257533832 ], [ -68.918623201893638, -32.95288621134916 ], [ -68.918508452510835, -32.952794395063037 ], [ -68.918322758888394, -32.952814191415456 ], [ -68.918257010043519, -32.952703927197987 ], [ -68.91811905077013, -32.952590774106241 ], [ -68.917975657734999, -32.952430058272967 ], [ -68.917860356885569, -32.952337910695441 ], [ -68.91759108377174, -32.952395532869247 ], [ -68.917444816893322, -32.952410355902281 ], [ -68.917294484859639, -32.952350525039662 ], [ -68.917231567039522, -32.95217195550395 ], [ -68.917202156582547, -32.951973927029833 ], [ -68.916972529829806, -32.951945933535235 ], [ -68.916758082717251, -32.951972227797967 ], [ -68.916648467286336, -32.951837873949074 ], [ -68.916644864918823, -32.951679798254446 ], [ -68.91663192691172, -32.951470209158202 ], [ -68.916467106620942, -32.951243416762395 ], [ -68.91631156319815, -32.951145626291925 ] ] ] } },
{ "type": "Feature", "properties": { "fid": 223, "NOMBRE": "Arroyos", "VALOR": 4, "CUENCA": null, "TIPO": null, "Clase": null }, "geometry": { "type": "MultiLineString", "coordinates": [ [ [ -68.934955934298969, -32.877926970390348 ], [ -68.934894377331702, -32.877902806382998 ], [ -68.934809115838561, -32.877851332384147 ], [ -68.934703136027977, -32.877815075390785 ], [ -68.934611594106897, -32.877796107336273 ], [ -68.934486935345703, -32.877812722408962 ], [ -68.93437071165684, -32.877816295302772 ], [ -68.93429364751367, -32.877788532503686 ], [ -68.934215597147883, -32.877785428554795 ], [ -68.934152914402887, -32.877837026195557 ], [ -68.934105979901389, -32.877923418852866 ], [ -68.934045845732513, -32.877992382697187 ], [ -68.933939747036987, -32.87801006492279 ], [ -68.933784065471983, -32.87793826403 ], [ -68.933607831086803, -32.877851396966136 ], [ -68.933463483106991, -32.877786562076601 ], [ -68.933361156672177, -32.877765071335723 ], [ -68.933310527608299, -32.877804028815476 ], [ -68.933285734984764, -32.87789553226677 ], [ -68.933296278018759, -32.878038691180947 ], [ -68.93330101445801, -32.878132709862513 ], [ -68.933295499856655, -32.878222035721087 ], [ -68.933275082582426, -32.878291316761185 ], [ -68.933203409820948, -32.878288550392234 ], [ -68.933074521086112, -32.878217552305614 ], [ -68.932950356765701, -32.878157180437611 ], [ -68.932826642374181, -32.878160914752378 ], [ -68.932744353382319, -32.878221180870852 ], [ -68.932718678241642, -32.878294690950888 ], [ -68.932764949081815, -32.87837733966051 ], [ -68.932814485329189, -32.878445804616305 ], [ -68.932811310153014, -32.878561118048253 ], [ -68.932802120122005, -32.878667596788802 ], [ -68.932749115192763, -32.87877490960237 ], [ -68.932619508192531, -32.878849802832782 ], [ -68.932437854808754, -32.878956620763475 ], [ -68.932269667163254, -32.879010054069525 ], [ -68.932048283887298, -32.879042124774422 ], [ -68.931877511986499, -32.879104128353191 ], [ -68.93167342288335, -32.879194905090039 ], [ -68.93159576327416, -32.879216713348661 ], [ -68.931495877985554, -32.87921992307146 ], [ -68.931399313398487, -32.879211207546717 ], [ -68.931300270938209, -32.879186841453802 ] ] ] } },
{ "type": "Feature", "properties": { "fid": 225, "NOMBRE": "Arroyos", "VALOR": 4, "CUENCA": null, "TIPO": null, "Clase": null }, "geometry": { "type": "MultiLineString", "coordinates": [ [ [ -68.903139884105585, -32.909197351644444 ], [ -68.90257690945559, -32.909029518312344 ], [ -68.901955137478893, -32.908825819878686 ], [ -68.901330061343216, -32.908519816992168 ], [ -68.900967626017106, -32.908204842515218 ], [ -68.900864345211502, -32.908089272190622 ], [ -68.90073224584107, -32.907807709386077 ], [ -68.900704723288897, -32.907500280899242 ], [ -68.900682955702067, -32.907129877522181 ] ] ] } },
{ "type": "Feature", "properties": { "fid": 226, "NOMBRE": "Tributarios", "VALOR": 3, "CUENCA": null, "TIPO": null, "Clase": null }, "geometry": { "type": "MultiLineString", "coordinates": [ [ [ -68.929155250000278, -32.916336111388247 ], [ -68.92892088916841, -32.916346181545038 ], [ -68.928640088823968, -32.916285708467349 ], [ -68.928388040741979, -32.916243242314316 ], [ -68.928220726316368, -32.916259444128968 ], [ -68.928074455285056, -32.916390148531832 ], [ -68.92794520860393, -32.916440453895135 ], [ -68.927672142223216, -32.91638050987423 ], [ -68.927406368660925, -32.916263861819814 ], [ -68.927201218282136, -32.916130629075084 ], [ -68.92708858331855, -32.916099380172923 ], [ -68.926960519960573, -32.916176862865655 ], [ -68.926839715337778, -32.916328046362217 ], [ -68.926724453026324, -32.916442842729182 ], [ -68.926506594851091, -32.916491688558033 ], [ -68.926182410001815, -32.916417166079043 ], [ -68.925912253143125, -32.916230819983568 ], [ -68.925720199981981, -32.916060167748405 ], [ -68.925554974556064, -32.915986758068506 ], [ -68.925333394667177, -32.915961642363868 ], [ -68.925157175327499, -32.9160688347757 ], [ -68.92497871292214, -32.91619137499201 ], [ -68.924827884053201, -32.916294858553407 ], [ -68.924674257871175, -32.916355695022332 ], [ -68.924414682897151, -32.916291086699495 ], [ -68.924128311445671, -32.916229203258524 ], [ -68.923823174429401, -32.916202829658516 ], [ -68.923398288057385, -32.916241332023482 ], [ -68.923104328020372, -32.916339057075014 ], [ -68.922727285247674, -32.916450388103144 ], [ -68.922584460602792, -32.916459511289716 ], [ -68.922428678572672, -32.916467555686516 ], [ -68.922309674398221, -32.91640973048365 ], [ -68.92218015266738, -32.916329234098285 ] ] ] } },
{ "type": "Feature", "properties": { "fid": 237, "NOMBRE": "Arroyos", "VALOR": 4, "CUENCA": null, "TIPO": null, "Clase": null }, "geometry": { "type": "MultiLineString", "coordinates": [ [ [ -68.931299001190382, -32.879186708602475 ], [ -68.931198390816022, -32.879171646914791 ], [ -68.931093696328972, -32.879185889789724 ], [ -68.93099924413599, -32.879230168556077 ], [ -68.930901277428347, -32.87930705261558 ], [ -68.930819053912188, -32.879363587848886 ], [ -68.930751460072187, -32.879364009655646 ], [ -68.930648830807428, -32.879327998360033 ], [ -68.930498684160568, -32.879356514312349 ], [ -68.930348444574747, -32.879432506651604 ], [ -68.930196486046611, -32.879532516784472 ], [ -68.930075622583715, -32.879611026592052 ], [ -68.929888734806497, -32.879654132129623 ], [ -68.929720084600973, -32.87965057044125 ], [ -68.929577378032988, -32.879626299775687 ], [ -68.929449811714434, -32.879556909110178 ], [ -68.929365359358641, -32.879475628704547 ], [ -68.929247656288723, -32.879400480355827 ] ] ] } },
{ "type": "Feature", "properties": { "fid": 242, "NOMBRE": "Tributarios", "VALOR": 3, "CUENCA": null, "TIPO": null, "Clase": null }, "geometry": { "type": "MultiLineString", "coordinates": [ [ [ -68.890830340361902, -32.982709971957114 ], [ -68.890675438298473, -32.982935235559133 ], [ -68.890478814984604, -32.983274823626218 ], [ -68.889949735099904, -32.983723766909016 ] ] ] } },
{ "type": "Feature", "properties": { "fid": 243, "NOMBRE": "Arroyos", "VALOR": 4, "CUENCA": null, "TIPO": null, "Clase": null }, "geometry": { "type": "MultiLineString", "coordinates": [ [ [ -68.929248442321693, -32.879405690961605 ], [ -68.929036899678465, -32.879356005982672 ], [ -68.928901374638656, -32.879393390592277 ], [ -68.928763650465683, -32.879467727540977 ], [ -68.928603322238544, -32.879572231614397 ], [ -68.928440209961195, -32.87958434046034 ], [ -68.928322791584392, -32.879553567734526 ], [ -68.928187494500264, -32.879368449735288 ], [ -68.927964717025432, -32.879262501131883 ], [ -68.927586063526036, -32.879188013148941 ], [ -68.927200255503863, -32.879131703527733 ], [ -68.926798319679349, -32.879056575289361 ], [ -68.926572732015401, -32.879024655760283 ], [ -68.926242753205258, -32.878980377173754 ], [ -68.925986125122634, -32.878979825423222 ], [ -68.925850782089043, -32.879030248132771 ], [ -68.925713852164407, -32.879044244883332 ], [ -68.925636530387536, -32.879035001419943 ], [ -68.925565566271203, -32.878928259950683 ], [ -68.925508621557015, -32.878829801968337 ], [ -68.925450601151539, -32.87876477127395 ], [ -68.92534344860951, -32.87872756095571 ], [ -68.925153413383015, -32.878683951750659 ], [ -68.924939348737738, -32.878649494524765 ], [ -68.924784614608939, -32.878608409167988 ], [ -68.924488884383763, -32.878443114094338 ], [ -68.924292941156182, -32.878364270914894 ], [ -68.924012592449969, -32.878314318147183 ], [ -68.923756251648001, -32.878277287222431 ], [ -68.92353171711521, -32.87823285951778 ], [ -68.923301105048822, -32.878187968139216 ], [ -68.9230192044906, -32.878142688904624 ], [ -68.922730308860466, -32.878195423043955 ], [ -68.922518675816363, -32.878231864244484 ], [ -68.922333357897273, -32.878212505792227 ], [ -68.922140037921864, -32.878305249677652 ], [ -68.921944308723127, -32.87847000451449 ], [ -68.921826765466065, -32.878568840250473 ], [ -68.9217212846889, -32.878660884968795 ], [ -68.92157548979425, -32.878765970863661 ], [ -68.921419216383484, -32.878834432461801 ], [ -68.921302113345845, -32.878864588766142 ], [ -68.921180589514606, -32.878824316436329 ], [ -68.92109658029338, -32.878687574197635 ], [ -68.920973034212679, -32.878599666257273 ], [ -68.920837737390983, -32.878560299219373 ], [ -68.920650192368299, -32.878607812957554 ], [ -68.92025113647577, -32.878737739142139 ], [ -68.919939312084566, -32.878828219107326 ], [ -68.919585143866385, -32.878928309295645 ], [ -68.919168911252783, -32.879037927449261 ], [ -68.918947045089467, -32.879064151966425 ], [ -68.918703697404695, -32.879036814984644 ], [ -68.91856895473579, -32.878947069899652 ], [ -68.918379920565926, -32.878836904394866 ], [ -68.91821403404893, -32.878691464150634 ], [ -68.918138491605689, -32.87864055169851 ], [ -68.918019616441086, -32.878624116706483 ], [ -68.917928989089944, -32.878693538211039 ], [ -68.917780478901435, -32.878817604368685 ], [ -68.917607454837992, -32.878917767338343 ], [ -68.91745926023799, -32.878986599868348 ], [ -68.91734807305582, -32.879007380261292 ], [ -68.917178390469786, -32.878963854761217 ], [ -68.917094693057308, -32.878885777423648 ], [ -68.917056427092604, -32.878814102420563 ], [ -68.91707074646952, -32.878642254112506 ], [ -68.917071782580834, -32.878424146396029 ], [ -68.91704418611836, -32.878210779302869 ], [ -68.917008296918567, -32.878031113154158 ], [ -68.916965089689285, -32.877928462231417 ], [ -68.916871649063268, -32.877878755137303 ], [ -68.916679633792882, -32.877857008536431 ], [ -68.916433397443186, -32.877816852862139 ], [ -68.916242307298944, -32.877773166390767 ], [ -68.916089507397984, -32.877707942604758 ], [ -68.915937223974495, -32.877584229888512 ], [ -68.915795949365162, -32.877415636382388 ], [ -68.915688595653251, -32.877271572214198 ], [ -68.915624749076827, -32.877214101986027 ] ] ] } },
{ "type": "Feature", "properties": { "fid": 245, "NOMBRE": "Arroyos", "VALOR": 4, "CUENCA": null, "TIPO": null, "Clase": null }, "geometry": { "type": "MultiLineString", "coordinates": [ [ [ -68.927415739599653, -32.883983705990772 ], [ -68.927276238470711, -32.883988014935518 ], [ -68.927152822672909, -32.884013586827905 ], [ -68.926999080061179, -32.884068800171363 ], [ -68.926897088630469, -32.884088759086474 ], [ -68.926757612413198, -32.884097081695892 ], [ -68.926648270282442, -32.884096569496613 ], [ -68.926506061935839, -32.88408105068951 ], [ -68.926347821573998, -32.88405111218907 ], [ -68.926232700641606, -32.88400892312049 ], [ -68.926126050122278, -32.883967057696808 ], [ -68.926055496275822, -32.883899038793025 ], [ -68.925984097024084, -32.883815864996706 ], [ -68.925942112822753, -32.883756056973816 ], [ -68.925854772057491, -32.88369481667074 ], [ -68.925747214166009, -32.88369109575806 ], [ -68.925689909411943, -32.883740567696918 ], [ -68.925635619650748, -32.883804103538623 ], [ -68.925559527240921, -32.883877566557942 ], [ -68.925471726096461, -32.883933635227798 ], [ -68.925350363310159, -32.883967866878351 ], [ -68.92524557424565, -32.883995859141763 ], [ -68.925112637115333, -32.884026609847155 ], [ -68.924957409121177, -32.884060391683683 ], [ -68.924806896881961, -32.884073331223362 ], [ -68.924638072954025, -32.884085814313202 ], [ -68.924473712680211, -32.884080715904716 ], [ -68.924319587551025, -32.884079505454167 ], [ -68.924159076682031, -32.884099605303547 ], [ -68.924022262329046, -32.88415994168313 ], [ -68.923921726211802, -32.884224680175038 ], [ -68.923812409993431, -32.884317186347552 ], [ -68.923690602257366, -32.884437884850684 ], [ -68.923565718541155, -32.884547264023333 ], [ -68.923403149054948, -32.884636543360436 ], [ -68.923228487893965, -32.884710582022265 ], [ -68.923032955787917, -32.884758428810883 ], [ -68.922815897792304, -32.884787480477243 ], [ -68.922610911368395, -32.88481332670289 ], [ -68.922369947859409, -32.884830836673608 ], [ -68.922213135228489, -32.884847533948147 ], [ -68.922029179612366, -32.884823432520662 ], [ -68.921849447858449, -32.884770140544184 ], [ -68.921667352636007, -32.884698029077242 ], [ -68.921494542933914, -32.88461826850758 ], [ -68.921319862191723, -32.884552744148877 ], [ -68.921104192232562, -32.884489275733628 ], [ -68.920939867860938, -32.884457222312072 ], [ -68.920742299917407, -32.884457531344538 ], [ -68.920507137771423, -32.884501664157476 ], [ -68.920340734530328, -32.884540819917873 ], [ -68.920157812212992, -32.884545494010396 ], [ -68.919925537173043, -32.884522011063545 ], [ -68.919768171061932, -32.884504931451289 ], [ -68.919578882292981, -32.884459919793599 ], [ -68.919401905358242, -32.884403462552207 ], [ -68.919200084799556, -32.884349420970551 ], [ -68.919006889822299, -32.884287563179718 ], [ -68.918785245228193, -32.884239554998786 ], [ -68.918570151656851, -32.884203336530966 ], [ -68.918348323757456, -32.884171321573554 ], [ -68.918062777082056, -32.884168171879359 ], [ -68.917791534999296, -32.884213176595203 ], [ -68.917598996295297, -32.884249601942955 ], [ -68.917388336422931, -32.884265762362894 ], [ -68.917082059701357, -32.88419573421271 ], [ -68.91680276028751, -32.884114549295852 ], [ -68.916320732098072, -32.883986534381805 ] ] ] } },
{ "type": "Feature", "properties": { "fid": 248, "NOMBRE": "Tributarios", "VALOR": 3, "CUENCA": null, "TIPO": null, "Clase": null }, "geometry": { "type": "MultiLineString", "coordinates": [ [ [ -68.926791207148611, -32.815910516690515 ], [ -68.926668056161787, -32.815815373336939 ], [ -68.926521518321536, -32.815791108279925 ], [ -68.926399427491233, -32.815769949176428 ], [ -68.926377714494834, -32.815708463897678 ], [ -68.9263021160655, -32.815671622169098 ], [ -68.926224845043492, -32.815695573147273 ], [ -68.926183253127647, -32.815726201083507 ], [ -68.92613267809098, -32.815760627534431 ], [ -68.926115016217622, -32.815804023722585 ], [ -68.926036205906598, -32.815840386852926 ], [ -68.925943069523129, -32.815866570075343 ], [ -68.925852971294859, -32.815843728565255 ], [ -68.925791794145027, -32.815784841067895 ], [ -68.925755285463211, -32.815753881106566 ], [ -68.925662472233668, -32.815757838412608 ], [ -68.925528121739475, -32.815794743752285 ], [ -68.925416265894697, -32.815827159858571 ], [ -68.925316974114153, -32.815824808913796 ], [ -68.925182404722491, -32.815787535553348 ], [ -68.925096637737212, -32.815754360106254 ], [ -68.924952248197755, -32.815761243045969 ], [ -68.92487535468841, -32.815785800237173 ], [ -68.924800108588585, -32.815828058525156 ], [ -68.924697717652066, -32.815862201567263 ], [ -68.924608048100794, -32.815881849065399 ], [ -68.924530884797306, -32.815846466294524 ], [ -68.924465354709653, -32.815816417826333 ], [ -68.924340379526498, -32.815801629679711 ], [ -68.924236786879973, -32.815782475694135 ], [ -68.924032352835994, -32.815726725482293 ], [ -68.923855656956434, -32.815595299002695 ], [ -68.923779300658524, -32.815571916000543 ], [ -68.923674873536214, -32.815399749706906 ], [ -68.923574308136992, -32.815301811884169 ], [ -68.923337427579881, -32.815129624401479 ], [ -68.923165551096517, -32.81502144181249 ], [ -68.92299921342611, -32.815006855090509 ] ] ] } },
{ "type": "Feature", "properties": { "fid": 257, "NOMBRE": "Tributarios", "VALOR": 3, "CUENCA": null, "TIPO": null, "Clase": null }, "geometry": { "type": "MultiLineString", "coordinates": [ [ [ -68.915237906970901, -32.901323770384735 ], [ -68.915150224222486, -32.901329212811667 ], [ -68.915076988515281, -32.901365313973095 ], [ -68.914991012804975, -32.901396020523485 ], [ -68.914918017596733, -32.901410528906574 ], [ -68.914741792074437, -32.901378320803069 ], [ -68.914533718104252, -32.90133497213553 ], [ -68.914372637271697, -32.901294876941499 ], [ -68.914260257289328, -32.901219771511947 ], [ -68.914144815929333, -32.901209849718875 ], [ -68.914026192562716, -32.901236985400018 ], [ -68.913938077431354, -32.901229983532708 ], [ -68.913871792572351, -32.901197946579117 ], [ -68.913814641880734, -32.901004435194778 ], [ -68.913700113395478, -32.900783873728116 ], [ -68.913613994530266, -32.900538330827942 ], [ -68.91359330204898, -32.900395647671409 ], [ -68.91356174548568, -32.900273831333791 ], [ -68.913494140860763, -32.900238249578102 ], [ -68.913420647174618, -32.900212142018695 ], [ -68.91325455102762, -32.900261552109129 ], [ -68.913048911718874, -32.900359995777599 ], [ -68.912994539358962, -32.90042915418713 ], [ -68.912962196340104, -32.900493069107426 ], [ -68.912927226039301, -32.900523522062343 ], [ -68.912859376603151, -32.90052367170361 ], [ -68.912828525858785, -32.90051439639857 ], [ -68.912798698921435, -32.900465253163013 ], [ -68.9127528656295, -32.900438918282951 ], [ -68.912643416477465, -32.900413683018691 ], [ -68.912446423411993, -32.900421091917295 ], [ -68.912320585577802, -32.900442374542713 ], [ -68.9122575653317, -32.900423816320497 ], [ -68.912191544831401, -32.900354940839705 ], [ -68.912129380147277, -32.900337219780305 ], [ -68.912041864967136, -32.900329199268043 ], [ -68.911973497308068, -32.900316279721565 ], [ -68.911937589624529, -32.900282141508846 ], [ -68.911908082622503, -32.900200169573189 ], [ -68.911907871863448, -32.900053674596833 ], [ -68.911886069667446, -32.899942118842787 ], [ -68.911817574789836, -32.899774933370921 ], [ -68.911725826366407, -32.899638165685339 ], [ -68.911637137398145, -32.89946226514575 ], [ -68.911567693704427, -32.899391519750985 ], [ -68.911464522478553, -32.899368030348697 ], [ -68.911172540749064, -32.899391177318634 ], [ -68.911001275056989, -32.899387998896685 ], [ -68.910880229123592, -32.899364143123911 ], [ -68.910723904593709, -32.899321390623179 ], [ -68.910633037887251, -32.89934021876639 ], [ -68.91052663457468, -32.899388192116035 ], [ -68.910471533456189, -32.899441874362026 ], [ -68.910434752047593, -32.899497506986918 ], [ -68.910348277573775, -32.899494455265618 ], [ -68.910250795210857, -32.89955726583635 ], [ -68.910199629977711, -32.899585224186147 ], [ -68.910147153179778, -32.899664139016622 ], [ -68.910074753661135, -32.899676538822618 ], [ -68.909995784134892, -32.899650488945404 ], [ -68.909876332789779, -32.899634938608862 ], [ -68.909753040504398, -32.899654788781547 ], [ -68.909651694318867, -32.89970702636392 ], [ -68.909584128700118, -32.899784678699334 ], [ -68.909532750040739, -32.899812157134306 ], [ -68.909390232904698, -32.899824390191959 ], [ -68.909032988167951, -32.899991347311918 ], [ -68.908940915160784, -32.900087488969227 ], [ -68.908852742130762, -32.900189191294153 ], [ -68.908772920568907, -32.900248159060013 ], [ -68.90870255779457, -32.900281469565428 ], [ -68.908504845701785, -32.90030972127277 ], [ -68.908321838726565, -32.900371425963918 ], [ -68.908166709619948, -32.900458807145625 ], [ -68.908076963050675, -32.90050083618479 ], [ -68.907948914402311, -32.900537292463703 ], [ -68.90765919134239, -32.900672468991765 ], [ -68.907451523206362, -32.900739118315556 ], [ -68.907346365686195, -32.900752218777754 ], [ -68.907208158802959, -32.900725869276584 ], [ -68.907089161571676, -32.900750866837505 ], [ -68.907025708752244, -32.900800271546565 ], [ -68.906915593160434, -32.900859393752043 ] ] ] } },
{ "type": "Feature", "properties": { "fid": 259, "NOMBRE": "Tributarios", "VALOR": 3, "CUENCA": null, "TIPO": null, "Clase": null }, "geometry": { "type": "MultiLineString", "coordinates": [ [ [ -68.919322499785096, -32.973676665191526 ], [ -68.919131494833437, -32.973524356533396 ], [ -68.918938867867354, -32.973462333351073 ], [ -68.918655577083726, -32.973310081619388 ], [ -68.918269565061564, -32.97317786478304 ], [ -68.917861970193471, -32.973008684609255 ], [ -68.917521050542163, -32.972823303941617 ], [ -68.917047864529721, -32.972683765055194 ], [ -68.916575782737382, -32.972622151228755 ], [ -68.916369869425552, -32.972509568708247 ], [ -68.916270859773803, -32.972333970079838 ], [ -68.916294829032921, -32.972026383988798 ], [ -68.916286419792414, -32.971825334268189 ], [ -68.916207649785619, -32.971700383660512 ], [ -68.916107499369048, -32.9715205870909 ], [ -68.915859049357266, -32.971364051442109 ], [ -68.915644116130665, -32.971302351470555 ], [ -68.915460789537377, -32.971252109152694 ], [ -68.915171979484242, -32.971142943888935 ], [ -68.914873475169102, -32.971112516741655 ], [ -68.914723149962242, -32.971162312372876 ], [ -68.914626966303715, -32.971286044197043 ], [ -68.914545279040212, -32.971322169577995 ], [ -68.914378616131017, -32.971268200287291 ], [ -68.914187517535368, -32.971179696468091 ], [ -68.913833385255757, -32.971097994138731 ], [ -68.913506047881611, -32.970962159313096 ], [ -68.913313734009634, -32.970891729731107 ], [ -68.913102641945031, -32.970876750233451 ], [ -68.912924481399756, -32.970915155796106 ], [ -68.912723433624038, -32.970853554362826 ], [ -68.912484405419761, -32.970830646344822 ], [ -68.91236460365586, -32.970849689999838 ], [ -68.912266263989935, -32.971029221149095 ], [ -68.912088105313657, -32.971221103641994 ], [ -68.911861496622066, -32.971250881966021 ], [ -68.911596586415655, -32.97122257979472 ], [ -68.911492403049465, -32.970986928791589 ], [ -68.911479899975902, -32.97067137363355 ], [ -68.911338516368318, -32.970457508763687 ], [ -68.911129494202839, -32.970347200440671 ], [ -68.911081611137291, -32.970262997171965 ], [ -68.910783502672047, -32.970178691329352 ], [ -68.910377117801445, -32.970133523828693 ], [ -68.910062143170322, -32.970069127489879 ], [ -68.909722768572365, -32.970072287337189 ], [ -68.909348938901118, -32.969993521189537 ], [ -68.909029274270083, -32.969981803214893 ], [ -68.908673299216346, -32.969991755790666 ], [ -68.908279361892184, -32.969982135653865 ], [ -68.908057231999408, -32.969965806982493 ], [ -68.907861886732604, -32.969857898900031 ], [ -68.907716197707842, -32.969767972890317 ], [ -68.907313811673305, -32.96956632059117 ], [ -68.906989977363367, -32.969427586465628 ], [ -68.906781487924817, -32.969267727943496 ], [ -68.90643719592876, -32.968995559215124 ], [ -68.906119444803124, -32.968877641776388 ], [ -68.905848092744179, -32.968769729886965 ], [ -68.905505774419808, -32.968672086924556 ], [ -68.905343493017412, -32.968456319873859 ], [ -68.905257316366686, -32.968121917721255 ], [ -68.90505823535257, -32.967866442836076 ], [ -68.904715770450011, -32.967731674418033 ], [ -68.904391966953014, -32.967663892876502 ], [ -68.90405141518238, -32.967587556286922 ], [ -68.90369609078968, -32.967561296503199 ], [ -68.903363219568746, -32.967646582326239 ] ] ] } },
{ "type": "Feature", "properties": { "fid": 260, "NOMBRE": "Arroyos", "VALOR": 4, "CUENCA": null, "TIPO": null, "Clase": null }, "geometry": { "type": "MultiLineString", "coordinates": [ [ [ -68.919808658576059, -32.9433361251007 ], [ -68.91924445435248, -32.943648162483221 ], [ -68.918394336935236, -32.94396606495107 ], [ -68.917426642297713, -32.944034736744918 ], [ -68.916330272496864, -32.94402158118163 ], [ -68.914921904588923, -32.943903159263954 ], [ -68.913807578666734, -32.944043784158303 ], [ -68.912848592519907, -32.944299966081608 ], [ -68.912022304427026, -32.944563919849337 ], [ -68.911461456315834, -32.944802260104453 ], [ -68.91110244219891, -32.944899810317935 ], [ -68.910529375168935, -32.94499481279238 ], [ -68.910001140382391, -32.945082518105998 ], [ -68.90961178281043, -32.945004933758675 ], [ -68.909302773318018, -32.944866406582108 ], [ -68.908870311762868, -32.944855610903197 ], [ -68.908729544551605, -32.944663402201549 ], [ -68.90844047775775, -32.944622710816652 ], [ -68.908197242645116, -32.944475208111555 ], [ -68.90778792782352, -32.944453868431182 ], [ -68.907345904742499, -32.944352276380705 ], [ -68.906948604617526, -32.944311532469726 ], [ -68.906580306600134, -32.944262025545292 ], [ -68.906269611613126, -32.944300041000908 ], [ -68.905949429007492, -32.944389910020213 ] ] ] } },
{ "type": "Feature", "properties": { "fid": 263, "NOMBRE": "Tributarios", "VALOR": 3, "CUENCA": null, "TIPO": null, "Clase": null }, "geometry": { "type": "MultiLineString", "coordinates": [ [ [ -68.922179512306712, -32.916322044097207 ], [ -68.921935097646823, -32.916112061317783 ], [ -68.921678577375602, -32.916063523679497 ], [ -68.921367649705346, -32.916054303841186 ], [ -68.921066669265983, -32.916060804523326 ], [ -68.920892926675492, -32.916135324168096 ], [ -68.920625660133467, -32.916107251877349 ], [ -68.920355573736344, -32.916135502208078 ], [ -68.919981957360278, -32.916149025520212 ], [ -68.91965955181702, -32.916148721085449 ], [ -68.91937614644533, -32.916191623661838 ], [ -68.919290663604656, -32.916236900340827 ], [ -68.919161559910364, -32.916397335304232 ], [ -68.919033399613468, -32.916519847202061 ], [ -68.918927343638913, -32.916573295303813 ], [ -68.918753508262995, -32.916649707047334 ], [ -68.918507625289308, -32.916694083686274 ], [ -68.918168000905297, -32.916629367244695 ], [ -68.917937405684583, -32.916616699566724 ], [ -68.917736568972288, -32.916655908199267 ] ] ] } },
{ "type": "Feature", "properties": { "fid": 270, "NOMBRE": "Arroyos", "VALOR": 4, "CUENCA": null, "TIPO": null, "Clase": null }, "geometry": { "type": "MultiLineString", "coordinates": [ [ [ -68.916312913486721, -32.95114215877895 ], [ -68.916099082530565, -32.951082039427213 ], [ -68.915918842109505, -32.951121486794634 ], [ -68.915795104097683, -32.951154188506159 ], [ -68.915627245112972, -32.951185640465859 ], [ -68.915491807091541, -32.95111951300008 ], [ -68.915397156922964, -32.951022204102237 ], [ -68.915245457895509, -32.950847509757921 ], [ -68.915064676350141, -32.950685344499306 ], [ -68.914832063799921, -32.950544380240132 ], [ -68.914369512313371, -32.950393757135529 ], [ -68.913975091867158, -32.950297223828272 ], [ -68.913558812505173, -32.950276681639366 ], [ -68.913293903814889, -32.950383890116079 ], [ -68.913034916720704, -32.950504037571676 ], [ -68.912898330175835, -32.950527338259626 ], [ -68.912753596623119, -32.950484826871858 ], [ -68.912602669049221, -32.950306612868495 ], [ -68.912485080932782, -32.950136108551568 ], [ -68.912231674394903, -32.949990652547122 ], [ -68.912029013808834, -32.949858811153263 ], [ -68.911971370072465, -32.949770826908605 ], [ -68.911924205617211, -32.949487854072913 ], [ -68.911777722748639, -32.949252877922902 ], [ -68.911552542945302, -32.949085773928246 ], [ -68.911365976591313, -32.949011525072763 ], [ -68.911002593941319, -32.948992281391099 ], [ -68.910675310690308, -32.948927719442217 ], [ -68.910432506201545, -32.94876593448226 ], [ -68.910404302406448, -32.948650236727822 ], [ -68.910443795049375, -32.948455300348961 ], [ -68.910538142623864, -32.948305539737383 ], [ -68.910663607862602, -32.948214568503509 ], [ -68.910757495333002, -32.948175138480337 ], [ -68.910837470807664, -32.948077570940228 ], [ -68.91083886123306, -32.947952783802208 ], [ -68.910806814260042, -32.947751661870463 ], [ -68.910718890757565, -32.94758961955165 ], [ -68.910454564985926, -32.947456307206558 ], [ -68.910173243272354, -32.947327314955523 ], [ -68.909759948194974, -32.947094358805955 ], [ -68.909174720827309, -32.946869507698636 ], [ -68.908986768328731, -32.946716680986277 ], [ -68.90877074353358, -32.946333207493623 ], [ -68.90849224171923, -32.946024775870384 ], [ -68.908337550066435, -32.945779430969957 ], [ -68.908129318063146, -32.945607411353897 ], [ -68.907585349615488, -32.945434290093111 ], [ -68.907027045170807, -32.945177792154269 ], [ -68.90655939026739, -32.945056773261513 ], [ -68.906314548643749, -32.944831894528932 ], [ -68.906203253514818, -32.94461224882771 ], [ -68.905937856038506, -32.944394681686525 ], [ -68.905564960917772, -32.944176599436531 ], [ -68.90508931410568, -32.943864198834824 ], [ -68.904501026689331, -32.943460935805717 ], [ -68.903766595664834, -32.942802216768271 ], [ -68.903138493723205, -32.941896679940676 ], [ -68.902587748239227, -32.941226471855153 ], [ -68.901999852045435, -32.940409609071438 ], [ -68.90142169443655, -32.939705978837495 ], [ -68.901222801766878, -32.939137143460513 ], [ -68.900576381051735, -32.93836288375568 ], [ -68.900059795622894, -32.937866822691674 ], [ -68.899511756427131, -32.937331814199588 ], [ -68.899031886148094, -32.936881006754525 ], [ -68.898343331884078, -32.936585344728705 ], [ -68.897175996307382, -32.936601967856298 ], [ -68.896287587803869, -32.936509283203684 ], [ -68.895179776964198, -32.936248787277826 ], [ -68.89398291727386, -32.935758532625719 ], [ -68.892929253726678, -32.935128314570733 ], [ -68.891774525217642, -32.934475796944064 ] ] ] } },
{ "type": "Feature", "properties": { "fid": 273, "NOMBRE": "Arroyos", "VALOR": 4, "CUENCA": null, "TIPO": null, "Clase": null }, "geometry": { "type": "MultiLineString", "coordinates": [ [ [ -68.917737325320573, -32.916661261277248 ], [ -68.917342849479567, -32.916644292241564 ], [ -68.917032927273937, -32.91663724642239 ], [ -68.91678459972249, -32.916657126755936 ], [ -68.916587773901512, -32.916741000643086 ], [ -68.916408567032803, -32.916670278699762 ], [ -68.916139441467976, -32.916701741009113 ], [ -68.916048420876066, -32.91674890342798 ], [ -68.915891160988394, -32.916692762622212 ], [ -68.915768934671632, -32.916686331192764 ], [ -68.915551846291294, -32.916701432342727 ], [ -68.915321380789024, -32.916668554090847 ], [ -68.915042129011965, -32.916532722456509 ], [ -68.91474274409191, -32.916320064552373 ], [ -68.914422920387665, -32.91606348981373 ], [ -68.914174773915391, -32.915841070452494 ], [ -68.913996663056906, -32.915753342656778 ], [ -68.913848074127628, -32.915748904593762 ], [ -68.913631807829489, -32.915708821655379 ], [ -68.913432878796243, -32.915648658837803 ], [ -68.913297037486061, -32.91552922109306 ], [ -68.913112539801105, -32.915513146104828 ], [ -68.912920893767904, -32.915535783427984 ], [ -68.912766596637425, -32.915453145937718 ], [ -68.912640471454139, -32.915280464610191 ], [ -68.912484071259669, -32.915129715250259 ], [ -68.912298910346877, -32.915038286889512 ], [ -68.911995166593599, -32.914977171305523 ], [ -68.911736772343829, -32.9149021455463 ], [ -68.911593220916544, -32.914823041148203 ], [ -68.911494777213036, -32.914702431118855 ], [ -68.911380278698658, -32.914468146073993 ], [ -68.911278404921362, -32.914211518051623 ], [ -68.911176518475102, -32.913937793004884 ], [ -68.911079067447801, -32.913610586472167 ], [ -68.910979024802188, -32.91323336425463 ], [ -68.910903512460607, -32.912896418070815 ], [ -68.910761822477596, -32.912502680934658 ], [ -68.910624025705502, -32.912214931389954 ], [ -68.910447003688603, -32.911914797334333 ], [ -68.910208976400185, -32.911642253402512 ], [ -68.909932221716986, -32.911350308805169 ], [ -68.909439881470149, -32.910964184168115 ], [ -68.909063619525583, -32.910652391958273 ], [ -68.908740949267298, -32.910298193441761 ], [ -68.908559703654774, -32.9101056618385 ], [ -68.908398351249858, -32.909996937092373 ], [ -68.908256115941228, -32.909928326414274 ], [ -68.908112214210746, -32.909937073581879 ], [ -68.908042910998887, -32.910029720506522 ], [ -68.907924930269218, -32.910092443422933 ], [ -68.90782878641582, -32.910141913563329 ], [ -68.90761922057095, -32.910147016177213 ], [ -68.907450269908367, -32.910147402106837 ], [ -68.907284273726816, -32.910209272721652 ], [ -68.907130854719099, -32.910263617667809 ], [ -68.906982994698922, -32.910265784469807 ], [ -68.906849963114453, -32.910225791497339 ], [ -68.90665468722203, -32.910056596624699 ], [ -68.906439054668738, -32.909883715031633 ], [ -68.906236190061335, -32.909740361568396 ], [ -68.906041590484548, -32.909604828417002 ], [ -68.905800105604285, -32.909553370698752 ], [ -68.905330353148514, -32.909520046186664 ], [ -68.904986292135931, -32.909473842465971 ], [ -68.904690177542179, -32.909388120391007 ], [ -68.90442662157335, -32.909334636673599 ], [ -68.903997773469854, -32.909323219933967 ], [ -68.903609417374753, -32.909309201377077 ], [ -68.9031444959179, -32.909204995536513 ] ] ] } },
{ "type": "Feature", "properties": { "fid": 275, "NOMBRE": "Tributarios", "VALOR": 3, "CUENCA": null, "TIPO": null, "Clase": null }, "geometry": { "type": "MultiLineString", "coordinates": [ [ [ -68.910508121598696, -32.766454055370936 ], [ -68.910478988187577, -32.766615483937436 ], [ -68.91043673582513, -32.766723737316752 ], [ -68.910296285468419, -32.766798729116609 ], [ -68.909986709355664, -32.766923049147962 ], [ -68.9095880699345, -32.767093050599527 ], [ -68.909422049638678, -32.7672188869537 ], [ -68.909238363844622, -32.767380050796007 ], [ -68.908822695742018, -32.767639313114628 ], [ -68.908498267741436, -32.767806917338909 ], [ -68.9081983174447, -32.768063266909337 ], [ -68.907932412028345, -32.768288317503199 ], [ -68.907561400496604, -32.768546046351744 ], [ -68.907234736398763, -32.768812027098626 ], [ -68.906874635258262, -32.769001270675012 ], [ -68.906344023728238, -32.769191735105764 ], [ -68.90598231240844, -32.76921988151642 ], [ -68.905627665126389, -32.76925106959078 ], [ -68.905287337602957, -32.76927053482315 ], [ -68.905137750693896, -32.769372069533333 ], [ -68.904909704070789, -32.769489665217129 ], [ -68.904454787837437, -32.769690791538579 ], [ -68.904139164552802, -32.769846323976758 ], [ -68.903590718385033, -32.770043024017674 ], [ -68.90307387834369, -32.770253328195913 ], [ -68.902186430081372, -32.770738199781377 ], [ -68.901875082719613, -32.771002611231829 ], [ -68.901621920356845, -32.771221489862093 ], [ -68.901322356097694, -32.771463453893091 ], [ -68.901023153672497, -32.771663005411639 ], [ -68.900830270749026, -32.77178763387802 ], [ -68.900550366969313, -32.771813515332219 ], [ -68.900310717343501, -32.771818668991756 ], [ -68.900021830314415, -32.771903370260155 ], [ -68.899748254321551, -32.77193248520831 ], [ -68.899502388915636, -32.772032403821633 ], [ -68.89934180111436, -32.77217053333176 ], [ -68.899118424694549, -32.772243975368511 ], [ -68.898857001010214, -32.772287268172732 ], [ -68.898708044606792, -32.772377891045487 ], [ -68.898453606529102, -32.772575361277553 ], [ -68.898231852536966, -32.772655794018085 ], [ -68.897823894628473, -32.772836377167806 ], [ -68.897601903166944, -32.772955045515779 ], [ -68.897477182496417, -32.773035132168239 ], [ -68.897276622809017, -32.773312003186284 ], [ -68.89712106865484, -32.773427296274342 ] ] ] } },
{ "type": "Feature", "properties": { "fid": 276, "NOMBRE": "Tributarios", "VALOR": 3, "CUENCA": null, "TIPO": null, "Clase": null }, "geometry": { "type": "MultiLineString", "coordinates": [ [ [ -68.922997729648102, -32.815009434783285 ], [ -68.92290787589711, -32.815029602005232 ], [ -68.922817589863527, -32.814987226884838 ], [ -68.922729504813717, -32.814964001682235 ], [ -68.922645996966665, -32.814985735689312 ], [ -68.922583105534599, -32.815030864021722 ], [ -68.922502457729124, -32.815059310089893 ], [ -68.922366477855107, -32.814957001479897 ], [ -68.922281833355683, -32.814924192066854 ], [ -68.922072710731968, -32.814927449932178 ], [ -68.921966660293663, -32.814912818803897 ], [ -68.921781116258785, -32.814930057891054 ], [ -68.921608943737198, -32.814964287542502 ], [ -68.921515136833918, -32.814920942712462 ], [ -68.921399029521368, -32.814970934806844 ], [ -68.921264182683856, -32.815007080956711 ], [ -68.921052078174313, -32.815026646459266 ], [ -68.920953420604391, -32.815038446935752 ], [ -68.920819265611328, -32.815098064120058 ], [ -68.9206793748737, -32.815125867689765 ], [ -68.920578291590004, -32.815171297936239 ], [ -68.92043021531282, -32.815264682014181 ], [ -68.920248674133049, -32.815373900989947 ], [ -68.920104687008248, -32.815445154772007 ], [ -68.919927905237614, -32.815481996876827 ], [ -68.919733501689294, -32.815496705916068 ], [ -68.919541598333112, -32.815461577995549 ], [ -68.919410661175192, -32.815398771182672 ], [ -68.919278596395401, -32.815292197466022 ], [ -68.919182503006866, -32.815183825833763 ], [ -68.919063356989582, -32.815114455680181 ], [ -68.918828552938194, -32.815086299706756 ], [ -68.918657636434943, -32.815084755712753 ], [ -68.918538390366194, -32.815133014607589 ], [ -68.918405610501807, -32.815136754960349 ], [ -68.918317619608885, -32.815186751190858 ], [ -68.918186190595804, -32.815217979773841 ], [ -68.918027836875595, -32.815275463723047 ], [ -68.917972435512382, -32.815361991382012 ], [ -68.917872211755267, -32.815443500520026 ], [ -68.917702137019489, -32.815467135159274 ], [ -68.917549381028323, -32.815470887409205 ], [ -68.917419419840684, -32.815447918437116 ], [ -68.917271999179945, -32.815389455551667 ], [ -68.917100409516962, -32.815378169599036 ], [ -68.916941386674793, -32.815412601141702 ], [ -68.916796048733957, -32.815531396721212 ], [ -68.916660562851817, -32.815623114104795 ], [ -68.916556081922579, -32.815678461714079 ], [ -68.9164920917964, -32.815746202424059 ], [ -68.91637490098249, -32.815794479594302 ], [ -68.916243104391995, -32.815842598275566 ], [ -68.916087295583296, -32.815973205211961 ], [ -68.915911848107356, -32.816015260490886 ], [ -68.915721898268686, -32.816014311839652 ], [ -68.915476987131129, -32.816050301362743 ], [ -68.915300887289959, -32.816021497356736 ], [ -68.91518129454785, -32.816034365913985 ], [ -68.915028977358659, -32.816078465001596 ], [ -68.914970759601005, -32.816115545256984 ], [ -68.914931434791612, -32.816185219859896 ] ] ] } },
{ "type": "Feature", "properties": { "fid": 277, "NOMBRE": "Tributarios", "VALOR": 3, "CUENCA": null, "TIPO": null, "Clase": null }, "geometry": { "type": "MultiLineString", "coordinates": [ [ [ -68.907250209025577, -32.96211351497918 ], [ -68.907035217604999, -32.96210653426202 ], [ -68.906776623534398, -32.962174610032463 ], [ -68.906504373761564, -32.962300792942763 ], [ -68.906266641154019, -32.962494715391671 ], [ -68.90605391211426, -32.962779872966721 ], [ -68.906011194071738, -32.963053456667296 ], [ -68.906058484662438, -32.963340021588941 ], [ -68.906115510383131, -32.96366901235502 ], [ -68.906078333379895, -32.963955533776591 ], [ -68.905800990819657, -32.964318647833188 ], [ -68.905403514406743, -32.964741227217118 ], [ -68.905298268465302, -32.964837843873688 ], [ -68.905081458579673, -32.96502986276824 ], [ -68.904867756523217, -32.965259553963605 ], [ -68.904601368794985, -32.965424157439223 ], [ -68.904342863175458, -32.965435033873284 ], [ -68.904097114370259, -32.965311739419796 ], [ -68.903798997509597, -32.965267153980484 ], [ -68.903621377685255, -32.965347329662954 ], [ -68.903605770983702, -32.965493636792459 ], [ -68.903676627288888, -32.965658900765938 ], [ -68.903856826266178, -32.965913422488271 ], [ -68.903812114699335, -32.966127371350197 ], [ -68.903648880030559, -32.966202224671555 ], [ -68.903412119356545, -32.966203236784153 ], [ -68.903191032077814, -32.966335840999434 ], [ -68.903032571957183, -32.966535801283577 ], [ -68.902901815102041, -32.966793113283821 ], [ -68.902766465196947, -32.966950980743583 ], [ -68.902529709528338, -32.967014464548605 ], [ -68.902271016748713, -32.96707628499513 ], [ -68.90196636542575, -32.967221816769538 ], [ -68.901718776016253, -32.96732168742799 ], [ -68.901446209728817, -32.967614803189086 ], [ -68.901013285418472, -32.967763681271002 ], [ -68.900661042421703, -32.967936522509525 ], [ -68.900325731054423, -32.968033873577582 ], [ -68.900143322900448, -32.968235133689795 ], [ -68.900214341947276, -32.968596908190982 ], [ -68.900305164218679, -32.968926286534632 ], [ -68.900383620899177, -32.96923770097392 ], [ -68.90060954354189, -32.969500258764562 ], [ -68.900885624208357, -32.96972321026557 ] ] ] } },
{ "type": "Feature", "properties": { "fid": 280, "NOMBRE": "Tributarios", "VALOR": 3, "CUENCA": null, "TIPO": null, "Clase": null }, "geometry": { "type": "MultiLineString", "coordinates": [ [ [ -68.905595747836898, -32.980351644153714 ], [ -68.905410405341087, -32.980392129525178 ], [ -68.905179673202824, -32.980379871915957 ], [ -68.905027187139765, -32.980366174097398 ], [ -68.904728011971926, -32.980412787777908 ], [ -68.904536253930843, -32.980436903477283 ] ] ] } },
{ "type": "Feature", "properties": { "fid": 282, "NOMBRE": "Arroyos", "VALOR": 4, "CUENCA": null, "TIPO": null, "Clase": null }, "geometry": { "type": "MultiLineString", "coordinates": [ [ [ -68.903377965772634, -32.967651891978946 ], [ -68.903067758464971, -32.967792123243548 ], [ -68.902780059391077, -32.96792929753564 ], [ -68.902596875142578, -32.96804448048416 ], [ -68.902432181420565, -32.968241410077169 ], [ -68.902334855634265, -32.968415761439232 ], [ -68.902233229239087, -32.968628501229063 ], [ -68.902184226143277, -32.968821119255338 ], [ -68.902029441380421, -32.968991753110693 ], [ -68.901873253473511, -32.969066627562562 ], [ -68.901588989238121, -32.969109054962239 ], [ -68.901297353442388, -32.969160126958315 ], [ -68.900982971827304, -32.969329124491956 ], [ -68.900894973331745, -32.969525299913563 ], [ -68.900874829894789, -32.969773750438932 ], [ -68.900941617171085, -32.970014591375545 ], [ -68.900937704639247, -32.970333085245805 ], [ -68.900865387979707, -32.970589443671734 ], [ -68.900745759661049, -32.970766828433845 ], [ -68.900587623065647, -32.971138941700865 ], [ -68.900506221944752, -32.97151062027082 ], [ -68.900601671876956, -32.97180419603572 ], [ -68.900840334281312, -32.972011608901845 ], [ -68.901166383078021, -32.972118600185048 ], [ -68.901314766591653, -32.972309476448721 ], [ -68.901225416188581, -32.972608977086352 ], [ -68.901032131165877, -32.972909667018293 ], [ -68.900663504764324, -32.973220197859 ], [ -68.900161224933939, -32.973587250808983 ], [ -68.899566698208119, -32.973966354248567 ], [ -68.898993338591453, -32.974271496294108 ], [ -68.898194771231104, -32.974656546951088 ], [ -68.897748356780355, -32.97484125083227 ], [ -68.897376998394847, -32.97492961479292 ], [ -68.896810990633611, -32.975052130592566 ], [ -68.896237902358351, -32.975363853488631 ], [ -68.895457427947505, -32.975913083088962 ], [ -68.895110076877245, -32.976149068407089 ], [ -68.894809997809347, -32.976618395099585 ], [ -68.89477772521785, -32.976926385545141 ], [ -68.894854590939374, -32.977279129337411 ], [ -68.894849742691179, -32.977556678340818 ], [ -68.894498458414503, -32.97780932957815 ], [ -68.894232783983199, -32.977987128539013 ], [ -68.89401613973169, -32.978279278024807 ], [ -68.893858108516014, -32.978770758242256 ], [ -68.89362978015366, -32.979508686270123 ], [ -68.893504544058501, -32.980046719396427 ], [ -68.893425959898423, -32.980398667803634 ], [ -68.893222215043764, -32.980783669219434 ], [ -68.892704750263121, -32.981069761377796 ], [ -68.892043394350068, -32.981152556879593 ], [ -68.891653633152117, -32.981408815806624 ], [ -68.891327370866634, -32.981884122158007 ], [ -68.890820903490976, -32.982709098585353 ] ] ] } },
{ "type": "Feature", "properties": { "fid": 283, "NOMBRE": "Tributarios", "VALOR": 3, "CUENCA": null, "TIPO": null, "Clase": null }, "geometry": { "type": "MultiLineString", "coordinates": [ [ [ -68.914398517094682, -32.907935211889672 ], [ -68.914309409448506, -32.907948099991522 ], [ -68.914155573385699, -32.908023181980042 ], [ -68.913980256772177, -32.908033660737665 ], [ -68.913736316303485, -32.90796944449756 ], [ -68.913538907357946, -32.90783970134509 ], [ -68.913340926606679, -32.907737722139416 ], [ -68.913128623201075, -32.90774135522728 ], [ -68.913011035408445, -32.90783329586052 ], [ -68.912960548600296, -32.907956858171922 ], [ -68.912935660790893, -32.908186767738847 ], [ -68.912991466693839, -32.908418738925846 ], [ -68.913049286728494, -32.9086155106897 ], [ -68.913103692868432, -32.908841940415847 ], [ -68.913083821166566, -32.908890726777692 ], [ -68.913034091102944, -32.908902154267025 ], [ -68.912969643543917, -32.908870645130541 ], [ -68.91287271475727, -32.908794332885016 ], [ -68.912702948724473, -32.908767877300143 ], [ -68.912580842772854, -32.908680785365775 ], [ -68.912546763518264, -32.908596697661693 ], [ -68.912600538563623, -32.908454277690559 ], [ -68.912607838265018, -32.908311057778953 ], [ -68.91256838297592, -32.908137549362785 ], [ -68.912476793837286, -32.907994735543376 ], [ -68.912357207564398, -32.907909681939628 ], [ -68.912177035097457, -32.90785755214754 ], [ -68.912022991177992, -32.90771250996913 ], [ -68.911938056823274, -32.907636051226248 ], [ -68.911844000496416, -32.907613015970348 ], [ -68.911768622593357, -32.907636351073606 ], [ -68.911608583126053, -32.907683332373551 ], [ -68.911469303204612, -32.907760372070307 ], [ -68.911433135166519, -32.907853463445058 ], [ -68.911488970593737, -32.907975588983255 ], [ -68.91150508552218, -32.90802060464587 ], [ -68.91146511608838, -32.908098413814955 ], [ -68.911397002867943, -32.908140542179595 ], [ -68.911283048097957, -32.908194990740299 ], [ -68.91108355496867, -32.908195248076666 ], [ -68.91093281804595, -32.908154178424169 ], [ -68.910786161845934, -32.908033602971841 ], [ -68.910703035228948, -32.907992140113265 ], [ -68.910626821366932, -32.907994516395135 ], [ -68.910557334133841, -32.908051679745313 ], [ -68.91054555645141, -32.908223043542293 ], [ -68.910540830023393, -32.908367138908531 ], [ -68.910485387457896, -32.908457158755894 ], [ -68.91030871329427, -32.9084563332339 ], [ -68.91012759255473, -32.9084994990029 ], [ -68.910014075721847, -32.908532050174898 ], [ -68.909888620971458, -32.908548299552244 ], [ -68.909805689385124, -32.908523551172536 ], [ -68.909747480568612, -32.908460104060346 ], [ -68.909638247696208, -32.908290416014019 ], [ -68.90959101251876, -32.908154364641014 ], [ -68.90957745504403, -32.908055212780575 ], [ -68.909609369705606, -32.907971618486613 ], [ -68.909678663161429, -32.907908112137875 ], [ -68.909806764891968, -32.907786006364617 ], [ -68.909822698865938, -32.907719695542482 ], [ -68.909780261555099, -32.907665648568369 ], [ -68.909717164336925, -32.907603252005032 ], [ -68.909542053199104, -32.907532939209666 ], [ -68.909297779684081, -32.907468142019098 ], [ -68.909078933352021, -32.90744012451934 ], [ -68.908854364385093, -32.907493854327711 ], [ -68.908659864134279, -32.907567703246229 ], [ -68.908439075232351, -32.90759594447924 ], [ -68.908253684919018, -32.907592648156729 ], [ -68.908032484274983, -32.907595130925522 ], [ -68.907928437372462, -32.907576304344005 ], [ -68.907898647798604, -32.907522017793596 ], [ -68.907894380148832, -32.907453245909657 ], [ -68.907929221331429, -32.907389283038277 ], [ -68.908023008633151, -32.907298187657979 ], [ -68.908202709048922, -32.907195972173469 ], [ -68.908361227485216, -32.907113593378412 ], [ -68.908420655806822, -32.907055257765059 ], [ -68.908455193144334, -32.906986649308728 ], [ -68.908421669382747, -32.906890873569459 ], [ -68.90834231744644, -32.906697293014936 ], [ -68.90829985740622, -32.90661063361803 ], [ -68.90819686895135, -32.906576942667236 ], [ -68.908056507164176, -32.906580674092908 ], [ -68.90795500518982, -32.906591459343545 ], [ -68.907888721986865, -32.906564287156506 ], [ -68.907849867945018, -32.906466791297191 ], [ -68.907794817391945, -32.906318960877755 ], [ -68.907719107281892, -32.906149318368669 ], [ -68.907635550944505, -32.906048915177905 ], [ -68.907470677885883, -32.906002676047208 ], [ -68.907375631535544, -32.905994701544351 ], [ -68.907322405996837, -32.906019287835804 ], [ -68.907314239734063, -32.906086019712795 ], [ -68.907352401585328, -32.906156014590479 ], [ -68.907436619477252, -32.906313623368156 ], [ -68.907483147487881, -32.906470982253204 ], [ -68.907435358058976, -32.906545646948999 ], [ -68.907271985017886, -32.906501466805587 ], [ -68.907080214410882, -32.906484751139516 ], [ -68.906861851160983, -32.906443043667984 ], [ -68.906696746347151, -32.906402456362066 ], [ -68.906592265137391, -32.906314371582745 ], [ -68.906587193357169, -32.906154666727865 ], [ -68.906646731308939, -32.906011412839675 ], [ -68.906671994115825, -32.905878046571679 ], [ -68.906586580996759, -32.905806318159762 ], [ -68.906428545654776, -32.905850804303995 ], [ -68.906275366162618, -32.905916948190388 ], [ -68.906113660882781, -32.905960696386472 ], [ -68.9060042653214, -32.905971106888849 ], [ -68.905949474049265, -32.905927564788605 ], [ -68.905912278031934, -32.905843609001742 ], [ -68.90588791428749, -32.905709513026416 ], [ -68.905831829378229, -32.905571881791886 ], [ -68.905753714191349, -32.905431150599021 ], [ -68.905703719494127, -32.905302530438838 ], [ -68.905620270043798, -32.905238355213598 ], [ -68.905548668884833, -32.905203349565454 ] ] ] } },
{ "type": "Feature", "properties": { "fid": 285, "NOMBRE": "Tributarios", "VALOR": 3, "CUENCA": null, "TIPO": null, "Clase": null }, "geometry": { "type": "MultiLineString", "coordinates": [ [ [ -68.904526229580711, -32.980439069321072 ], [ -68.904375341711642, -32.980433651902153 ], [ -68.904138117293243, -32.980461017918429 ], [ -68.903940836254819, -32.98045156532465 ], [ -68.903636015154078, -32.98041781678404 ], [ -68.903514713537774, -32.980543044333452 ], [ -68.903493397386242, -32.98073360325288 ], [ -68.903470929271521, -32.980885500477186 ], [ -68.90337389544716, -32.980971911149602 ], [ -68.90323555436882, -32.981007899164567 ], [ -68.90300282520127, -32.980985581412575 ], [ -68.902801394256528, -32.980888732839055 ], [ -68.902528294351143, -32.980848291636029 ], [ -68.902460896005124, -32.980764408164859 ], [ -68.902328298285752, -32.980800952388059 ], [ -68.902230694997399, -32.980995197306278 ], [ -68.902154614878498, -32.98112926666024 ], [ -68.902062101045985, -32.981152960539973 ], [ -68.901845622148031, -32.981117702539947 ], [ -68.90164964302258, -32.981148361207666 ], [ -68.901528767886845, -32.981233693302848 ], [ -68.901423758557115, -32.981296541247637 ], [ -68.901251198237304, -32.981310304836484 ], [ -68.900989850752566, -32.981220305840374 ], [ -68.900841470417433, -32.981133992665917 ], [ -68.900626935296458, -32.981082796723868 ], [ -68.900349233916884, -32.980909512658407 ], [ -68.90017497173929, -32.980770092874387 ], [ -68.900066246073607, -32.980721028660994 ], [ -68.900001533374947, -32.980767914226732 ], [ -68.89999751834165, -32.980842427754126 ], [ -68.899981552720533, -32.980957740564357 ], [ -68.89991658022862, -32.98104281897033 ], [ -68.899756455273348, -32.981051448399604 ], [ -68.899595590025243, -32.981032125754133 ], [ -68.899417516736136, -32.981147403107542 ], [ -68.899230031088038, -32.981319782899178 ], [ -68.899053073015764, -32.981452115938836 ], [ -68.898672430643742, -32.981426096866095 ], [ -68.89846162287192, -32.981305503655442 ], [ -68.898261742101425, -32.981360195421445 ], [ -68.89810148928791, -32.981408871459777 ], [ -68.89801551160707, -32.981484629485259 ], [ -68.897890389686111, -32.981641205619276 ], [ -68.897778079066143, -32.982106004569211 ], [ -68.897705405182137, -32.982181045550348 ] ] ] } },
{ "type": "Feature", "properties": { "fid": 287, "NOMBRE": "Arroyos", "VALOR": 4, "CUENCA": null, "TIPO": null, "Clase": null }, "geometry": { "type": "MultiLineString", "coordinates": [ [ [ -68.915624803092641, -32.877208309953481 ], [ -68.915504086841793, -32.877159525271125 ], [ -68.915307617691568, -32.877159528186894 ], [ -68.915159045008124, -32.8771960637443 ], [ -68.914958499506426, -32.877272254774162 ], [ -68.914774085354665, -32.87737602776577 ], [ -68.914652897647201, -32.877463911633278 ], [ -68.91456159049406, -32.877644074919438 ], [ -68.9145085887302, -32.877862207574161 ], [ -68.914422868786801, -32.878167701994151 ], [ -68.91436622563117, -32.878399355334452 ], [ -68.914288655373568, -32.878505091040836 ], [ -68.914084281841113, -32.87868682803407 ], [ -68.913855718931416, -32.87878254415471 ], [ -68.913512694171374, -32.878870882179406 ], [ -68.91309900351736, -32.878984181446242 ], [ -68.912804358121363, -32.879025621070575 ], [ -68.912459956420065, -32.879051956268512 ], [ -68.912235350762373, -32.879078131696396 ], [ -68.911900451993233, -32.879330700342422 ], [ -68.911802010465507, -32.879477146484753 ], [ -68.911757383999131, -32.879681067186148 ], [ -68.911717074379055, -32.87976414131078 ], [ -68.911569234166535, -32.879850295920832 ], [ -68.911325290363337, -32.879893027470487 ], [ -68.911055464251476, -32.879948332606233 ], [ -68.910624669596928, -32.879876912502127 ], [ -68.910339108954375, -32.879892556241849 ], [ -68.908463897528392, -32.880725502035304 ], [ -68.908140647456079, -32.880831629167538 ], [ -68.907836511737045, -32.880926143915694 ], [ -68.907536808558049, -32.881009489958259 ], [ -68.907259144506597, -32.881084958189334 ], [ -68.906871128620338, -32.881161371140095 ], [ -68.90658585930602, -32.881166142200605 ], [ -68.906266361963802, -32.881115088005267 ], [ -68.905939642084462, -32.881016124675014 ], [ -68.905684345707883, -32.880940493931242 ], [ -68.905523627964541, -32.880900582570511 ], [ -68.905376841722287, -32.880904715211543 ], [ -68.905196809705387, -32.881021435332173 ], [ -68.904920657915739, -32.881114604944401 ], [ -68.904676703836941, -32.881135374635043 ], [ -68.90433556586639, -32.881178121164666 ], [ -68.903659988137534, -32.881200672346871 ], [ -68.903013860591969, -32.881210281569558 ], [ -68.902785807999408, -32.881293663150707 ], [ -68.902683942977461, -32.881339647391989 ], [ -68.90245894890748, -32.881270116683432 ], [ -68.90231208061536, -32.881258187813621 ], [ -68.902046963083464, -32.881325818345779 ], [ -68.901715296836912, -32.881357593796501 ], [ -68.901385505696169, -32.881435399026429 ], [ -68.900911243132185, -32.881514893107735 ], [ -68.900556287428699, -32.881500397078703 ], [ -68.900213230340938, -32.8814265506551 ], [ -68.900142835712103, -32.881304273857864 ], [ -68.899916144841143, -32.881258190932613 ], [ -68.899419571709402, -32.881366352261345 ], [ -68.899109092382503, -32.88143553129489 ], [ -68.898760987191309, -32.881377433790107 ], [ -68.898365388290941, -32.881396233443454 ], [ -68.898151125313319, -32.881512265919831 ], [ -68.897905383689434, -32.881702336287603 ], [ -68.897493172918317, -32.88182205782249 ], [ -68.897072287490758, -32.881865206507754 ], [ -68.896548505633788, -32.881797477583007 ], [ -68.896214813338929, -32.881579720560097 ], [ -68.895882779710419, -32.8813989843907 ], [ -68.895463626353688, -32.88104421109302 ], [ -68.895146951958068, -32.880867996603513 ], [ -68.89474830801835, -32.880717253794437 ], [ -68.894460192668944, -32.880685923451736 ], [ -68.894181402353269, -32.880712451294585 ], [ -68.89389661640439, -32.88077038979629 ], [ -68.893604748694329, -32.880962536818359 ], [ -68.893289529576165, -32.881079256183163 ], [ -68.893074591918463, -32.881223362522491 ], [ -68.892857860115527, -32.88140904344241 ], [ -68.892604550582291, -32.881486288439852 ], [ -68.892334109248836, -32.881369991672898 ], [ -68.892194045228209, -32.881302084187027 ], [ -68.891920154528776, -32.881320679199703 ], [ -68.891488558139045, -32.881372159908942 ], [ -68.891190757320075, -32.881336755988201 ], [ -68.891040963964073, -32.880987210531728 ], [ -68.890739066078709, -32.880928926526018 ], [ -68.890195111124456, -32.88084739003704 ], [ -68.889722586720126, -32.880682044660027 ], [ -68.889112906127394, -32.88056208331902 ], [ -68.888648335942293, -32.880393965247386 ], [ -68.888185370412998, -32.880182045577158 ], [ -68.88772411139955, -32.879841581951688 ], [ -68.887388830523662, -32.879510623633422 ], [ -68.886995332185478, -32.879197309308324 ], [ -68.886621417438406, -32.879014541234405 ], [ -68.886239084552315, -32.878787581610766 ] ] ] } },
{ "type": "Feature", "properties": { "fid": 292, "NOMBRE": "Tributarios", "VALOR": 3, "CUENCA": null, "TIPO": null, "Clase": null }, "geometry": { "type": "MultiLineString", "coordinates": [ [ [ -68.897566308327356, -32.982179970406193 ], [ -68.897456943857634, -32.9821086547147 ], [ -68.897333983703376, -32.98204870366979 ], [ -68.89717307043604, -32.982113701972821 ], [ -68.897024620834245, -32.982138925972578 ], [ -68.896918388856704, -32.982237252379264 ], [ -68.896794065928134, -32.982391649820691 ], [ -68.896566597627711, -32.982468384568321 ], [ -68.896212130857037, -32.98260392638295 ], [ -68.89602652081291, -32.982626167855301 ], [ -68.895793774784181, -32.982721052770422 ], [ -68.895540959145379, -32.982727244001588 ], [ -68.895385253295771, -32.982630221103534 ], [ -68.89519836143711, -32.982470481030866 ], [ -68.894863466611909, -32.982402776897921 ], [ -68.89462023374935, -32.982395922346335 ], [ -68.894357782635481, -32.982332015850162 ], [ -68.893992523122819, -32.982275106022641 ], [ -68.893779342137563, -32.982296374386429 ], [ -68.893501339340531, -32.98222040482429 ], [ -68.89316753618688, -32.982191601341107 ], [ -68.892915772302899, -32.982137568839008 ], [ -68.892716840197465, -32.98197747823211 ], [ -68.892491347040306, -32.981855615914313 ], [ -68.892330749522557, -32.981824141275403 ], [ -68.892105146617382, -32.981851797169654 ], [ -68.89193955744814, -32.982066551753 ], [ -68.891741548336725, -32.982393125616646 ], [ -68.891660769912107, -32.982529437534652 ], [ -68.891160537989748, -32.982561946527852 ], [ -68.890824745809994, -32.982703276588765 ] ] ] } },
{ "type": "Feature", "properties": { "fid": 295, "NOMBRE": "Tributarios", "VALOR": 3, "CUENCA": null, "TIPO": null, "Clase": null }, "geometry": { "type": "MultiLineString", "coordinates": [ [ [ -68.906697943937715, -32.911711231025897 ], [ -68.906447208074795, -32.911544383091275 ], [ -68.906220556047458, -32.911335915049428 ], [ -68.90603661875879, -32.911035982656664 ], [ -68.905851750936819, -32.910827456274021 ], [ -68.90566784637322, -32.910627640506789 ], [ -68.905450658045623, -32.91044927748964 ], [ -68.905207026321776, -32.910356228492191 ], [ -68.904929834320598, -32.910354304281789 ], [ -68.904499207805358, -32.910260166906909 ], [ -68.903965046643094, -32.910049177001525 ], [ -68.903606894044117, -32.909882213355097 ], [ -68.903481218448221, -32.909633579394345 ], [ -68.903307399831817, -32.90935090604647 ], [ -68.903144898097523, -32.909209875947695 ] ] ] } },
{ "type": "Feature", "properties": { "fid": 299, "NOMBRE": "Tributarios", "VALOR": 3, "CUENCA": null, "TIPO": null, "Clase": null }, "geometry": { "type": "MultiLineString", "coordinates": [ [ [ -68.905552250153448, -32.905202015618379 ], [ -68.905433162392072, -32.905180750117196 ], [ -68.905397819427662, -32.905238188781972 ], [ -68.905403620492265, -32.905296332227699 ], [ -68.905340985545337, -32.905369053204709 ], [ -68.905269196851677, -32.905332517194047 ], [ -68.905249871287154, -32.90524262683482 ], [ -68.905130979067039, -32.905198656466325 ], [ -68.904966055489879, -32.905184912445478 ], [ -68.904816353180991, -32.905099919946558 ], [ -68.90475009484021, -32.904997223910051 ], [ -68.904700712106674, -32.904941955615442 ], [ -68.904472878466677, -32.904947361513926 ], [ -68.90423207600405, -32.904952247050538 ], [ -68.904008624366284, -32.904933871052997 ], [ -68.903839525454728, -32.904927547058016 ], [ -68.903769190810692, -32.904951810615252 ], [ -68.903795909645311, -32.905044025045612 ], [ -68.903868284347467, -32.905143037326575 ], [ -68.903877070748464, -32.905238769630913 ], [ -68.90382219543821, -32.90529141129133 ], [ -68.903661923432978, -32.905284534883144 ], [ -68.903499594391462, -32.905284359557768 ], [ -68.90337911417231, -32.905280611270157 ], [ -68.903288523849284, -32.905374271114312 ], [ -68.903176531823419, -32.905361006725009 ], [ -68.903143565704866, -32.905236069701928 ], [ -68.903183485652946, -32.905112869576577 ], [ -68.90321937129778, -32.904992612481685 ], [ -68.903193724467172, -32.904862859676541 ], [ -68.903125391440753, -32.904777002650036 ], [ -68.902891290803566, -32.904659190073275 ], [ -68.902603098552078, -32.904598525363355 ], [ -68.902304083994494, -32.904492060172828 ], [ -68.901956354618818, -32.904474636218126 ], [ -68.901654439597678, -32.904504781802189 ], [ -68.901404215883801, -32.904546725793544 ], [ -68.901150184514663, -32.904555306757352 ], [ -68.900892657321478, -32.904396496816368 ], [ -68.900642701365641, -32.904297862297646 ], [ -68.900274422395341, -32.904195877743184 ], [ -68.899910036169842, -32.904149185748601 ], [ -68.899508945879518, -32.904141732443733 ], [ -68.899154553513142, -32.904091972885766 ], [ -68.898987150162569, -32.904059689947957 ], [ -68.898822743046182, -32.903996627127825 ], [ -68.898703548860155, -32.903895277255806 ], [ -68.898628407209586, -32.903764187479247 ], [ -68.898563139425832, -32.90360283897239 ], [ -68.898515143014393, -32.903494801531338 ], [ -68.898374923288458, -32.903433468862112 ], [ -68.898215558504859, -32.90334579548496 ], [ -68.898149223321653, -32.903266378298675 ], [ -68.898115808405549, -32.903112552890825 ], [ -68.898087482312704, -32.902921682537546 ], [ -68.898075141361772, -32.902763337367652 ], [ -68.898051627181005, -32.90264086071128 ], [ -68.8979842107926, -32.902525370497671 ], [ -68.897894818831972, -32.902382710135846 ], [ -68.897747731722077, -32.902207073284842 ], [ -68.897595456273265, -32.902095517721065 ] ] ] } },
{ "type": "Feature", "properties": { "fid": 302, "NOMBRE": "Arroyos", "VALOR": 4, "CUENCA": null, "TIPO": null, "Clase": null }, "geometry": { "type": "MultiLineString", "coordinates": [ [ [ -68.906913247574934, -32.900859392941534 ], [ -68.906581948506243, -32.900602461467329 ], [ -68.906242085660111, -32.900441920581393 ], [ -68.905751433189181, -32.90033009437569 ], [ -68.905101782099123, -32.900318532442206 ], [ -68.904496768851274, -32.900319756694408 ], [ -68.904018656511539, -32.900427097196619 ], [ -68.903920085353406, -32.90054466629902 ], [ -68.903633966513752, -32.900544297031594 ], [ -68.90346237145701, -32.900668777765482 ], [ -68.903411688927406, -32.90080089824216 ], [ -68.903110619983096, -32.900796195720446 ], [ -68.902966313159638, -32.900815706883343 ], [ -68.902777735845831, -32.900954589936177 ], [ -68.902521503425362, -32.901147768066437 ], [ -68.90223144212726, -32.901327675874832 ], [ -68.902016989483414, -32.901471493232457 ], [ -68.901891079265127, -32.90167275393793 ], [ -68.901754864660134, -32.901785569134795 ], [ -68.901490275599897, -32.901746482926136 ], [ -68.901276689894473, -32.901727885106538 ], [ -68.901086222253241, -32.901808919738322 ], [ -68.90083999030432, -32.901863299911788 ], [ -68.900570029356189, -32.901892566878495 ], [ -68.900277065499651, -32.901904988854817 ], [ -68.899980092614015, -32.901895235658834 ], [ -68.899770504441477, -32.901992628064939 ], [ -68.899619442476123, -32.90218248698968 ], [ -68.899552092505388, -32.90232953961354 ], [ -68.899401601514469, -32.902409952078351 ], [ -68.899162635772925, -32.902496483242828 ], [ -68.898904037966759, -32.902568002818242 ], [ -68.898717395489797, -32.902534792776613 ], [ -68.898542522351249, -32.902401630656108 ], [ -68.898247120601923, -32.902234248149533 ], [ -68.897953325766863, -32.90215657026183 ], [ -68.897611450732441, -32.902102297473249 ], [ -68.89729304011675, -32.902004369111886 ], [ -68.897114384677749, -32.901907699122333 ], [ -68.896574277755676, -32.9013994359115 ], [ -68.896201619028048, -32.901175356723904 ], [ -68.895672620299081, -32.901029708896004 ] ] ] } },
{ "type": "Feature", "properties": { "fid": 303, "NOMBRE": "Arroyos", "VALOR": 4, "CUENCA": null, "TIPO": null, "Clase": null }, "geometry": { "type": "MultiLineString", "coordinates": [ [ [ -68.900685151755468, -32.907133180499351 ], [ -68.900639942419076, -32.906816451732297 ], [ -68.900587084251626, -32.906646545737239 ], [ -68.900461426198902, -32.906475478128684 ], [ -68.900195340913285, -32.90637630167771 ], [ -68.899977625131697, -32.906372870468736 ], [ -68.899652796585883, -32.90637982483355 ], [ -68.899317361294834, -32.906390939141531 ], [ -68.898952440049527, -32.90630658713772 ], [ -68.898708525708258, -32.906202256190447 ], [ -68.898492456713328, -32.905959058943552 ], [ -68.898355946190875, -32.905412523620548 ], [ -68.898324018482256, -32.905062639685426 ], [ -68.898218547779749, -32.9048449897724 ], [ -68.897983898700247, -32.904557983933231 ], [ -68.897669201512286, -32.904314738261213 ], [ -68.897425140296463, -32.904152164845684 ], [ -68.897197218237665, -32.903987072378058 ], [ -68.896790115733793, -32.903755016118993 ], [ -68.896497200044749, -32.90357248315329 ], [ -68.896331505871942, -32.903402931611609 ], [ -68.896345435001436, -32.903191674982224 ], [ -68.896426624788731, -32.903052723393273 ], [ -68.896666556679719, -32.902921053117147 ], [ -68.896938934005505, -32.902860113222417 ], [ -68.897173511472545, -32.902721566502848 ], [ -68.897289286651869, -32.902407886493791 ], [ -68.897164370816483, -32.902138915710218 ], [ -68.897122820530811, -32.901903920485559 ] ] ] } },
{ "type": "Feature", "properties": { "fid": 304, "NOMBRE": "Tributarios", "VALOR": 3, "CUENCA": null, "TIPO": null, "Clase": null }, "geometry": { "type": "MultiLineString", "coordinates": [ [ [ -68.909177766141767, -32.820781476547708 ], [ -68.909017758657555, -32.820768321440049 ], [ -68.908875615185579, -32.820784230646055 ], [ -68.908726543041141, -32.820799850577956 ], [ -68.908611993658099, -32.820839302097703 ], [ -68.90854311154952, -32.820915772144282 ], [ -68.908484221629365, -32.820986526437068 ], [ -68.908340579409682, -32.821013817561365 ], [ -68.908184018874579, -32.821023904701711 ], [ -68.908017502860844, -32.820982331962355 ], [ -68.907852520846674, -32.820833410378867 ], [ -68.907677810341681, -32.820698961755781 ], [ -68.907511544825184, -32.820603576961553 ], [ -68.907348014454854, -32.820547111948599 ], [ -68.907153453765261, -32.820601391003493 ], [ -68.906968151538294, -32.820681139880627 ], [ -68.906720744123504, -32.820718717546654 ], [ -68.906466297758143, -32.820760984959485 ], [ -68.906164949783019, -32.820807983586882 ], [ -68.905912183527917, -32.820784688800188 ], [ -68.905626888709705, -32.820731939715841 ], [ -68.905358612144425, -32.820655644654074 ], [ -68.905150685514485, -32.820606996558936 ], [ -68.904896866745872, -32.820532827559752 ], [ -68.904656268421533, -32.820423953367296 ], [ -68.90446009762158, -32.820346449760486 ], [ -68.904354800276892, -32.820322343261282 ], [ -68.90420592027013, -32.820321534349013 ], [ -68.904040252764503, -32.820345071438773 ], [ -68.903937352489478, -32.820385688672694 ], [ -68.903837481922494, -32.820466689660527 ], [ -68.903748809588905, -32.820553311083231 ], [ -68.903329830474391, -32.820693123581748 ], [ -68.90267401565994, -32.820881795572568 ], [ -68.902264423940579, -32.821051926443822 ], [ -68.902108344501059, -32.821121157368225 ], [ -68.901959512802236, -32.821170409010705 ], [ -68.901849217411737, -32.821185902995083 ], [ -68.901760419097698, -32.821151604016194 ], [ -68.901687084780221, -32.821067153158651 ], [ -68.901566437593218, -32.820960127629164 ], [ -68.901414886506231, -32.820856527683915 ], [ -68.901222372318017, -32.820792323834873 ], [ -68.900978820669394, -32.820735957930793 ], [ -68.900751480060393, -32.820750068378004 ] ] ] } },
{ "type": "Feature", "properties": { "fid": 306, "NOMBRE": "Arroyos", "VALOR": 4, "CUENCA": null, "TIPO": null, "Clase": null }, "geometry": { "type": "MultiLineString", "coordinates": [ [ [ -68.897397497799574, -32.877385800119583 ], [ -68.897042041556219, -32.87761706124585 ], [ -68.896758821223841, -32.877762844804785 ], [ -68.896430269617881, -32.877895790605002 ], [ -68.896133894724201, -32.877879307462756 ], [ -68.89582741356115, -32.877725740743315 ], [ -68.895417863266772, -32.877683141763484 ], [ -68.895081577108058, -32.877731518624557 ], [ -68.89471501988362, -32.877664227263018 ], [ -68.894389798106957, -32.877751113661567 ], [ -68.894017279314113, -32.877941393894041 ], [ -68.893718044245603, -32.878062107317625 ], [ -68.893448455762851, -32.878108768358224 ], [ -68.892827236507031, -32.878029342319394 ], [ -68.892368800668564, -32.877965707382131 ], [ -68.891844487138826, -32.877951407819019 ] ] ] } },
{ "type": "Feature", "properties": { "fid": 310, "NOMBRE": "Tributarios", "VALOR": 3, "CUENCA": null, "TIPO": null, "Clase": null }, "geometry": { "type": "MultiLineString", "coordinates": [ [ [ -68.873222927102361, -32.72498618883278 ], [ -68.87304937370844, -32.724876862476847 ], [ -68.872770343684451, -32.724764987349914 ], [ -68.872575900752182, -32.72464993852455 ], [ -68.872438179531684, -32.724513449056076 ], [ -68.872212546618869, -32.724359055191343 ], [ -68.87187307424179, -32.724300129602462 ], [ -68.871640671546515, -32.72423165763449 ], [ -68.871401205889256, -32.724063487988481 ], [ -68.871185964794364, -32.723928756594411 ], [ -68.87096842661785, -32.723792547676545 ], [ -68.870913245986898, -32.723643464475757 ], [ -68.870746883706076, -32.723469764390963 ], [ -68.870516484954962, -32.723213471383048 ], [ -68.870341452741556, -32.723032316166538 ], [ -68.870153274474262, -32.722840654069593 ], [ -68.869947009311844, -32.722654767808166 ], [ -68.869753514561822, -32.722528078364384 ] ] ] } },
{ "type": "Feature", "properties": { "fid": 315, "NOMBRE": "Arroyos", "VALOR": 4, "CUENCA": null, "TIPO": null, "Clase": null }, "geometry": { "type": "MultiLineString", "coordinates": [ [ [ -68.891852563414091, -32.877952080002046 ], [ -68.891535807757478, -32.877974683777317 ], [ -68.891093332240786, -32.87803186490158 ], [ -68.890662654176751, -32.878121100136717 ], [ -68.890322240662712, -32.878153149695748 ], [ -68.889936072597976, -32.878138464211503 ], [ -68.889476280141338, -32.878110387096385 ], [ -68.888952331810117, -32.877895565705572 ], [ -68.888593256567631, -32.877811287519428 ], [ -68.888352071917041, -32.877967725117422 ], [ -68.888251383362004, -32.878237160787627 ], [ -68.888161696074036, -32.878384447383077 ], [ -68.888061970471696, -32.878470632249041 ], [ -68.887711857111796, -32.878542633092053 ], [ -68.887204663780466, -32.878613817053342 ], [ -68.886895813641189, -32.878668411689596 ], [ -68.886590711354486, -32.878720528797743 ], [ -68.886332775552631, -32.878765342084812 ], [ -68.886233380039016, -32.878787585821144 ], [ -68.883025955644783, -32.87693609627059 ], [ -68.882520481666532, -32.876756519131995 ], [ -68.882062721395343, -32.876628756342939 ] ] ] } },
{ "type": "Feature", "properties": { "fid": 317, "NOMBRE": "Tributarios", "VALOR": 3, "CUENCA": null, "TIPO": null, "Clase": null }, "geometry": { "type": "MultiLineString", "coordinates": [ [ [ -68.900745403752182, -32.82074977483019 ], [ -68.900534765014385, -32.820796186417375 ], [ -68.900267595319548, -32.820773025411967 ], [ -68.899976195435258, -32.820743715014736 ], [ -68.899661484264712, -32.820775681701932 ], [ -68.899457251881771, -32.82079220543303 ], [ -68.899248071271188, -32.820782497473957 ], [ -68.899056113255213, -32.820695705440635 ], [ -68.898778409592978, -32.820593997304542 ], [ -68.898398183385737, -32.820552272341772 ], [ -68.898005169257118, -32.820483084506563 ], [ -68.897742774789123, -32.820398185677995 ], [ -68.897496162555726, -32.820345255096235 ], [ -68.897281116749255, -32.820314706592796 ], [ -68.896998505052665, -32.820333646090567 ], [ -68.896675373171078, -32.820360607821605 ], [ -68.896454013555257, -32.820391827871198 ], [ -68.89629516735134, -32.820350404079925 ], [ -68.896173121808033, -32.820272130707977 ], [ -68.896033269571348, -32.820196193416621 ], [ -68.895827363235981, -32.82017000127238 ], [ -68.895602959568706, -32.820148902583732 ], [ -68.895369225990748, -32.820196520847738 ], [ -68.895086989904968, -32.820178025626994 ], [ -68.894721120636177, -32.820070046806357 ], [ -68.894458163236379, -32.819918163464095 ], [ -68.894112974016494, -32.819826186300574 ], [ -68.893627897575939, -32.819737687746127 ], [ -68.893087577947057, -32.819667697832415 ], [ -68.892665484612607, -32.819608673347432 ], [ -68.892351305954861, -32.81964744474552 ] ] ] } },
{ "type": "Feature", "properties": { "fid": 318, "NOMBRE": "Tributarios", "VALOR": 3, "CUENCA": null, "TIPO": null, "Clase": null }, "geometry": { "type": "MultiLineString", "coordinates": [ [ [ -68.869750781659747, -32.722525957192772 ], [ -68.86952212419294, -32.722434456367367 ], [ -68.86930615764507, -32.72240422221838 ], [ -68.8689791733687, -32.722304081537516 ], [ -68.868673200977042, -32.722182990400725 ], [ -68.86844231017875, -32.722082599272063 ], [ -68.868251602214357, -32.722024757540872 ], [ -68.868013358046369, -32.72194533862961 ], [ -68.867786972137068, -32.721898646684267 ], [ -68.867601660536039, -32.721907708453799 ], [ -68.867390230783542, -32.721971649419665 ], [ -68.86719400693363, -32.722031960195821 ], [ -68.866975364635124, -32.722066058663295 ], [ -68.86675277189741, -32.722025525697845 ], [ -68.866563477464382, -32.721932648851443 ], [ -68.866353507056473, -32.721880952334196 ], [ -68.866158984386203, -32.721852362934222 ], [ -68.8659152678281, -32.72176637892106 ], [ -68.86568302962317, -32.721693250898369 ], [ -68.86540033567951, -32.721624675044119 ], [ -68.865034146769659, -32.721554996966795 ], [ -68.864791459898299, -32.721439550075942 ], [ -68.864528160685524, -32.72127431334016 ], [ -68.864196769115495, -32.7209832398066 ], [ -68.863759024213394, -32.720643760484386 ], [ -68.863455615226044, -32.72045142972965 ], [ -68.863086593639949, -32.72031152517642 ], [ -68.862806177616193, -32.720213568388708 ], [ -68.862336780769922, -32.72007753795863 ], [ -68.861903956322507, -32.72008036510752 ], [ -68.861504191777712, -32.720090471315828 ], [ -68.861102528638796, -32.720122698724118 ], [ -68.860531968100787, -32.720157225488684 ], [ -68.860037802890119, -32.720263551590151 ] ] ] } },
{ "type": "Feature", "properties": { "fid": 320, "NOMBRE": "Tributarios", "VALOR": 3, "CUENCA": null, "TIPO": null, "Clase": null }, "geometry": { "type": "MultiLineString", "coordinates": [ [ [ -68.892359008059515, -32.819647826145776 ], [ -68.892067872655545, -32.819671579023812 ], [ -68.891833649508598, -32.819610898701811 ], [ -68.891641572980106, -32.819584979977108 ], [ -68.891390119612993, -32.819567019502166 ], [ -68.891122684569169, -32.819581137459821 ], [ -68.890830018394567, -32.819665426755982 ], [ -68.890634322971664, -32.819661327844564 ], [ -68.890322710717768, -32.81961856428719 ], [ -68.889959598146405, -32.819628352790431 ], [ -68.889588460711266, -32.819637856005848 ], [ -68.889345429242411, -32.819612408637731 ], [ -68.88907862945922, -32.819478713121939 ], [ -68.88889883344828, -32.819315249095034 ], [ -68.888565088554628, -32.819166397249077 ], [ -68.888103698645637, -32.818952783803987 ], [ -68.88777403684773, -32.818580514994288 ], [ -68.887603675855274, -32.818477281901856 ], [ -68.88732434542834, -32.818492230822663 ], [ -68.886994348123167, -32.818448313468103 ], [ -68.886646461078911, -32.818364037211992 ], [ -68.886362526825621, -32.818310921722627 ], [ -68.886104897427344, -32.818259092812646 ], [ -68.885948573782471, -32.818285541124816 ], [ -68.885854705550173, -32.818377215785141 ], [ -68.885722120843255, -32.818444506680059 ], [ -68.885257080308449, -32.81833767338653 ], [ -68.885085836964691, -32.818267118532638 ], [ -68.884852252195202, -32.818307203563343 ], [ -68.884592698655851, -32.818327906707303 ], [ -68.884243543199261, -32.818410443249782 ], [ -68.883896925065528, -32.818599554530309 ], [ -68.883630621154509, -32.818670344868451 ], [ -68.882837607665934, -32.818797530085355 ], [ -68.882115041267411, -32.819039794113365 ], [ -68.881653235494113, -32.819043989897182 ] ] ] } },
{ "type": "Feature", "properties": { "fid": 322, "NOMBRE": "Arroyos", "VALOR": 4, "CUENCA": null, "TIPO": null, "Clase": null }, "geometry": { "type": "MultiLineString", "coordinates": [ [ [ -68.887514531439123, -32.670936420667438 ], [ -68.887219674600161, -32.671261850011632 ], [ -68.886628616216854, -32.6712474989816 ], [ -68.886203237829534, -32.671092931122196 ], [ -68.88574020986016, -32.671046830515706 ], [ -68.885332224895677, -32.670891782215939 ], [ -68.884457760961098, -32.670813623260848 ], [ -68.884031345201734, -32.670846967113015 ], [ -68.883743666680985, -32.6709216503302 ], [ -68.883266399337458, -32.670946878583315 ], [ -68.882946855180762, -32.670731314527863 ], [ -68.882676738102191, -32.670390628942684 ], [ -68.882385987443328, -32.67019068626648 ], [ -68.881898658263069, -32.670060693092324 ], [ -68.881510845856766, -32.670119243712961 ], [ -68.881300733489383, -32.670278022414927 ], [ -68.881021664531147, -32.67035338150982 ], [ -68.880562083384234, -32.670245383365518 ], [ -68.880159919236348, -32.670354797302998 ], [ -68.879363477067102, -32.670062180979585 ], [ -68.878798156670541, -32.6698371020248 ], [ -68.878107143770151, -32.669569301662222 ], [ -68.877602345495461, -32.669527366359489 ], [ -68.877207643318812, -32.669629291678255 ], [ -68.876673976085442, -32.66968045329439 ], [ -68.876138247920053, -32.669579542058962 ], [ -68.875753790290702, -32.669562870945846 ], [ -68.875336391026792, -32.669673818425551 ], [ -68.875071480753448, -32.669742189118885 ], [ -68.874756713417938, -32.669631915381359 ], [ -68.874549933272903, -32.669660289286348 ], [ -68.874266324337114, -32.669753611827176 ], [ -68.874012626853585, -32.669864174260255 ], [ -68.873758873401243, -32.670085746184853 ], [ -68.87334185392254, -32.670179684070902 ], [ -68.872903156334274, -32.670102975946868 ], [ -68.872607222216089, -32.669949056494019 ], [ -68.872197120305827, -32.669897578519311 ], [ -68.871725007019563, -32.669905971724056 ], [ -68.871465497708925, -32.66999976732798 ], [ -68.871280945108879, -32.670073085231266 ], [ -68.871046620922527, -32.670142081448198 ], [ -68.870824208144469, -32.670086116646239 ], [ -68.870718962563885, -32.670086707469046 ], [ -68.870520860454903, -32.670165323023873 ], [ -68.870272290814114, -32.670166861507944 ], [ -68.870029246098014, -32.670220512259746 ], [ -68.869885662680673, -32.670132722298845 ], [ -68.869542861176228, -32.6701076568161 ], [ -68.86856698283394, -32.669923343271428 ], [ -68.868278726380879, -32.669793044656821 ] ] ] } },
{ "type": "Feature", "properties": { "fid": 324, "NOMBRE": "Tributarios", "VALOR": 3, "CUENCA": null, "TIPO": null, "Clase": null }, "geometry": { "type": "MultiLineString", "coordinates": [ [ [ -68.890133166690518, -32.843895880764556 ], [ -68.890088099608178, -32.843824327786535 ], [ -68.890051481305903, -32.843716871149525 ], [ -68.890003585197022, -32.843580503209914 ], [ -68.889977195608822, -32.843421575390401 ], [ -68.889953928660177, -32.843279285283835 ], [ -68.889785356252034, -32.843154527876145 ], [ -68.889608937511255, -32.843044901824378 ], [ -68.889506460671072, -32.842928982841855 ], [ -68.889466962562352, -32.84284504897434 ], [ -68.889383387197768, -32.8427258266385 ], [ -68.889281172216073, -32.842649882202188 ], [ -68.889130738828158, -32.842619018313421 ], [ -68.889017845509244, -32.842635482010536 ], [ -68.888889137963815, -32.842700156698179 ], [ -68.888813541599049, -32.842723395507363 ], [ -68.888714365980164, -32.842695645278788 ], [ -68.888687942106984, -32.842575328466872 ], [ -68.888641828967877, -32.842461593196539 ], [ -68.888581061477254, -32.842350992228127 ], [ -68.888480759884501, -32.842282215011807 ], [ -68.888317112621834, -32.842208519567244 ], [ -68.888117020498882, -32.842152423503599 ], [ -68.887965413593619, -32.842136644965429 ], [ -68.887804313849443, -32.842148736240176 ], [ -68.887685013648095, -32.842149524795964 ], [ -68.887592376608481, -32.842140102142572 ] ] ] } },
{ "type": "Feature", "properties": { "fid": 327, "NOMBRE": "Tributarios", "VALOR": 3, "CUENCA": null, "TIPO": null, "Clase": null }, "geometry": { "type": "MultiLineString", "coordinates": [ [ [ -68.887592376608481, -32.842140102142572 ], [ -68.887390470598802, -32.842084197494962 ], [ -68.887257729789681, -32.842049793729579 ], [ -68.887182781421288, -32.842052412987449 ], [ -68.887071348095134, -32.84209323931416 ], [ -68.886960490620226, -32.842123287466762 ], [ -68.886803686584386, -32.842163491402943 ], [ -68.886652816555397, -32.842187546911852 ], [ -68.886562297999802, -32.842188911406247 ], [ -68.886477084930902, -32.842166240740532 ], [ -68.88642313584964, -32.842116006496816 ], [ -68.886402297583061, -32.842054537410164 ], [ -68.886433742483163, -32.841985867716595 ], [ -68.886468201858548, -32.841881490537524 ], [ -68.886402857763059, -32.841766512003765 ], [ -68.886276753713844, -32.841564992642084 ], [ -68.886232963381815, -32.841471350773347 ], [ -68.886259421520109, -32.84140367274464 ], [ -68.88629095020741, -32.841326861775762 ], [ -68.886282960783547, -32.841241777025765 ], [ -68.886214130055521, -32.841204182599313 ], [ -68.886072765458053, -32.841201216086979 ], [ -68.885817368504206, -32.8412062226015 ], [ -68.885632541123528, -32.841196543126493 ], [ -68.885522959672329, -32.841172041330445 ], [ -68.885364263944155, -32.841180495514166 ], [ -68.885183483436933, -32.841232400162944 ], [ -68.884964635759218, -32.84123659186389 ], [ -68.884803164568567, -32.841273998676044 ], [ -68.884639248190069, -32.841340704799194 ], [ -68.884507529904823, -32.84146134077568 ], [ -68.884413150837929, -32.841630261737812 ], [ -68.88423225238806, -32.841773149414614 ], [ -68.88403331572971, -32.841889611790045 ], [ -68.883882009113336, -32.841921457607242 ], [ -68.883727685676192, -32.841911329137631 ], [ -68.88356174375717, -32.84196092358615 ], [ -68.883331861663791, -32.842015151971275 ] ] ] } },
{ "type": "Feature", "properties": { "fid": 330, "NOMBRE": "Tributarios", "VALOR": 3, "CUENCA": null, "TIPO": null, "Clase": null }, "geometry": { "type": "MultiLineString", "coordinates": [ [ [ -68.858282438122785, -32.713794461476482 ], [ -68.858130922692382, -32.713736270977584 ], [ -68.857887626302713, -32.713612019203232 ], [ -68.857667463217723, -32.713561062814257 ], [ -68.857531451628461, -32.713427412920751 ], [ -68.857296695835132, -32.713393314733835 ], [ -68.85680890414632, -32.713414328734984 ], [ -68.856456620066098, -32.713350575761304 ], [ -68.856179735093988, -32.713313078795487 ], [ -68.855857498674865, -32.713380946438463 ], [ -68.85562360592138, -32.713434678891034 ], [ -68.855410871659302, -32.713348612596199 ], [ -68.85521821341014, -32.713238404807605 ], [ -68.855057324760878, -32.713225845046658 ], [ -68.854961982851734, -32.713281067417888 ], [ -68.854853340461204, -32.713354204675731 ], [ -68.854593203788141, -32.713490404146668 ], [ -68.85430304907419, -32.713598726017601 ], [ -68.854261663639036, -32.713728433834468 ], [ -68.854112180182739, -32.713820909423831 ], [ -68.853651440573259, -32.714029733930282 ], [ -68.85327651871691, -32.714166217015332 ], [ -68.852900338114495, -32.714186163859928 ], [ -68.852323664152593, -32.714234960318613 ], [ -68.85198832875237, -32.71440982105819 ], [ -68.851680866076123, -32.714566545422201 ], [ -68.850932520447785, -32.714664272344976 ], [ -68.85030065310508, -32.714765783188568 ], [ -68.849962650962723, -32.714801640170556 ], [ -68.849665734424548, -32.714867958383202 ], [ -68.849294952866899, -32.714987579946147 ], [ -68.848910897118273, -32.714993353885838 ], [ -68.848387646546598, -32.714965200341922 ], [ -68.847956309543903, -32.714831587469199 ], [ -68.847383478374951, -32.714849311560393 ], [ -68.846799065239082, -32.715034889224341 ], [ -68.846623738917771, -32.715098591556377 ], [ -68.846415531346551, -32.715312022633157 ], [ -68.8461196495943, -32.715399604001604 ], [ -68.84591353781002, -32.71544551171398 ], [ -68.845566044190747, -32.71545067126128 ], [ -68.845192962198567, -32.715599322161857 ], [ -68.844859071857101, -32.715786286350834 ], [ -68.844378440202476, -32.715901853471763 ], [ -68.844106119210608, -32.715977468432079 ], [ -68.844045925892232, -32.716045190262172 ], [ -68.84388100849003, -32.716064496346839 ], [ -68.843751370249237, -32.715990670244558 ], [ -68.84345556215078, -32.715936415560208 ], [ -68.843206124003856, -32.715905803162364 ], [ -68.842954904923374, -32.715972127758739 ], [ -68.842893456351362, -32.716018444585416 ], [ -68.842865183764943, -32.716094545289927 ], [ -68.842683863761465, -32.716189372156876 ], [ -68.842433543106225, -32.716212386037427 ], [ -68.842262936367803, -32.716241290913601 ], [ -68.842083858230183, -32.716212639682155 ], [ -68.841897457139012, -32.71624849038372 ], [ -68.841707551964305, -32.716294970619728 ], [ -68.841446504574634, -32.716298623525823 ], [ -68.841302773104275, -32.716307577187258 ], [ -68.84109064432154, -32.716446853537747 ], [ -68.840860532056283, -32.716552751013388 ], [ -68.840685702557366, -32.716589763858082 ], [ -68.84052463296814, -32.716559731465935 ], [ -68.840329989312508, -32.716440084648028 ], [ -68.840254367255923, -32.716427595677224 ], [ -68.840122784342796, -32.716557637329146 ], [ -68.8399409216983, -32.716656108002567 ], [ -68.839881746606324, -32.716721046924242 ], [ -68.839716321840854, -32.716704191529985 ], [ -68.839370790855313, -32.716640726216717 ], [ -68.839231864093549, -32.716622706798667 ] ] ] } },
{ "type": "Feature", "properties": { "fid": 332, "NOMBRE": "Tributarios", "VALOR": 3, "CUENCA": null, "TIPO": null, "Clase": null }, "geometry": { "type": "MultiLineString", "coordinates": [ [ [ -68.88110718526751, -32.818939713676357 ], [ -68.880468135434498, -32.818463493151071 ], [ -68.880156277045373, -32.8182352825525 ], [ -68.879754259804216, -32.818100523833159 ], [ -68.879438038134637, -32.818004420427734 ], [ -68.879200613348075, -32.817865921132444 ], [ -68.878812055941353, -32.817795465789949 ], [ -68.878592030669282, -32.817767506067241 ], [ -68.878382810506778, -32.817576419322371 ], [ -68.878195208062081, -32.81746780648669 ], [ -68.878025411224897, -32.817400883791073 ], [ -68.877859008616412, -32.8173868039882 ], [ -68.877625426028516, -32.817439693138077 ], [ -68.877296380415444, -32.817446917148544 ], [ -68.876967303344273, -32.817424905704954 ], [ -68.87666376160513, -32.817433506667712 ], [ -68.87632072136833, -32.817371055989533 ], [ -68.875914841105583, -32.817358247215026 ], [ -68.875476592741904, -32.817390464634606 ], [ -68.87505278934043, -32.817342131193975 ], [ -68.874674436137525, -32.817167530943337 ], [ -68.874297958529837, -32.817030298621354 ], [ -68.87394649371673, -32.816870182210991 ], [ -68.873741670656614, -32.816811033285973 ], [ -68.873398684507947, -32.816785686026627 ], [ -68.873086729263818, -32.816902154319003 ], [ -68.872891313726385, -32.81696574561397 ], [ -68.872773181161634, -32.816937599891801 ], [ -68.872473844551166, -32.816850643173915 ], [ -68.871998324926039, -32.816768394721741 ], [ -68.871461272468778, -32.816815694374625 ], [ -68.870909556172279, -32.816844877605064 ], [ -68.870242616650799, -32.816758659430683 ], [ -68.869955618371037, -32.816532159556402 ], [ -68.869665006427553, -32.81642058420416 ], [ -68.869318589097972, -32.816301254783745 ], [ -68.868932013301034, -32.816253970315628 ], [ -68.868567325375935, -32.816338294314313 ], [ -68.86811246615548, -32.816325080432733 ], [ -68.867907326661779, -32.816202478993979 ] ] ] } },
{ "type": "Feature", "properties": { "fid": 336, "NOMBRE": "Arroyos", "VALOR": 4, "CUENCA": null, "TIPO": null, "Clase": null }, "geometry": { "type": "MultiLineString", "coordinates": [ [ [ -68.939042419971528, -32.94372421117432 ], [ -68.938196993763356, -32.943636679854862 ], [ -68.93696230656721, -32.943533265178203 ], [ -68.935860443927638, -32.943503758361835 ], [ -68.93453639440726, -32.943839990556711 ], [ -68.933714410545264, -32.944023031489898 ], [ -68.933105529014398, -32.944028403348845 ], [ -68.932757976313169, -32.943795493789182 ], [ -68.931924821968977, -32.943478290436012 ], [ -68.931015190537266, -32.943471336330667 ], [ -68.929972000890189, -32.943410247660807 ], [ -68.92857697232634, -32.943406696800089 ], [ -68.927772798452423, -32.943568345253887 ], [ -68.927119331133611, -32.943866818028354 ], [ -68.926383515498244, -32.944036746918542 ], [ -68.925912722456374, -32.944029427331465 ], [ -68.925261643173755, -32.943933591182237 ], [ -68.924951766025714, -32.943574918329368 ], [ -68.924513722660706, -32.943121350993046 ], [ -68.92403845444889, -32.942897181068943 ], [ -68.922942377903979, -32.942801828067843 ], [ -68.92187976064406, -32.942973200025996 ], [ -68.920753443184594, -32.943137103294347 ], [ -68.919813598205764, -32.943330294154549 ] ] ] } },
{ "type": "Feature", "properties": { "fid": 337, "NOMBRE": "Arroyos", "VALOR": 4, "CUENCA": null, "TIPO": null, "Clase": null }, "geometry": { "type": "MultiLineString", "coordinates": [ [ [ -69.000066960119383, -32.951221455866829 ], [ -68.999968043914947, -32.951244117248471 ], [ -68.999497252623712, -32.951260356144765 ], [ -68.998981750914311, -32.951324180859999 ], [ -68.998383435503996, -32.951267167869986 ], [ -68.997984475595175, -32.951189284700163 ], [ -68.99755727052991, -32.951313521274677 ], [ -68.997233040165924, -32.951418939586127 ], [ -68.997098098824793, -32.951541533790426 ] ] ] } },
{ "type": "Feature", "properties": { "fid": 338, "NOMBRE": "Tributarios", "VALOR": 3, "CUENCA": null, "TIPO": null, "Clase": null }, "geometry": { "type": "MultiLineString", "coordinates": [ [ [ -68.929280109039766, -32.924545456040441 ], [ -68.929040023545326, -32.924429163612004 ], [ -68.928718486226288, -32.924357630660118 ], [ -68.928366291106258, -32.92427453854917 ], [ -68.928034016738962, -32.924263033272226 ], [ -68.92786578099124, -32.92434444095381 ], [ -68.927582962575855, -32.924276219002728 ], [ -68.927146602933973, -32.924168080624661 ], [ -68.926841268320302, -32.924088648486084 ], [ -68.926368140263705, -32.923896970446989 ], [ -68.925999426463434, -32.923784607587379 ], [ -68.92558730707826, -32.923766078077939 ], [ -68.925257125900359, -32.923656582042518 ], [ -68.924873417658091, -32.923523896418843 ], [ -68.924529980719512, -32.923538421850083 ], [ -68.924188200714212, -32.923642626251876 ], [ -68.923970945908849, -32.923596456025784 ], [ -68.923660811488034, -32.923433719804564 ], [ -68.923351293498726, -32.923242891689839 ], [ -68.922951508741917, -32.923162216750683 ], [ -68.922592589545431, -32.923184657581309 ], [ -68.921979391127891, -32.923129147979921 ], [ -68.921747272142653, -32.923153581918513 ], [ -68.921413504202974, -32.923314691822839 ], [ -68.921192447279225, -32.923404192416932 ], [ -68.9210328406472, -32.923298979205697 ], [ -68.9207029154108, -32.923069063120465 ], [ -68.920470187458022, -32.92301163286043 ], [ -68.920280932892439, -32.923131721819757 ], [ -68.920215035760847, -32.923317578420239 ], [ -68.920115400114852, -32.923427317306469 ], [ -68.919905712067518, -32.923354218658901 ], [ -68.919667060772042, -32.923159970267406 ], [ -68.919413682086343, -32.923092166895394 ], [ -68.919085476634592, -32.922970917482395 ], [ -68.918778311234831, -32.922943060693974 ], [ -68.918401972312552, -32.923029000105799 ], [ -68.917991387720022, -32.923066165559533 ], [ -68.917662667722965, -32.922860859867676 ], [ -68.917448021064843, -32.922598630264964 ], [ -68.917250614915972, -32.922384829108431 ], [ -68.917092974672698, -32.922398646079152 ], [ -68.917005381743337, -32.922670611272039 ], [ -68.916882925562618, -32.92287410038022 ], [ -68.916722909973814, -32.922803821500047 ], [ -68.916508782334802, -32.922719395239099 ], [ -68.916320448130406, -32.922777230960456 ], [ -68.916064075950075, -32.922782372124182 ], [ -68.915854889582093, -32.922670210306286 ], [ -68.915631700466108, -32.922575229422023 ], [ -68.915464515943668, -32.922569601067018 ], [ -68.91521408873146, -32.922603469979684 ], [ -68.914998391691014, -32.922527817780917 ], [ -68.914854082287093, -32.922411271748913 ], [ -68.914630228511911, -32.922296715158048 ], [ -68.914412399082678, -32.922220106272718 ], [ -68.914092557271942, -32.921966899482683 ], [ -68.913863450251142, -32.921762286268766 ], [ -68.913723032657543, -32.92163866245771 ], [ -68.913494232227308, -32.921591023341342 ], [ -68.913252716712449, -32.921457838707191 ], [ -68.913119956361356, -32.921249050906319 ], [ -68.91290985824908, -32.921117385964031 ], [ -68.912571187270245, -32.921115916664426 ], [ -68.912413756705419, -32.920997751461947 ], [ -68.912288185792988, -32.920796481207319 ], [ -68.912139478567255, -32.920592201753578 ], [ -68.912005493462516, -32.920570861736564 ], [ -68.911831130632805, -32.920613062032309 ], [ -68.911786363041813, -32.920494142791071 ], [ -68.911773761073576, -32.920397131224533 ], [ -68.911727125188506, -32.920296862787133 ], [ -68.91151177874238, -32.92017542589597 ], [ -68.911294772176618, -32.920110365610739 ], [ -68.911249301339296, -32.919928270555367 ], [ -68.911196874777417, -32.919801366162446 ], [ -68.911035348682617, -32.919730808188973 ], [ -68.910798458450003, -32.919719693528137 ], [ -68.910662171562763, -32.919518274973868 ], [ -68.91055582772843, -32.919346980212822 ], [ -68.910482521686347, -32.91918753628967 ], [ -68.910316169912434, -32.919134309153911 ], [ -68.910157899267134, -32.919235643806502 ], [ -68.909847045847073, -32.91916059589115 ], [ -68.909528331729533, -32.919046439743788 ], [ -68.909425454592267, -32.918912479986972 ], [ -68.909600773745581, -32.918767977640826 ], [ -68.909706450331583, -32.91855869311501 ], [ -68.909627270264465, -32.918266716697836 ], [ -68.90946150634349, -32.91791599259777 ], [ -68.909313637688243, -32.917484332346298 ], [ -68.909111511252917, -32.917090287782017 ], [ -68.909024465868669, -32.916843215962139 ], [ -68.909057493979091, -32.916497558647443 ], [ -68.90909198499115, -32.916138979464691 ], [ -68.909130964873199, -32.915897213786664 ], [ -68.909157849045727, -32.915629126191888 ], [ -68.909029705838051, -32.915420570433888 ], [ -68.908955464770884, -32.915308345065078 ], [ -68.908931022648346, -32.915103611665558 ], [ -68.908894058386025, -32.914873955920335 ], [ -68.908886314098368, -32.914754271330928 ], [ -68.908905288100044, -32.914626765541044 ], [ -68.908884299085287, -32.914454891315458 ], [ -68.908820934643387, -32.914270415174109 ], [ -68.90886879151347, -32.914015573943317 ], [ -68.908857533879612, -32.913641858245974 ], [ -68.908880109455566, -32.913342796100594 ], [ -68.908882180245172, -32.91305390433071 ], [ -68.908821181488776, -32.912801330087795 ], [ -68.908671318683332, -32.912585918187183 ], [ -68.908484431335395, -32.912388609082143 ], [ -68.908362721762813, -32.912223083290797 ], [ -68.908220511092566, -32.912131964943732 ], [ -68.908146391160741, -32.912107297953156 ], [ -68.908026318832512, -32.912170093887056 ], [ -68.907941435413576, -32.912149261513576 ], [ -68.907842490444125, -32.912017773565886 ], [ -68.907712215953921, -32.911868998518855 ], [ -68.907515953959702, -32.9118124138095 ], [ -68.907185833781938, -32.911838483629509 ], [ -68.90690659828357, -32.911852568937931 ], [ -68.906701900850635, -32.911712729838598 ] ] ] } },
{ "type": "Feature", "properties": { "fid": 357, "NOMBRE": "Tributarios", "VALOR": 3, "CUENCA": null, "TIPO": null, "Clase": null }, "geometry": { "type": "MultiLineString", "coordinates": [ [ [ -68.922368789695639, -32.967434771214819 ], [ -68.922056109389004, -32.967378757023745 ], [ -68.921813308333284, -32.967319411296756 ], [ -68.92166759282793, -32.967182697016156 ], [ -68.921447169629445, -32.966989839442881 ], [ -68.921125089238444, -32.966915946823732 ], [ -68.920749683250307, -32.966964350403359 ], [ -68.920371272804431, -32.967131145482959 ], [ -68.920015071917447, -32.967266375461577 ], [ -68.919641345735727, -32.967366844941644 ], [ -68.919377790209424, -32.967373662088235 ], [ -68.919024886405339, -32.96726389334048 ], [ -68.918708006426698, -32.967283922842164 ], [ -68.918319620683974, -32.967486238757836 ], [ -68.91812230655178, -32.967634594007215 ], [ -68.917872114558506, -32.967717027142641 ], [ -68.917517448701858, -32.967629964620826 ], [ -68.91724936405835, -32.967481457151898 ], [ -68.916808484314231, -32.967429925109606 ], [ -68.916426961332093, -32.967382994165234 ], [ -68.916081755398764, -32.967467031601281 ], [ -68.915837524405646, -32.967653999151118 ], [ -68.915812217584374, -32.967797679261309 ], [ -68.915864439942453, -32.967981629998881 ], [ -68.915769188857425, -32.968111645912849 ], [ -68.915558423192763, -32.968172855747248 ], [ -68.915230415315918, -32.968173599296939 ], [ -68.91493448520319, -32.968056627031714 ], [ -68.91458204833414, -32.968150227507053 ], [ -68.914278391507921, -32.968032531967104 ], [ -68.913867797703986, -32.967949682818116 ], [ -68.913581555589147, -32.967937015039297 ], [ -68.913414769289915, -32.967959179919241 ], [ -68.913311291057198, -32.968063636363524 ], [ -68.913258018411895, -32.968180356033649 ], [ -68.913137310749491, -32.968352491402527 ], [ -68.912865110288138, -32.968496338805622 ], [ -68.912566158366459, -32.968500160726641 ], [ -68.912304156378596, -32.968541318717527 ], [ -68.912227645419946, -32.968777793459338 ], [ -68.912115177747893, -32.969158938509253 ], [ -68.911957797689425, -32.969476475383146 ], [ -68.911695600315952, -32.969605572569172 ], [ -68.911208340563604, -32.969602817426527 ], [ -68.910680108869357, -32.969615816285533 ], [ -68.910251881821765, -32.969749481360765 ], [ -68.909999761670448, -32.969974851378581 ], [ -68.909875539966436, -32.970070195059328 ] ] ] } },
{ "type": "Feature", "properties": { "fid": 367, "NOMBRE": "Tributarios", "VALOR": 3, "CUENCA": null, "TIPO": null, "Clase": null }, "geometry": { "type": "MultiLineString", "coordinates": [ [ [ -69.000066960119383, -32.988622682756933 ], [ -68.999949119003603, -32.988721194171035 ], [ -68.999933260470371, -32.988791067870316 ], [ -68.999939405527755, -32.9888859265766 ], [ -68.999917798542612, -32.988947063453416 ], [ -68.999815965421845, -32.988956077244573 ], [ -68.999724940204203, -32.98897753893538 ], [ -68.999615764052606, -32.989043121553323 ], [ -68.999566182157622, -32.989162497336295 ], [ -68.999544533741954, -32.989320208770067 ], [ -68.999532090817738, -32.989548320628472 ], [ -68.999512602765662, -32.989659229756903 ], [ -68.999474625506423, -32.98972296914495 ], [ -68.999411166611239, -32.989708763381138 ], [ -68.999315872461779, -32.989687430746763 ], [ -68.999190779109455, -32.989698583360386 ], [ -68.999116291439407, -32.989777865269289 ], [ -68.99904391523684, -32.989901704239578 ], [ -68.999006942671159, -32.989996990147411 ], [ -68.998903019899416, -32.990034207823093 ], [ -68.998788526177222, -32.989983265109124 ], [ -68.998680054419538, -32.989949671660945 ], [ -68.998558278352633, -32.98997479762015 ], [ -68.998529821529601, -32.990048031625406 ], [ -68.998494325936733, -32.990120120670703 ], [ -68.998437728003466, -32.990145249108721 ], [ -68.998315445110933, -32.990138153733007 ], [ -68.998254405139164, -32.990181390890697 ], [ -68.998209008995374, -32.990308731074435 ], [ -68.998108719670185, -32.990412482967052 ], [ -68.998001165566109, -32.990490030640359 ], [ -68.997811816927296, -32.990459898057978 ], [ -68.997723613021037, -32.990514157993182 ], [ -68.997605744744561, -32.990624603518569 ], [ -68.997487960839095, -32.990723531368445 ], [ -68.997395910832878, -32.990886424141578 ], [ -68.997340698441533, -32.99095275642393 ], [ -68.997236619644099, -32.990926375769533 ], [ -68.997116204657047, -32.990900786333007 ], [ -68.997031803879523, -32.990950608957498 ], [ -68.996893941356817, -32.990989661654304 ], [ -68.996728461511694, -32.99093894126014 ], [ -68.99662381941063, -32.991003767210742 ], [ -68.996581599972828, -32.991120899616355 ], [ -68.996431860860909, -32.991180046889625 ], [ -68.996200127518222, -32.991267364007001 ], [ -68.995993882554345, -32.991319814265921 ], [ -68.995839342062695, -32.991430355090216 ], [ -68.995698732434008, -32.991668042391218 ], [ -68.995433387478272, -32.991870012002018 ], [ -68.995361097726033, -32.991967910009265 ], [ -68.995388124835927, -32.992051469501916 ], [ -68.995419138935517, -32.992106573306891 ], [ -68.995384243296058, -32.992179450655712 ], [ -68.995276911084375, -32.992242806929703 ], [ -68.995152274040251, -32.992367653539752 ], [ -68.995053355327116, -32.992468327393063 ], [ -68.995015771692152, -32.992656848718831 ], [ -68.994976910330394, -32.992835162573463 ], [ -68.994913831121536, -32.992901340653766 ], [ -68.994889344700454, -32.993044805860343 ], [ -68.994888255152929, -32.993202748340828 ], [ -68.994964489130481, -32.993419722563011 ], [ -68.994897829248131, -32.993525383223449 ], [ -68.99476937048837, -32.993557264569411 ], [ -68.994703893441155, -32.993692526101462 ], [ -68.994664472008509, -32.993792539450183 ], [ -68.994589428337449, -32.993965672258909 ], [ -68.99458238337057, -32.994130810862394 ], [ -68.994454353584146, -32.994195844135028 ], [ -68.994244943341201, -32.994353175382166 ], [ -68.994007646962729, -32.994568388678758 ], [ -68.993847223078745, -32.994859707411656 ], [ -68.993745390852055, -32.995086613040975 ], [ -68.99373195803858, -32.995245871953095 ], [ -68.993511468119451, -32.995474094296483 ], [ -68.993391576013636, -32.995636919439676 ], [ -68.993376335180145, -32.995781941544614 ], [ -68.993405734813933, -32.995985239295607 ], [ -68.993409039436415, -32.996145573701469 ], [ -68.993361289003303, -32.996243694332385 ], [ -68.993217405586009, -32.996327039792952 ], [ -68.993006200139149, -32.996388969776966 ], [ -68.992830761379267, -32.996464389166427 ], [ -68.992777032664293, -32.996522870055706 ], [ -68.992734527404224, -32.996611159891359 ], [ -68.992634581744397, -32.996641999348796 ], [ -68.992566356424419, -32.996706713632193 ], [ -68.992559927053719, -32.99680376670289 ], [ -68.992546898928978, -32.996891214592139 ], [ -68.992464843965664, -32.996931704224728 ], [ -68.992294862991272, -32.996915909618075 ], [ -68.992192133579735, -32.996916466011371 ], [ -68.99202068001189, -32.996992264801875 ], [ -68.991823828711205, -32.997035432787037 ], [ -68.991728633211977, -32.997065721294859 ], [ -68.991687074765892, -32.997185205242829 ], [ -68.991717907509269, -32.997296066290929 ], [ -68.991690175422335, -32.997446173911051 ], [ -68.991580353686743, -32.997555310987451 ], [ -68.991451428251708, -32.997660791460987 ], [ -68.9913662999259, -32.997675950584636 ], [ -68.991258623711076, -32.997733968521416 ], [ -68.991241567504716, -32.997880758736088 ], [ -68.991147248052982, -32.997969855566055 ], [ -68.991002660294299, -32.997964594768355 ], [ -68.990871133208998, -32.998023887914883 ], [ -68.990797952423591, -32.998137649766761 ], [ -68.990690866437248, -32.998206534410627 ], [ -68.990455292409337, -32.998308350649268 ], [ -68.990195969100796, -32.998337953335891 ], [ -68.990040955641433, -32.998351484927724 ], [ -68.989919976163847, -32.998426696591913 ], [ -68.989917216556435, -32.998495720234374 ], [ -68.98994673241576, -32.998584334613795 ], [ -68.989881257263264, -32.998631252231689 ], [ -68.98974342769084, -32.998622594052243 ], [ -68.989644845272309, -32.998649020123715 ], [ -68.989624935527175, -32.998740327257167 ], [ -68.989619423494204, -32.99886274162327 ], [ -68.989557006445068, -32.998977564795879 ], [ -68.989434121572387, -32.999032275944955 ], [ -68.989291145128945, -32.99907211171265 ], [ -68.989180144443822, -32.99912062788971 ], [ -68.989159631372587, -32.999207156890378 ], [ -68.989219370665523, -32.99925741056245 ], [ -68.989202570963542, -32.99934063624746 ], [ -68.989138174411679, -32.999423799122631 ], [ -68.988967703240789, -32.999533692615763 ], [ -68.988774351516398, -32.999586074672898 ], [ -68.988656973221865, -32.99964577775161 ], [ -68.98864357898178, -32.999742755965258 ], [ -68.988651426865303, -32.999876216778141 ], [ -68.988579407732445, -32.999949473797685 ], [ -68.988448850798704, -33.000004360507582 ], [ -68.98832154638184, -33.000022632372406 ], [ -68.988283485250804, -33.000054891382696 ] ] ] } },
{ "type": "Feature", "properties": { "fid": 387, "NOMBRE": "Tributarios", "VALOR": 3, "CUENCA": null, "TIPO": null, "Clase": null }, "geometry": { "type": "MultiLineString", "coordinates": [ [ [ -68.977424734551121, -32.946009058924155 ], [ -68.977308048892439, -32.945928194016119 ], [ -68.97708006167133, -32.945885443206137 ], [ -68.9768363188943, -32.94584918840097 ], [ -68.976632560350268, -32.945813683006094 ], [ -68.976528250267918, -32.945824940615772 ], [ -68.976454290955019, -32.945940901572222 ], [ -68.976426148032544, -32.946086931405162 ], [ -68.976295577403846, -32.94613835731559 ], [ -68.976113781263649, -32.946035636617339 ], [ -68.975857142591366, -32.945991772107156 ], [ -68.975439024632863, -32.945992089470806 ], [ -68.97488252186038, -32.946037436574194 ], [ -68.974439781579278, -32.946065324480124 ], [ -68.97429248328325, -32.946171280088599 ], [ -68.974129335765127, -32.946236605967265 ], [ -68.974006037666996, -32.946302554072446 ], [ -68.973899209682003, -32.94636203987487 ], [ -68.973575962231209, -32.946337554360866 ], [ -68.973277185488115, -32.946272740871322 ], [ -68.973061541145071, -32.946120788072015 ], [ -68.972892136217624, -32.946050564946376 ], [ -68.972495088151476, -32.946058829898021 ], [ -68.972320235943371, -32.946090434378618 ], [ -68.972216041608377, -32.946034708365545 ], [ -68.972070784686665, -32.946019289624864 ], [ -68.971924488005996, -32.946058122190273 ], [ -68.971873190821086, -32.946152347196211 ], [ -68.97181297831952, -32.946267221237193 ], [ -68.971629379749345, -32.946374329683351 ], [ -68.971480514224993, -32.94641366974507 ], [ -68.971252685541614, -32.946410580095794 ], [ -68.971018884238816, -32.946359424140567 ], [ -68.970697598910689, -32.946348450896231 ], [ -68.970493766881447, -32.946339043708093 ], [ -68.970290873569098, -32.946288405989918 ], [ -68.969887920191482, -32.946290262794776 ], [ -68.96946156998149, -32.946340476515878 ] ] ] } },
{ "type": "Feature", "properties": { "fid": 392, "NOMBRE": "Arroyos", "VALOR": 4, "CUENCA": null, "TIPO": null, "Clase": null }, "geometry": { "type": "MultiLineString", "coordinates": [ [ [ -68.914015703675148, -32.915753646700473 ], [ -68.914240976410895, -32.915721822386601 ], [ -68.914466527067759, -32.915710837093492 ], [ -68.9146969964184, -32.915663818377013 ], [ -68.914827061251742, -32.915642374426156 ], [ -68.914994181595972, -32.915668135530709 ], [ -68.915177889875551, -32.91560217794585 ], [ -68.915446638421457, -32.915517656245541 ], [ -68.915683286281663, -32.915430181673791 ], [ -68.915791429380988, -32.91538081479078 ], [ -68.915908044684912, -32.915347403367761 ], [ -68.916023303333006, -32.915333701681277 ], [ -68.916128085766175, -32.915350866174059 ], [ -68.916233786429544, -32.915294625069471 ], [ -68.916289656407699, -32.915222335954581 ], [ -68.916411489561327, -32.915144183720642 ], [ -68.916519821481018, -32.915048365645802 ], [ -68.91674643852447, -32.9149873135473 ], [ -68.916920372461021, -32.914934303638773 ], [ -68.917069651171772, -32.914904615569526 ], [ -68.917217289305199, -32.914921044277548 ], [ -68.917426921413707, -32.914961107919858 ], [ -68.917618316886092, -32.914978076583097 ], [ -68.917724868200679, -32.914986637744782 ], [ -68.917808812767603, -32.914960764268493 ], [ -68.917972960151999, -32.914920919420005 ], [ -68.918156807432041, -32.9148628910159 ], [ -68.918277546442766, -32.914815601519209 ], [ -68.918388012934713, -32.914832001476029 ], [ -68.91864001938275, -32.914865233631083 ], [ -68.918777336932408, -32.914889660732378 ], [ -68.918923769561417, -32.914933086799515 ], [ -68.91901281119155, -32.914983397139196 ], [ -68.919133110372613, -32.915007758916417 ], [ -68.919263507828816, -32.914998206840153 ], [ -68.919441483086331, -32.914987754439352 ], [ -68.919565176101756, -32.914973085303906 ], [ -68.919587637468553, -32.914935749963128 ], [ -68.919601374367957, -32.914891039240139 ], [ -68.919567291971191, -32.914823854001177 ], [ -68.91950339139224, -32.914708376936041 ], [ -68.919431047476522, -32.9145857474495 ], [ -68.91940287606279, -32.914453193130313 ], [ -68.919392233627065, -32.91432456782627 ], [ -68.919381212541268, -32.914218029492076 ], [ -68.919435283617617, -32.914122725929964 ], [ -68.91953175314579, -32.914080064674692 ], [ -68.919654403013851, -32.914026823433268 ], [ -68.919750597226582, -32.91401009142939 ], [ -68.919921383512872, -32.913994586872079 ], [ -68.920038988203416, -32.913940982049816 ], [ -68.920211348304008, -32.913786819171413 ], [ -68.920364075947035, -32.913689492252068 ], [ -68.920468684619024, -32.913591878021172 ], [ -68.920568234339441, -32.91351651701946 ], [ -68.920667375991059, -32.913463356723504 ], [ -68.920668420749593, -32.913369385249936 ], [ -68.920703280591908, -32.913304932693876 ], [ -68.920818901574123, -32.913252467324057 ], [ -68.920929545840053, -32.913261094069625 ], [ -68.920938513434606, -32.91321096914367 ], [ -68.920930841705498, -32.913124891799889 ], [ -68.920915254909787, -32.912981789534619 ], [ -68.921020085944349, -32.912877290359475 ], [ -68.921179646112563, -32.912747076131666 ], [ -68.921315906739778, -32.912709495379943 ], [ -68.9214337026294, -32.912753753733611 ], [ -68.921546552378203, -32.912844342703821 ], [ -68.921578552171127, -32.912991515329324 ], [ -68.921611401056666, -32.913074406090125 ], [ -68.921665843524352, -32.913121618045082 ], [ -68.921779408426318, -32.91317292265105 ], [ -68.92192284068318, -32.913170496714493 ], [ -68.922082948801133, -32.913132349870828 ], [ -68.92262653222248, -32.912964832076668 ], [ -68.922957718276024, -32.912882262932378 ], [ -68.923227119068599, -32.912765146867073 ], [ -68.923382931841886, -32.912693494141742 ], [ -68.923506791642396, -32.912705624344838 ], [ -68.923684445659148, -32.912648994576308 ], [ -68.923928697061584, -32.912510358439029 ], [ -68.924149122706638, -32.912265335515379 ], [ -68.924300246018191, -32.912076421407669 ], [ -68.924531660532097, -32.911807259538747 ], [ -68.924713619250426, -32.911632139610902 ], [ -68.925016691594664, -32.91137624270484 ], [ -68.92523490423585, -32.911279137712683 ], [ -68.925487339482103, -32.911142113025079 ], [ -68.92577841061167, -32.911053446390518 ], [ -68.926098142474714, -32.911029116259357 ], [ -68.926331962061184, -32.911019530892467 ], [ -68.926505173193789, -32.911021870795174 ], [ -68.926694418986159, -32.911141222011643 ], [ -68.927084666713569, -32.911381552299353 ], [ -68.927259224307221, -32.911501950608773 ], [ -68.92748115132828, -32.911606508724695 ], [ -68.927669011334842, -32.911641337526298 ], [ -68.927844209534669, -32.911700349639318 ], [ -68.928016329881061, -32.911842183103346 ], [ -68.928171457768372, -32.91195509645469 ], [ -68.928405413755158, -32.912103740875665 ], [ -68.928509119686652, -32.912165251548984 ], [ -68.92850691559299, -32.91226899558729 ], [ -68.92859216839183, -32.912333153350168 ], [ -68.92876402437021, -32.912351396182771 ], [ -68.928998967325271, -32.912342052974608 ], [ -68.929139504462412, -32.912347583829941 ], [ -68.929317887827125, -32.912310680462063 ], [ -68.929444406324748, -32.912154031990163 ], [ -68.929488971698319, -32.912073348984812 ], [ -68.929592149263925, -32.912061902691619 ], [ -68.929725274894366, -32.912134382602353 ], [ -68.929896180572371, -32.912227597298148 ], [ -68.930017800176614, -32.912290503379282 ], [ -68.930156827277131, -32.912332507056178 ], [ -68.930236682920253, -32.912347559427026 ], [ -68.930285787912752, -32.912324038034001 ], [ -68.930333295104063, -32.912188193492817 ], [ -68.93037319585919, -32.912085012697602 ], [ -68.930405538941599, -32.91201438411175 ], [ -68.930467619502124, -32.912005926409314 ], [ -68.930521922783839, -32.912038634604905 ], [ -68.93065167614445, -32.912118609256304 ], [ -68.930747552604572, -32.912198094320345 ], [ -68.930809127489141, -32.912242136778481 ], [ -68.930868207688079, -32.912227621811518 ], [ -68.930950233940763, -32.912135418629916 ], [ -68.931004533367897, -32.912039846988073 ], [ -68.931050332620302, -32.91187112178379 ], [ -68.931081202506491, -32.911748626209302 ], [ -68.931155912944092, -32.911628802657184 ], [ -68.931304134382088, -32.911571478962792 ], [ -68.931685771311805, -32.911431288814832 ], [ -68.93186579477026, -32.911323971604091 ], [ -68.932029857848747, -32.911247523891809 ], [ -68.932189722674735, -32.91117891245635 ], [ -68.932300756721702, -32.911124587753314 ], [ -68.932448299318963, -32.911084225310105 ], [ -68.932598486496175, -32.911041218701392 ], [ -68.932714234504488, -32.910963227936364 ], [ -68.932820960711339, -32.91092650463461 ], [ -68.932950347417517, -32.910887251735538 ], [ -68.93303256982955, -32.910813154606195 ], [ -68.933131570203201, -32.910705131924452 ], [ -68.933279609707228, -32.910559471017081 ], [ -68.933387278804148, -32.910500721320631 ], [ -68.93355187287365, -32.9104356603154 ], [ -68.933735293737413, -32.910339506275015 ], [ -68.933871842081388, -32.91021300122253 ], [ -68.933968625983454, -32.910114046267623 ], [ -68.934069659130344, -32.910043285380276 ], [ -68.934192115883235, -32.910021815898666 ], [ -68.93432443146267, -32.910035993058464 ], [ -68.934617021311922, -32.910151142812644 ], [ -68.934900522883595, -32.910265909593143 ], [ -68.935427433824771, -32.910487847911902 ], [ -68.935613613155581, -32.910549820046825 ], [ -68.935760218252184, -32.910592916978139 ], [ -68.93594020503842, -32.910619825918737 ], [ -68.936130892157067, -32.910651704340779 ], [ -68.93650185494171, -32.910716091757173 ], [ -68.936744542907746, -32.910743444143648 ], [ -68.937054309006172, -32.910780021397947 ], [ -68.937147635262036, -32.910844452747753 ], [ -68.937242886682597, -32.910942849540525 ], [ -68.937365561665501, -32.911153699821966 ], [ -68.937478637578295, -32.911275167935749 ], [ -68.937585220773926, -32.911408874205392 ], [ -68.9376845906298, -32.911477919796788 ], [ -68.937969060714934, -32.91163964480775 ], [ -68.938056615036032, -32.911709470383904 ], [ -68.938114658699902, -32.911785166802872 ], [ -68.938195728147306, -32.911856027225618 ], [ -68.93837961430124, -32.911937743515502 ], [ -68.938481700579587, -32.911989412754473 ], [ -68.938577563355508, -32.912046633294715 ], [ -68.938700878675405, -32.91207968129892 ], [ -68.938811485654256, -32.912081070595008 ], [ -68.939254391453602, -32.912096959183529 ], [ -68.939509899671918, -32.912110508027666 ], [ -68.939656415563292, -32.912134433614185 ], [ -68.939899489048784, -32.912167132362541 ], [ -68.940059025431367, -32.912176911937301 ], [ -68.940151071502811, -32.91215954442616 ], [ -68.940205312527695, -32.912104763807129 ], [ -68.940252884367894, -32.912030058893748 ], [ -68.940310155356187, -32.911961691946722 ], [ -68.940494404806515, -32.911909953852081 ], [ -68.940675283134908, -32.91187401405589 ], [ -68.940900341215254, -32.911808771441223 ], [ -68.941470708997244, -32.911644828703608 ], [ -68.941881068632554, -32.911558810134387 ], [ -68.942388209068, -32.911409209079515 ], [ -68.942517960935291, -32.911317910677056 ], [ -68.942628125825124, -32.911227528826863 ], [ -68.942842357210139, -32.911192069725736 ], [ -68.943011217702519, -32.911174427120166 ], [ -68.943129142415415, -32.911181213267326 ], [ -68.943351377066648, -32.911237302288782 ], [ -68.943475681972302, -32.911294431462061 ], [ -68.943600222918974, -32.911301325105278 ], [ -68.943686484307463, -32.911302820218118 ], [ -68.943951432114588, -32.911311845428386 ], [ -68.94415203527349, -32.911341277507439 ], [ -68.944232966748771, -32.911355957505855 ], [ -68.944400807669425, -32.911327903595364 ], [ -68.944502835358932, -32.911275155985223 ], [ -68.944654482120228, -32.911155145635298 ], [ -68.944717491851137, -32.911097094690966 ], [ -68.944840208395917, -32.911093960380278 ], [ -68.9449782498384, -32.911061775879681 ], [ -68.94505497307901, -32.911022649970036 ], [ -68.945112726234143, -32.910952991666953 ], [ -68.945204006431652, -32.91089941611596 ], [ -68.945302809197699, -32.910705483091554 ], [ -68.945422607601685, -32.910588802624666 ], [ -68.945573819731138, -32.91052151593081 ], [ -68.945734087497698, -32.910463740940017 ], [ -68.945858395443906, -32.910447081572393 ], [ -68.945992941123876, -32.910483563726885 ], [ -68.946191067395176, -32.910560086707058 ], [ -68.946312179734036, -32.910612973351327 ], [ -68.946395971969622, -32.910624103459305 ], [ -68.946530722441011, -32.910596922288633 ], [ -68.946658341960514, -32.910496734488909 ], [ -68.946763391897917, -32.910426790405126 ], [ -68.946811969813126, -32.91033923608466 ], [ -68.946895658558972, -32.910293875050407 ], [ -68.947097398027736, -32.910242666340267 ], [ -68.947255460457612, -32.910148968247789 ], [ -68.947343528012183, -32.910049714280063 ], [ -68.947409519436704, -32.909969024201338 ], [ -68.947497729917615, -32.90984332423573 ], [ -68.947645465336066, -32.909750562449403 ], [ -68.947801195201393, -32.909625893568816 ], [ -68.94798253609288, -32.909577544964897 ], [ -68.94815135963934, -32.909556174848156 ], [ -68.94831246648944, -32.909517648509848 ], [ -68.948467876146353, -32.90941901010234 ], [ -68.948620167426114, -32.909427235069913 ], [ -68.948753983488714, -32.909467897514567 ], [ -68.948890476359267, -32.909499205194848 ], [ -68.949036493283813, -32.909488870409305 ], [ -68.94913476930941, -32.909435291882247 ], [ -68.949243066012613, -32.909280946572714 ], [ -68.949354212201285, -32.909157050796978 ], [ -68.949458382279914, -32.909024955410395 ], [ -68.949530532619406, -32.908959036435007 ], [ -68.94969547516223, -32.908924571734687 ], [ -68.949806253937638, -32.908884615222995 ], [ -68.949919197952298, -32.908810019743086 ], [ -68.950011430032319, -32.908703146561137 ], [ -68.950059516043297, -32.908623200549329 ], [ -68.950137509582262, -32.908546554320118 ], [ -68.950337446654899, -32.908481590797592 ], [ -68.950792484808133, -32.908458652890893 ], [ -68.950989486856272, -32.908469653692869 ], [ -68.951157621827136, -32.9084359749627 ], [ -68.95132844632343, -32.908385851176384 ], [ -68.95149192926192, -32.90833323209818 ], [ -68.95168478768106, -32.90831569971607 ], [ -68.951887604476838, -32.908344084353686 ], [ -68.952023026221852, -32.908337382690199 ], [ -68.952228884981437, -32.908254172786968 ], [ -68.952337708878545, -32.908216038926476 ], [ -68.952413466730491, -32.908240395213539 ], [ -68.952571046176942, -32.908357754596146 ], [ -68.952661658532463, -32.908462650741832 ], [ -68.952874155773173, -32.908487228790932 ], [ -68.953088854117624, -32.908463258349627 ], [ -68.95325607196078, -32.908386288558027 ], [ -68.953391603227601, -32.908296513395065 ], [ -68.953539998851497, -32.908211380052379 ], [ -68.95369066672778, -32.908179372948496 ], [ -68.95384297638283, -32.908187192770235 ], [ -68.953922762795287, -32.908215699998209 ], [ -68.95400652391335, -32.908205320712185 ], [ -68.954087796969617, -32.90816641914531 ], [ -68.954193744219339, -32.908064088063995 ], [ -68.954263306987954, -32.907953184105601 ], [ -68.954313258547401, -32.907874100154388 ], [ -68.954417268943516, -32.907807869569346 ], [ -68.954502440091559, -32.907744797944773 ], [ -68.954573387247265, -32.907663962380013 ], [ -68.954645167628954, -32.907578882885922 ], [ -68.954741263826079, -32.907475824726923 ], [ -68.954859400167308, -32.907431532918025 ], [ -68.954973984650707, -32.907437090301897 ], [ -68.955167807444113, -32.907413649553057 ], [ -68.955244373314898, -32.907379966668415 ], [ -68.955428147681388, -32.907257427967004 ], [ -68.955592091827015, -32.90717871668118 ], [ -68.955693016682275, -32.907090330362934 ], [ -68.95584185764352, -32.907052320309433 ], [ -68.95594647066757, -32.9070273609913 ], [ -68.956086536984813, -32.907023338036112 ], [ -68.956231308733607, -32.90704742777956 ], [ -68.956356789428483, -32.907072934049303 ], [ -68.956505564904347, -32.907018378107743 ], [ -68.956616201853265, -32.906926928496802 ], [ -68.956697093524355, -32.906885197447743 ], [ -68.956852741870847, -32.90687235796419 ], [ -68.95711329278474, -32.906881429270761 ], [ -68.957371706590237, -32.906866159280789 ], [ -68.957757974047723, -32.90681711092077 ], [ -68.95801552097771, -32.906783281595395 ], [ -68.95832055745889, -32.906732867254348 ], [ -68.958425783864399, -32.906704257050272 ], [ -68.958625169550061, -32.906599253814072 ], [ -68.958780958469887, -32.90649305120531 ], [ -68.959031485891614, -32.906424107085492 ], [ -68.959367989015718, -32.906376028531675 ], [ -68.959614852884215, -32.906299643801766 ], [ -68.959871322268953, -32.90627480623418 ], [ -68.959975440255249, -32.906307229262573 ], [ -68.960060411505054, -32.90633710446334 ], [ -68.960107390649668, -32.906424036489568 ], [ -68.960111428050553, -32.906522252235263 ], [ -68.960105189870546, -32.906590855063676 ], [ -68.960160545023385, -32.906638760286263 ], [ -68.96022381986397, -32.906684279250854 ], [ -68.960334532694077, -32.906699843421201 ], [ -68.96047637841518, -32.906659967988986 ], [ -68.960629895022166, -32.906638160773966 ], [ -68.96083380581517, -32.906657588427059 ], [ -68.960875244181253, -32.906716154847963 ], [ -68.960932751122016, -32.906752084623243 ], [ -68.960990086086667, -32.906792446414137 ], [ -68.96106311486281, -32.906809960506862 ], [ -68.961128916345615, -32.90677618854604 ], [ -68.961244766634607, -32.906637547992091 ], [ -68.961328518034676, -32.906546669384518 ], [ -68.961425366018034, -32.906469965242152 ], [ -68.961501028870643, -32.906439036108075 ], [ -68.961596011923177, -32.906445212183044 ], [ -68.961713277623772, -32.906480013968959 ], [ -68.961809691743767, -32.906528097790961 ], [ -68.962020336650625, -32.906608743285084 ], [ -68.96217300908414, -32.906688055028759 ], [ -68.962271903686869, -32.906771542270768 ], [ -68.962326985633652, -32.906819277467235 ], [ -68.962389037825659, -32.906851113232293 ], [ -68.962500630627346, -32.906891067316309 ], [ -68.962589101818907, -32.906873985298922 ], [ -68.962749205821169, -32.906813931673739 ], [ -68.96287540743262, -32.906759693191496 ], [ -68.963047326310516, -32.906761605198803 ], [ -68.963193118684089, -32.9068042486237 ], [ -68.96343288528945, -32.906960277425192 ], [ -68.963584119541608, -32.907048115008791 ], [ -68.96365444444389, -32.907087603880015 ], [ -68.963735072982459, -32.907098023089418 ], [ -68.963801063620096, -32.907098080157368 ], [ -68.963865706627971, -32.907054839358629 ], [ -68.963971298150838, -32.906910925456941 ], [ -68.964049108138909, -32.906836755322999 ], [ -68.96410866248732, -32.906757386992105 ], [ -68.964176574380772, -32.906700607884595 ], [ -68.964234673036088, -32.906669211044246 ], [ -68.964322336981141, -32.906652096093012 ], [ -68.964385431644672, -32.906614081124935 ], [ -68.964452991507613, -32.906549086488113 ], [ -68.964633910777309, -32.906426429562096 ], [ -68.964803681242969, -32.906352075373412 ], [ -68.964921902323795, -32.906337293505565 ], [ -68.965062944833079, -32.906355423178766 ], [ -68.965318883744686, -32.906356862474368 ], [ -68.965443901795652, -32.906330374017699 ], [ -68.965580327703108, -32.906286035248002 ], [ -68.965870472757558, -32.906164935750013 ], [ -68.965979499750674, -32.906092702153749 ], [ -68.966080462993816, -32.906033980930594 ], [ -68.966201389573783, -32.905999260624782 ], [ -68.966271825046164, -32.905972254121863 ], [ -68.966404718065363, -32.905965632589009 ], [ -68.966459111499034, -32.905999072126946 ], [ -68.966479007653419, -32.906088548092505 ], [ -68.966468937222885, -32.906142531566609 ], [ -68.966462960136496, -32.906196138978927 ], [ -68.966524100986163, -32.906207981490411 ], [ -68.966613855460395, -32.906166472116567 ], [ -68.966727494472281, -32.906099396948719 ], [ -68.966844023519783, -32.905998999574805 ], [ -68.966932368658618, -32.905951233756817 ], [ -68.967090329173544, -32.905875421736503 ], [ -68.967184729982918, -32.90587022818201 ], [ -68.967298505180011, -32.905930252625616 ], [ -68.967374141371707, -32.905974613189542 ], [ -68.967484139452111, -32.906010549989048 ], [ -68.967545377853355, -32.906017856785759 ], [ -68.967573901906363, -32.906052154263662 ], [ -68.967565650886513, -32.906137956200908 ], [ -68.967532948479032, -32.906209463330207 ], [ -68.967483998782228, -32.906299629805197 ], [ -68.9674942912132, -32.906340973919043 ], [ -68.967560566998316, -32.906376869190694 ], [ -68.967663497023466, -32.906345280270017 ], [ -68.967741461844057, -32.906306044008446 ], [ -68.967797548758114, -32.90624827481318 ], [ -68.967874308221639, -32.90623182347931 ], [ -68.967949907421712, -32.906247031975106 ], [ -68.968049431896276, -32.906321378190547 ], [ -68.968133048869603, -32.906421096358415 ], [ -68.968196827139408, -32.906437648330915 ], [ -68.968271241378162, -32.906443138748038 ], [ -68.968314530860795, -32.906410207658546 ], [ -68.968343152896423, -32.906323617644155 ], [ -68.968360306862976, -32.906250791366809 ], [ -68.968449351003187, -32.9062217623297 ], [ -68.968519746294135, -32.906232776598827 ], [ -68.968609262188494, -32.906287383307657 ], [ -68.968687362638278, -32.906340544339784 ], [ -68.968726519765468, -32.906396848406885 ], [ -68.968774284445743, -32.906418255155394 ], [ -68.968843756988733, -32.906390792709594 ], [ -68.968872024371308, -32.90634396114757 ], [ -68.968898496367174, -32.906251230423841 ], [ -68.96894068837311, -32.906197971163188 ], [ -68.968994407562931, -32.906178400597007 ], [ -68.969168543795831, -32.906186790148389 ], [ -68.969334590734505, -32.906191073160855 ], [ -68.969485737938143, -32.906187549705237 ], [ -68.969565834775253, -32.906175984594441 ], [ -68.969612458185736, -32.906139226512067 ], [ -68.969644632428128, -32.906084648612257 ], [ -68.969641144798487, -32.906036838485683 ], [ -68.969578833966096, -32.905987616045678 ], [ -68.969512119206541, -32.905936364548069 ], [ -68.969438720039747, -32.905893747654112 ], [ -68.969367773730838, -32.905859240227407 ], [ -68.9693656501547, -32.905789882972499 ], [ -68.969406828719926, -32.905733066049862 ], [ -68.969447525367869, -32.905683052433972 ], [ -68.969514590515388, -32.905650673250463 ], [ -68.9695627164418, -32.905613265263689 ], [ -68.969576213657888, -32.905555038390972 ], [ -68.969501903282136, -32.905533570902541 ], [ -68.969469494824708, -32.905482040734924 ], [ -68.969504369052814, -32.905404416867064 ], [ -68.969655497337001, -32.905272692985271 ], [ -68.969793348225693, -32.90519574044324 ], [ -68.969867872724819, -32.905159535452277 ], [ -68.969962979257531, -32.905134476438825 ], [ -68.970012137056528, -32.905168179197766 ], [ -68.970017794056474, -32.905238157571205 ], [ -68.970004754489565, -32.905325779435039 ], [ -68.96999441626194, -32.905396753094102 ], [ -68.970041778256189, -32.905421789281959 ], [ -68.970157212461146, -32.905454322227733 ], [ -68.970286695833437, -32.905485710752899 ], [ -68.97045327306499, -32.905545771178403 ], [ -68.970565406637107, -32.905542391314412 ], [ -68.970673515813814, -32.905513809269635 ], [ -68.970750073659644, -32.905470214434317 ], [ -68.970857281520708, -32.905404943856126 ], [ -68.970959045254006, -32.905281439686611 ], [ -68.971020482060325, -32.905168710410976 ], [ -68.971061491538123, -32.905083180116833 ], [ -68.971129761933568, -32.905026763449811 ], [ -68.971188885138517, -32.90503410978517 ], [ -68.971238554295908, -32.905089741155123 ], [ -68.971272827157875, -32.905128392880293 ], [ -68.971328772914305, -32.90515348810365 ], [ -68.971378689298334, -32.905133843255456 ], [ -68.971433918853606, -32.905054716619688 ], [ -68.971418503197441, -32.904953465887239 ], [ -68.971370975839207, -32.904863201847078 ], [ -68.971295868910019, -32.904745410391875 ], [ -68.971252980985383, -32.904650420344367 ], [ -68.971253768608065, -32.904576956493962 ], [ -68.971309761722267, -32.904474135858685 ], [ -68.971392003473852, -32.904414828686221 ], [ -68.971501637432382, -32.904429471030724 ], [ -68.971581475038036, -32.904459791068383 ], [ -68.971633406731073, -32.904521933573768 ], [ -68.971632652064955, -32.904581008327241 ], [ -68.971643778981175, -32.904633590907466 ], [ -68.971692528132124, -32.904665712455362 ], [ -68.97176872076146, -32.904689125255175 ], [ -68.97183500945016, -32.904688705614923 ], [ -68.971957185589872, -32.904725251799071 ], [ -68.972071642183025, -32.904770126927971 ], [ -68.972160349448245, -32.904660465844714 ], [ -68.97213867362693, -32.90448769670158 ], [ -68.972104726381531, -32.904395166407674 ], [ -68.972072742234388, -32.90431950450931 ], [ -68.972031436155689, -32.904234319365145 ], [ -68.972028449494289, -32.904148270640292 ], [ -68.97207248824995, -32.904114777356035 ], [ -68.97211428762715, -32.904107143659274 ], [ -68.972178392795172, -32.904136718382169 ], [ -68.972241521840715, -32.90418838334913 ], [ -68.97228595629538, -32.904257710296633 ], [ -68.972310042730882, -32.904319096734923 ], [ -68.972373622935265, -32.904331570307086 ], [ -68.97242101185779, -32.904318295158603 ], [ -68.972507711245811, -32.904310475868343 ], [ -68.972609021243414, -32.904299701164028 ], [ -68.97266329109695, -32.904287225987012 ], [ -68.972711537543688, -32.904293738947736 ], [ -68.972772218238163, -32.904328707552509 ], [ -68.97281594220054, -32.904376183725851 ], [ -68.972886674958261, -32.90442790074836 ], [ -68.972926377678917, -32.904432096287344 ], [ -68.972948455797606, -32.904394109533534 ], [ -68.972940410351924, -32.904317297447058 ], [ -68.972927048639235, -32.904234272087919 ], [ -68.972904122681996, -32.904126573050824 ], [ -68.972921870521617, -32.904041846909116 ], [ -68.972916347416557, -32.90400378322046 ], [ -68.972857854495714, -32.903964190212918 ], [ -68.972817334087068, -32.903921184663723 ], [ -68.972830475388506, -32.903869560615924 ], [ -68.972883586844262, -32.903832616540512 ], [ -68.972964883333589, -32.903827061240989 ], [ -68.973027668251078, -32.903850899644375 ], [ -68.973087674664114, -32.903859949965906 ], [ -68.973156284092582, -32.903886143648876 ], [ -68.973213997529498, -32.90388726006227 ], [ -68.973237537403875, -32.903848071426246 ], [ -68.973262800380382, -32.903778232867403 ], [ -68.97331869259655, -32.903758968336447 ], [ -68.973383213255985, -32.903764189290847 ], [ -68.973459922096893, -32.903798410793186 ], [ -68.973527241885463, -32.903866452425632 ], [ -68.97357279367408, -32.903919703280536 ], [ -68.973632403684292, -32.903948290966802 ], [ -68.973690192879715, -32.903951037973115 ], [ -68.973766631700116, -32.903963655200236 ], [ -68.973833372374699, -32.903969541373037 ], [ -68.973875598204444, -32.903948569846584 ], [ -68.973948975472908, -32.903906966921866 ], [ -68.974002613446643, -32.903880468806285 ], [ -68.974089466379482, -32.903865531030391 ], [ -68.974188365274514, -32.903869967189692 ], [ -68.974270928849421, -32.903875458057563 ], [ -68.974338065111084, -32.903848884740526 ], [ -68.974406032732062, -32.903842657537467 ], [ -68.97444600427346, -32.903790567986675 ], [ -68.974455623274224, -32.903716431210782 ], [ -68.97448044581094, -32.90366730010529 ], [ -68.974545606966672, -32.903628110655866 ], [ -68.974660325648486, -32.903613880384178 ], [ -68.974754950144899, -32.903595639861187 ], [ -68.974849717220167, -32.903607206151548 ], [ -68.974938937563465, -32.903614761236852 ], [ -68.975012766465966, -32.903573880331088 ], [ -68.975098957852097, -32.903510031429043 ], [ -68.975149085158009, -32.903494201861626 ], [ -68.975239879834945, -32.903496360033245 ], [ -68.97527859093897, -32.903535186672606 ], [ -68.975351067057701, -32.903601479890703 ], [ -68.975477036382358, -32.903634731009646 ], [ -68.975591093751561, -32.903627688774186 ], [ -68.975678168523075, -32.903631719735372 ], [ -68.975724183098947, -32.903660450622546 ], [ -68.975707277004688, -32.903708502418247 ], [ -68.975624025437114, -32.903772194084993 ], [ -68.975561330747055, -32.903835277359825 ], [ -68.975535988986152, -32.903887592058872 ], [ -68.975556560239383, -32.903918069816861 ], [ -68.975614174148362, -32.903956857186024 ], [ -68.97568153384681, -32.90397486627694 ], [ -68.975744018168029, -32.903976334592414 ], [ -68.975809180289119, -32.903987360431486 ], [ -68.975881151505291, -32.904062106066483 ], [ -68.975909394838865, -32.904138184013902 ], [ -68.97592351805595, -32.904203030152523 ], [ -68.975926687716552, -32.904203037509937 ], [ -68.975980784185111, -32.904191061051236 ], [ -68.976026602748476, -32.904132052424536 ], [ -68.97611866783555, -32.904002961406931 ], [ -68.976181711562774, -32.90391278107537 ], [ -68.97623513671374, -32.903864432041154 ], [ -68.976286689115341, -32.903807704013232 ], [ -68.976357186349148, -32.903790162590163 ], [ -68.976398930950793, -32.903803394494339 ], [ -68.976447901415952, -32.903847123828299 ], [ -68.976484603931425, -32.903870849624525 ], [ -68.976533770981803, -32.903854642393739 ], [ -68.976535320588752, -32.903851985601072 ], [ -68.976582888627149, -32.903804241426229 ], [ -68.976584453991151, -32.903797649397056 ], [ -68.976618163425201, -32.903737166635999 ], [ -68.976636599537514, -32.903697951819154 ], [ -68.976683538731606, -32.903690381500951 ], [ -68.976720869806883, -32.903717905308397 ], [ -68.976734864213867, -32.903801744365779 ], [ -68.97677772802453, -32.903902253161952 ], [ -68.976783277562234, -32.903961001006365 ], [ -68.976770581790305, -32.904033057711366 ], [ -68.976816847228179, -32.904066663226054 ], [ -68.976930682721601, -32.904111981907619 ], [ -68.977060138522589, -32.904145543718137 ], [ -68.977124163688984, -32.904137935908302 ], [ -68.97720050174901, -32.904101095422796 ], [ -68.977219417884385, -32.90406332057249 ], [ -68.977223918605858, -32.904062032855649 ], [ -68.977281080115333, -32.904016007115807 ], [ -68.977309829639196, -32.903965170346169 ], [ -68.977290002497028, -32.903908178069997 ], [ -68.97727314673368, -32.903848612430934 ], [ -68.9773062306855, -32.903802041649733 ], [ -68.977373561336037, -32.903780815698283 ], [ -68.977441871094484, -32.90377222191853 ], [ -68.977521016864074, -32.903794934223932 ], [ -68.977585542107875, -32.903796375583617 ], [ -68.97760951648651, -32.903771630275386 ], [ -68.977612210620308, -32.90371823765939 ], [ -68.977610231130043, -32.903677194667303 ], [ -68.977656276248595, -32.903615945734529 ], [ -68.977711185784457, -32.903581031273049 ], [ -68.977789941145971, -32.903565902585783 ], [ -68.977867140915521, -32.903588937148825 ], [ -68.97791780719993, -32.903621699082073 ], [ -68.97798157587934, -32.903649709269629 ], [ -68.978055404670357, -32.903670415332726 ], [ -68.978070510610962, -32.903701560054003 ], [ -68.978103079630614, -32.903724303929124 ], [ -68.978149661217856, -32.903706575477116 ], [ -68.978171003481322, -32.903667282582489 ], [ -68.978191948212285, -32.903642255883753 ], [ -68.978218643257435, -32.903618423384692 ], [ -68.978250261417401, -32.903577768668661 ], [ -68.97833260946517, -32.903563009950737 ], [ -68.97839101273658, -32.903522989742065 ], [ -68.978400370065657, -32.9034474111618 ], [ -68.978378537481987, -32.90336809229921 ], [ -68.978371648442931, -32.903317235689904 ], [ -68.978373438706029, -32.903259289812361 ], [ -68.978389536519188, -32.903210445145156 ], [ -68.978442610239895, -32.903193957447336 ], [ -68.978478309568828, -32.903217468085103 ], [ -68.978518299216574, -32.903242245183577 ], [ -68.978573925485279, -32.903263496147154 ], [ -68.978610951699537, -32.903276018351804 ], [ -68.978707161552336, -32.903308508975634 ], [ -68.978785529943607, -32.903300549263626 ], [ -68.978847889877002, -32.903305871953521 ], [ -68.978911459833611, -32.903317249846133 ], [ -68.979010158759024, -32.903339581794206 ], [ -68.979097347735447, -32.903409413618945 ], [ -68.979159782966533, -32.903454325894209 ], [ -68.979213150159595, -32.903474439053774 ], [ -68.979254136047118, -32.903532156841138 ], [ -68.979270880734475, -32.903573178143702 ], [ -68.979303952143582, -32.903592535382181 ], [ -68.979359733441882, -32.903597284397271 ], [ -68.979385039005464, -32.903569227790051 ], [ -68.979403528492398, -32.903523945275936 ], [ -68.97940401567206, -32.903467263437271 ], [ -68.979392059824093, -32.903387562981003 ], [ -68.979392241225838, -32.903352774769516 ], [ -68.979403573300914, -32.90333230804778 ], [ -68.979413629745707, -32.903263913829356 ], [ -68.979409322378316, -32.903224026483933 ], [ -68.979394465325313, -32.903183078122098 ], [ -68.979428643319523, -32.903122357848893 ], [ -68.979483025190973, -32.903096719115268 ], [ -68.979540007555286, -32.903074902974396 ], [ -68.979638096785393, -32.903069402986034 ], [ -68.979726747646367, -32.90306171733333 ], [ -68.979779864829069, -32.903091828090616 ], [ -68.979839594592079, -32.903121722586036 ], [ -68.979891102480366, -32.903123267648326 ], [ -68.979945101434311, -32.90308133693658 ], [ -68.979933187110333, -32.90303939882773 ], [ -68.979916086724089, -32.902967419782392 ], [ -68.979899166148485, -32.902878535960191 ], [ -68.979879364323693, -32.902842899460211 ] ] ] } },
{ "type": "Feature", "properties": { "fid": 407, "NOMBRE": "Arroyos", "VALOR": 4, "CUENCA": null, "TIPO": null, "Clase": null }, "geometry": { "type": "MultiLineString", "coordinates": [ [ [ -68.95004327312445, -32.959888833912942 ], [ -68.950120394314737, -32.960062785707265 ], [ -68.9501208271097, -32.960266691556363 ], [ -68.95005611695926, -32.960436092568301 ], [ -68.949890438634213, -32.960551125531531 ], [ -68.94965905510837, -32.960641826771322 ], [ -68.949343229381427, -32.960683356972339 ], [ -68.949025463298653, -32.960635019536433 ], [ -68.948759878678217, -32.960475471617301 ], [ -68.948566200461158, -32.960415608996932 ], [ -68.948237942294469, -32.960426678652148 ], [ -68.947944258891454, -32.96042755576547 ], [ -68.947599445211864, -32.9603878983214 ], [ -68.947325891390676, -32.960296795973711 ], [ -68.947148920897803, -32.960297124152589 ], [ -68.946958949283413, -32.960369122769528 ], [ -68.946658322348028, -32.960477299774148 ], [ -68.946314189111902, -32.960626799635712 ], [ -68.946082635794184, -32.960782122060138 ], [ -68.945911311700058, -32.960860374727304 ], [ -68.945684132918089, -32.960897981804621 ], [ -68.945536278610547, -32.960842177893369 ], [ -68.945425098513581, -32.960667098288212 ], [ -68.945251987064864, -32.96055386853822 ], [ -68.945029009331165, -32.960533747329656 ], [ -68.944624771900521, -32.960545283760169 ], [ -68.944223391761255, -32.960515562654074 ], [ -68.944059519654743, -32.960385662313328 ], [ -68.943926778599902, -32.960119499841475 ], [ -68.94380792830998, -32.95986825903308 ], [ -68.94365841745784, -32.959676615236397 ], [ -68.943470886264066, -32.959546344898442 ], [ -68.943345580113174, -32.959525876758747 ], [ -68.943037241770568, -32.959606342946522 ], [ -68.94277178603933, -32.959607643915163 ], [ -68.942359661122325, -32.959540461891756 ], [ -68.941965132404007, -32.959499225011108 ], [ -68.941708330515198, -32.959388687788149 ], [ -68.941540778805944, -32.959250905475457 ], [ -68.941325587609924, -32.95925132118473 ], [ -68.941078604888247, -32.959379937821083 ], [ -68.940811500714872, -32.959493097905863 ], [ -68.94064557767237, -32.959595543097954 ], [ -68.940447169669469, -32.959746740857689 ], [ -68.940215922686988, -32.959807253016798 ], [ -68.939990227512098, -32.959733287749209 ], [ -68.939815527953343, -32.959577873974531 ], [ -68.939646990751001, -32.95947055618565 ], [ -68.939374622376576, -32.959465836364252 ], [ -68.939003539411658, -32.959428859001505 ], [ -68.938654711880986, -32.95914737389711 ], [ -68.938401240782184, -32.95912036629155 ], [ -68.938075073786763, -32.959033347210493 ], [ -68.937819723629786, -32.958951469551714 ], [ -68.937655271368953, -32.958913111983023 ], [ -68.937463938183924, -32.958995096267707 ], [ -68.937218964567123, -32.959055407252386 ], [ -68.936899725356525, -32.959088505716934 ], [ -68.936756489226823, -32.959248284954157 ], [ -68.936605729440288, -32.959325598667533 ], [ -68.93641534188626, -32.959364496720802 ], [ -68.936290378059141, -32.959287512726092 ], [ -68.9361453300166, -32.959088870051737 ], [ -68.936059524498845, -32.959050198872148 ], [ -68.935881129895577, -32.959050238340851 ], [ -68.935596545162639, -32.959017045922373 ], [ -68.935397424534216, -32.958895009166149 ], [ -68.935171581613531, -32.958839393981393 ], [ -68.934851487501021, -32.958839648307958 ], [ -68.934658762822608, -32.958702192446545 ], [ -68.934525411739727, -32.958586045504461 ], [ -68.934258270288623, -32.958559265517245 ], [ -68.933903166475446, -32.958515747987036 ], [ -68.933714516852859, -32.958454899185369 ], [ -68.933485560084463, -32.958472376513448 ], [ -68.933296610991022, -32.958534746196733 ], [ -68.933156947201269, -32.958642449405502 ], [ -68.93299650793962, -32.958801535661209 ], [ -68.932835442605963, -32.958915578092409 ], [ -68.932680693116026, -32.95897835056531 ], [ -68.932485201351241, -32.958934279824064 ], [ -68.932194386060743, -32.958771873346258 ], [ -68.931963678258299, -32.958631250691766 ], [ -68.931644276731163, -32.958512942302235 ], [ -68.931254746159539, -32.958428902509091 ], [ -68.93091151687895, -32.958412832835634 ], [ -68.930636731813536, -32.958453475057738 ], [ -68.93032475732133, -32.958597192108229 ], [ -68.930147401861362, -32.958557758004019 ], [ -68.929901237487854, -32.958489806617983 ], [ -68.929647908816207, -32.958530410514911 ], [ -68.929434988029357, -32.958571327414944 ], [ -68.929221246782788, -32.958595300887893 ], [ -68.929007158143989, -32.958578832491277 ], [ -68.928791616988661, -32.958470342454184 ], [ -68.928560858811167, -32.958321083573715 ], [ -68.928386640657052, -32.958280923250868 ], [ -68.928212287320704, -32.958292834739311 ], [ -68.927973157449529, -32.95818590818682 ], [ -68.927702929337869, -32.95803048924364 ], [ -68.927529249344886, -32.957845502265187 ], [ -68.927375856157767, -32.957677854343437 ], [ -68.927146245201527, -32.957620599357767 ], [ -68.926930725569463, -32.957633541926526 ], [ -68.926756675764992, -32.95772774511115 ], [ -68.926575366953927, -32.957781356615186 ], [ -68.926351603051458, -32.957730411124949 ], [ -68.926071249256822, -32.957714736424862 ], [ -68.925839059152423, -32.957610977033362 ], [ -68.925739474952834, -32.957459735780162 ], [ -68.925581410611812, -32.957381911444685 ], [ -68.925411915582671, -32.957297479204264 ], [ -68.925198507645632, -32.957255379435523 ], [ -68.925083738547244, -32.957278986249328 ], [ -68.924984726845992, -32.957375506478996 ], [ -68.924901457248069, -32.957445543505017 ], [ -68.924750251008504, -32.957473196197128 ], [ -68.92457023251329, -32.957415047831432 ], [ -68.924380956003844, -32.957387139767988 ], [ -68.924225939250832, -32.957436414193346 ], [ -68.92397800928299, -32.957514728890231 ], [ -68.923785970156587, -32.957585463983598 ], [ -68.923661703420848, -32.95758580329165 ], [ -68.923573120298514, -32.957492258126749 ], [ -68.923488467838666, -32.957411976507231 ], [ -68.9233715415928, -32.957385435568213 ], [ -68.9231901414867, -32.957436322870485 ], [ -68.923058120521603, -32.957459751246191 ], [ -68.922889969282039, -32.957463106473078 ], [ -68.922753318951308, -32.957412922113427 ], [ -68.922627622869001, -32.957302563506907 ], [ -68.922488092714417, -32.957087015666509 ], [ -68.922323474327854, -32.956917403747617 ], [ -68.922199864161442, -32.956838923940666 ], [ -68.922149136500167, -32.956701140686938 ], [ -68.922115823030637, -32.956513380486413 ], [ -68.922098338688627, -32.956183482493856 ], [ -68.922015067566491, -32.955881077465413 ], [ -68.921898037419041, -32.955529895645938 ], [ -68.921799144415417, -32.955317941476551 ], [ -68.921584295758734, -32.954895573497666 ], [ -68.921434785652337, -32.954725088348283 ], [ -68.921259884939985, -32.954571581778261 ] ] ] } },
{ "type": "Feature", "properties": { "fid": 408, "NOMBRE": "Arroyos", "VALOR": 4, "CUENCA": null, "TIPO": null, "Clase": null }, "geometry": { "type": "MultiLineString", "coordinates": [ [ [ -68.979370659329106, -32.960437243597809 ], [ -68.979245261018164, -32.960467633833503 ], [ -68.979115604355798, -32.960492210000773 ], [ -68.979006901600826, -32.960541148640445 ], [ -68.978927130791945, -32.960623320297465 ], [ -68.978905259458799, -32.960735866933582 ], [ -68.978872468769055, -32.960833410821813 ], [ -68.978792395085591, -32.960870399577772 ], [ -68.97868306638, -32.960867945438864 ], [ -68.97852974917808, -32.960819889574474 ], [ -68.978376149924472, -32.960744196967383 ], [ -68.978251330035249, -32.960625549082756 ], [ -68.978122237564477, -32.960537289694308 ], [ -68.978010944795585, -32.960528440213103 ], [ -68.977848001951855, -32.960545245514673 ], [ -68.977707440535426, -32.960547333651974 ], [ -68.977586812097272, -32.960565785192934 ], [ -68.977509418379071, -32.960652957214243 ], [ -68.97748638544374, -32.960722218839209 ], [ -68.977367857388273, -32.960767664922408 ], [ -68.977194027407492, -32.960838957317826 ], [ -68.977108438818618, -32.960890614408399 ], [ -68.977074875012988, -32.96100200390962 ], [ -68.97701510073523, -32.961134092904999 ], [ -68.976955336671082, -32.961243847439469 ], [ -68.976891708597435, -32.961319684864264 ], [ -68.976842820281234, -32.961328711527948 ], [ -68.976749290785776, -32.961317624498577 ], [ -68.976632680024608, -32.961281741435087 ], [ -68.976500345975978, -32.961305583650088 ], [ -68.976367229797134, -32.961316952995098 ], [ -68.976240918238204, -32.961299701447849 ], [ -68.976209706763129, -32.961224068050406 ], [ -68.976129525620806, -32.960979518065002 ], [ -68.976011117473405, -32.960841616290246 ], [ -68.975881363047947, -32.960739672089808 ], [ -68.975739868023922, -32.960692971626742 ], [ -68.97558211718561, -32.960717990772778 ], [ -68.975500733761592, -32.960758387975581 ], [ -68.975445259841365, -32.960812955645203 ], [ -68.97536532523192, -32.960846433719951 ], [ -68.975219574731085, -32.960851483678084 ], [ -68.975150251054288, -32.960865499916736 ], [ -68.974995318830779, -32.960923696795476 ], [ -68.974902217695956, -32.960981391235599 ], [ -68.974851887578581, -32.961038033647888 ], [ -68.974828719056973, -32.961117451935785 ], [ -68.974833210986404, -32.961262799955229 ], [ -68.97483809398382, -32.961503579482418 ], [ -68.974850320890354, -32.961609443555865 ], [ -68.974890302762375, -32.961748695132684 ], [ -68.974905324550704, -32.961869872002147 ], [ -68.974869530344336, -32.962010852321711 ], [ -68.974794891440013, -32.96213256757671 ], [ -68.974745253115685, -32.96223832582217 ], [ -68.974663208849208, -32.962390149551908 ], [ -68.974569611497557, -32.962473440035687 ], [ -68.974456343952497, -32.962540874954612 ], [ -68.974366416679501, -32.962549199003675 ], [ -68.974244723977961, -32.962538509461247 ], [ -68.97412234240808, -32.962448355639289 ], [ -68.974042906680012, -32.962336410324227 ], [ -68.974007046902969, -32.962246738943549 ], [ -68.97401095847421, -32.962160102999576 ], [ -68.974034782311278, -32.96208683010849 ], [ -68.974014801566014, -32.962003656489195 ], [ -68.973922998722131, -32.961960606225425 ], [ -68.973795629684332, -32.961929188592123 ], [ -68.973520631185295, -32.961946115751275 ], [ -68.9732677221334, -32.961941302654061 ], [ -68.973062108863303, -32.961959988176552 ], [ -68.972915424317236, -32.962010760092085 ], [ -68.972784350873965, -32.962071327991332 ], [ -68.972655786673812, -32.962155600961161 ], [ -68.972567033726776, -32.962228364952452 ], [ -68.972490182147581, -32.962329404923125 ], [ -68.97233467439095, -32.96242503278463 ], [ -68.972219374741059, -32.962477653698876 ], [ -68.972161606889074, -32.962491909596118 ], [ -68.972057916477482, -32.962486496969937 ], [ -68.971928541392458, -32.962467701566915 ], [ -68.971831811343151, -32.962438057270923 ], [ -68.971752406175824, -32.962358245675368 ], [ -68.971736896128505, -32.962266732898684 ], [ -68.971700073152647, -32.962200281540468 ], [ -68.971600729476592, -32.962167523130645 ], [ -68.971418058059996, -32.962178137583891 ], [ -68.971326182863535, -32.962208356223798 ], [ -68.971262955125638, -32.962296762018617 ], [ -68.971224556771517, -32.962378323195267 ], [ -68.971120657394479, -32.962464611803966 ], [ -68.97101516355022, -32.962556357446985 ], [ -68.970914006019115, -32.962620137141791 ], [ -68.970821264134386, -32.962638934201685 ], [ -68.970719726231891, -32.962609018874772 ], [ -68.970617710926689, -32.962568343882211 ], [ -68.970570074656806, -32.962513837408963 ], [ -68.970511106194607, -32.962435146136784 ], [ -68.970374520680153, -32.962334750190692 ], [ -68.970169968750369, -32.96220487641331 ], [ -68.97000369547888, -32.962133816625702 ], [ -68.969814990217017, -32.962106906272417 ], [ -68.969620879298645, -32.962123204574567 ], [ -68.969507059649345, -32.962208263942223 ], [ -68.969396635792066, -32.962297656932932 ], [ -68.969255179738568, -32.962340490344175 ], [ -68.969111243776197, -32.962342653531643 ], [ -68.968898071417698, -32.962275593369476 ], [ -68.96873249390184, -32.962163295014626 ], [ -68.968569750006367, -32.962095887010705 ], [ -68.96843670641789, -32.962075797411558 ], [ -68.96832561865881, -32.962121240760275 ], [ -68.968196742845691, -32.962196193723493 ], [ -68.968054214496988, -32.962223434910705 ], [ -68.967927505787586, -32.962184956968095 ], [ -68.967786968140402, -32.96216137030499 ], [ -68.967623660755422, -32.962169720445281 ], [ -68.967473207683568, -32.962222239563893 ], [ -68.967349159426035, -32.96221201368008 ], [ -68.967264594287883, -32.962050038333302 ], [ -68.967246579426543, -32.961920231360622 ], [ -68.967215100393958, -32.961793767994685 ], [ -68.967156784711349, -32.961730518398248 ], [ -68.967040385747907, -32.96169318005547 ], [ -68.966923541917154, -32.961693574669575 ], [ -68.966873217718913, -32.961724566353631 ], [ -68.966832885909071, -32.961810901207066 ], [ -68.966797039817905, -32.961907783244413 ], [ -68.966725441015726, -32.961956083989548 ], [ -68.966591019174942, -32.961994669514105 ], [ -68.966401394247299, -32.961975793427172 ], [ -68.966259740318861, -32.961892555754488 ], [ -68.966104275323403, -32.961898749727446 ], [ -68.965923962027574, -32.961852742621595 ], [ -68.965774897587181, -32.961817214108564 ], [ -68.965686617171798, -32.961829819580004 ], [ -68.965598194730532, -32.961902983529832 ], [ -68.965515795204396, -32.962027995149128 ], [ -68.965474671493254, -32.962091499861636 ], [ -68.965333168317457, -32.962066589783603 ], [ -68.965162788002473, -32.961975423065397 ], [ -68.9649570788212, -32.961811797193626 ], [ -68.964805436664179, -32.961609244261176 ], [ -68.964730913228451, -32.961456906692725 ], [ -68.964688907272816, -32.961331846593552 ], [ -68.964637696529067, -32.96119532760703 ], [ -68.964535884140219, -32.961192111837349 ], [ -68.964382710101575, -32.961236239886922 ], [ -68.964252196597187, -32.961284325861243 ], [ -68.964163165197363, -32.961352177034456 ], [ -68.96409231250675, -32.961452080737544 ], [ -68.963978433528681, -32.961577022555453 ], [ -68.963859980864029, -32.961637993446068 ], [ -68.963783073201625, -32.961735466123621 ], [ -68.963699026820493, -32.961789692886974 ], [ -68.963556831539321, -32.96180283779632 ], [ -68.96334470830422, -32.961786422979962 ], [ -68.963126509701269, -32.961762436857732 ], [ -68.962902510475544, -32.961765117520777 ], [ -68.96276870398539, -32.961774432050781 ], [ -68.96267682241411, -32.961712796538244 ], [ -68.962602678323421, -32.961627095151016 ], [ -68.962524927735046, -32.961528834368686 ], [ -68.96244739814999, -32.961364913032831 ], [ -68.962390979281636, -32.961278895842064 ], [ -68.962327113575626, -32.961252896440037 ], [ -68.962241302471924, -32.961275195142399 ], [ -68.962161726216692, -32.961357784503136 ], [ -68.962096778781685, -32.961394877744368 ], [ -68.962014542219947, -32.961399099724211 ], [ -68.961912193426599, -32.961358220130165 ], [ -68.961756608091321, -32.961287956690391 ], [ -68.961554105690979, -32.961215044412612 ], [ -68.961439949270655, -32.96121963717939 ], [ -68.961339565953949, -32.961245324434003 ], [ -68.961253110979939, -32.961289056149162 ], [ -68.961140896862432, -32.96130561227163 ], [ -68.960962661357755, -32.961334933047368 ], [ -68.960838343491517, -32.961376167897534 ], [ -68.96076111114354, -32.96145716762549 ], [ -68.960661910116229, -32.96150779763871 ], [ -68.96056704564684, -32.961549255036218 ], [ -68.960457149039811, -32.961553933395685 ], [ -68.960365258347764, -32.961490203907402 ], [ -68.960298988802833, -32.961416630442884 ], [ -68.960232671441972, -32.961324338078896 ], [ -68.960089492410276, -32.961298136168843 ], [ -68.959875907678196, -32.961288235519021 ], [ -68.959694161599316, -32.961280999449315 ], [ -68.95955618093916, -32.96124178555182 ], [ -68.959425198103688, -32.961170877094432 ], [ -68.959323620155786, -32.961171856633598 ], [ -68.959274493206195, -32.961191247132206 ], [ -68.959221056272426, -32.961242569125879 ], [ -68.959163850911565, -32.961262392880606 ], [ -68.959048950668162, -32.961245295669535 ], [ -68.958913445360992, -32.961182604580863 ], [ -68.95872054230648, -32.96110424972882 ], [ -68.958475460278152, -32.961068375115573 ], [ -68.958352151436756, -32.961082994674477 ], [ -68.958216590975923, -32.961020471860429 ], [ -68.958000798583328, -32.960925447738632 ], [ -68.957830472140856, -32.960895908491359 ], [ -68.957670738804126, -32.960863052413025 ], [ -68.957545322309727, -32.960793577569632 ], [ -68.957399736183035, -32.96074346854315 ], [ -68.957198645894053, -32.9607489259635 ], [ -68.957079850568405, -32.960750223886329 ], [ -68.956988094918316, -32.960669251992982 ], [ -68.956852289617501, -32.960611425539931 ], [ -68.956679519558477, -32.960585800225047 ], [ -68.956521099643169, -32.960616486922987 ], [ -68.956377498382281, -32.960628581212646 ], [ -68.956219550076909, -32.960620046163584 ], [ -68.956048519968547, -32.960545331140779 ], [ -68.955964143736338, -32.960429562047153 ], [ -68.955903850178018, -32.960399862190442 ], [ -68.955823487086079, -32.960406920288548 ], [ -68.955682252246618, -32.960394158062961 ], [ -68.955596976058132, -32.960344133059344 ], [ -68.955503787628416, -32.960317445511535 ], [ -68.955373774115571, -32.960307648692194 ], [ -68.955256130622416, -32.96028131052627 ], [ -68.955151216389169, -32.960201447866112 ], [ -68.955070300698011, -32.960097384941228 ], [ -68.954944581411254, -32.960003703972085 ], [ -68.954745087670815, -32.959964764209182 ], [ -68.954527877915567, -32.959984061996849 ], [ -68.954292204754069, -32.960031469419562 ], [ -68.954052909186302, -32.960081284963053 ], [ -68.953930235463432, -32.960183020074865 ], [ -68.953819333064601, -32.960264261121196 ], [ -68.953724528295439, -32.96030029852259 ], [ -68.953600507336716, -32.960298556204556 ], [ -68.953438738414519, -32.960248563319311 ], [ -68.953313995283992, -32.960176905224081 ], [ -68.9531930033599, -32.960150373888141 ], [ -68.953058984631696, -32.960158852144453 ], [ -68.952995865022217, -32.960205041258028 ], [ -68.952906150593066, -32.960303075157505 ], [ -68.952790233027926, -32.960367009859475 ], [ -68.952640385980587, -32.960431148016575 ], [ -68.952544339216104, -32.960439066582275 ], [ -68.952485699238039, -32.960390648981651 ], [ -68.952431109173887, -32.960289080198237 ], [ -68.952347018784153, -32.96021205810014 ], [ -68.952237429743903, -32.960145569037728 ], [ -68.952114930728385, -32.960117738842285 ], [ -68.952013250574723, -32.960121631584961 ], [ -68.951906864674612, -32.960221327092867 ], [ -68.951830075399897, -32.960278535345203 ], [ -68.951676199021904, -32.96031141637426 ], [ -68.95154323057119, -32.960330025465147 ], [ -68.951382158445909, -32.960293318944224 ], [ -68.951121456975898, -32.960217097374468 ], [ -68.950923892763399, -32.960150664816481 ], [ -68.950691791188675, -32.960008141178918 ], [ -68.950493536068805, -32.959926219570114 ], [ -68.950359620947296, -32.959876300282744 ], [ -68.950212283336, -32.959858804484576 ], [ -68.950042111557465, -32.959870530995154 ] ] ] } },
{ "type": "Feature", "properties": { "fid": 409, "NOMBRE": "Arroyos", "VALOR": 4, "CUENCA": null, "TIPO": null, "Clase": null }, "geometry": { "type": "MultiLineString", "coordinates": [ [ [ -69.000066960119383, -32.956497099720316 ], [ -68.999861262349043, -32.956443816019721 ], [ -68.999769785106778, -32.956424622077073 ], [ -68.999647209427934, -32.956433953457683 ], [ -68.999521237434294, -32.9564509861857 ], [ -68.999438109588112, -32.956478314659734 ], [ -68.999304811491413, -32.956561739193269 ], [ -68.999220477722105, -32.956581149070622 ], [ -68.999193514439483, -32.956526328868328 ], [ -68.999185760756859, -32.956420053433277 ], [ -68.999128036338405, -32.956355505228778 ], [ -68.999031575505072, -32.956329311217111 ], [ -68.998903390241793, -32.956335820614456 ], [ -68.998811639510478, -32.956376482780996 ], [ -68.998754311041353, -32.956516313931061 ], [ -68.998727481750052, -32.956607988394431 ], [ -68.998673162486952, -32.956690360380421 ], [ -68.998571279711129, -32.9567239026957 ], [ -68.998464744042153, -32.95669131646838 ], [ -68.998381503215896, -32.956658468675009 ], [ -68.998305893116893, -32.956632121010358 ], [ -68.998198426871824, -32.956532502548434 ], [ -68.998126411122897, -32.956505861232849 ], [ -68.998065954742088, -32.956519143290848 ], [ -68.997988685682358, -32.956575953102593 ], [ -68.997939314902851, -32.956693445287186 ], [ -68.997918799959848, -32.956754017288276 ], [ -68.997830368174988, -32.956764688938165 ], [ -68.997708995175259, -32.956745221350523 ], [ -68.997600488931255, -32.956654269989706 ], [ -68.997515535385304, -32.956591610845685 ], [ -68.997399708235193, -32.956600252174219 ], [ -68.997252285930983, -32.956654910672157 ], [ -68.997061955298562, -32.956672635851675 ], [ -68.996887115597872, -32.956705009235726 ], [ -68.9967534014325, -32.956699623991732 ], [ -68.99656093706659, -32.956641720969294 ], [ -68.996429057317499, -32.956571672049378 ], [ -68.996307301290415, -32.956589280299227 ], [ -68.996135787474842, -32.956633521326367 ], [ -68.996040697228878, -32.95668974645416 ], [ -68.995898970064246, -32.9567108792235 ], [ -68.995795289300546, -32.956767782906574 ], [ -68.995690292012597, -32.956917938634923 ], [ -68.995577180399934, -32.957126544886627 ], [ -68.995528587490526, -32.957220259492658 ], [ -68.995482464008745, -32.957253476449715 ], [ -68.995385894889722, -32.957208453193765 ], [ -68.995267672958249, -32.957241896272983 ], [ -68.99520647984599, -32.957223864347398 ], [ -68.995127081138548, -32.957163411579167 ], [ -68.994971400764669, -32.957093700067411 ], [ -68.994891318838143, -32.957093621521928 ], [ -68.99478529039169, -32.957127053363259 ], [ -68.994675045236789, -32.957209582480502 ], [ -68.994560185243586, -32.957335607376123 ], [ -68.994452617098773, -32.957388344643391 ], [ -68.994359738283535, -32.957410330748566 ], [ -68.994274432874562, -32.957395215901883 ], [ -68.994211554346563, -32.957361424663318 ], [ -68.994144994112347, -32.957395724732677 ], [ -68.994001958726187, -32.957464860383546 ], [ -68.99389865896292, -32.957528219951826 ], [ -68.993783478770879, -32.957532420721286 ], [ -68.993675284678929, -32.957489374968411 ], [ -68.993593182141112, -32.95740513998863 ], [ -68.993461683359996, -32.957383926782974 ], [ -68.993348048908402, -32.957406677583798 ], [ -68.993229307565997, -32.957483525284019 ], [ -68.99309036072809, -32.957568108441656 ], [ -68.992932031209392, -32.957619496655262 ], [ -68.992630714181445, -32.957591656358275 ], [ -68.992372371299652, -32.957537521827348 ], [ -68.992143784006757, -32.957405324244299 ], [ -68.9920314951178, -32.957301883468361 ], [ -68.99199725765304, -32.957193154283118 ], [ -68.991931845266109, -32.957125518994005 ], [ -68.991828225726977, -32.957103958618667 ], [ -68.991728147180325, -32.957121543723012 ], [ -68.991681888238503, -32.957207495533133 ], [ -68.991635416827577, -32.957316523864158 ], [ -68.991530219216401, -32.957383971176981 ], [ -68.991298806050125, -32.957364496210985 ], [ -68.991148561044113, -32.957343876325758 ], [ -68.990882762874136, -32.957208203029843 ], [ -68.990642503869168, -32.957178107254052 ], [ -68.990375846391913, -32.957171582156064 ], [ -68.990162114474288, -32.957191970908625 ], [ -68.990067666452873, -32.957262152050966 ], [ -68.989987864367308, -32.957418722026773 ], [ -68.989928842212649, -32.957517134582055 ], [ -68.989854532907728, -32.957532367828811 ], [ -68.989740835976122, -32.957502216112161 ], [ -68.989589957841488, -32.957520395563904 ], [ -68.989367991570091, -32.957504542956272 ], [ -68.989206257954379, -32.957453710667735 ], [ -68.988951159767296, -32.957434164968532 ], [ -68.988750634532565, -32.957519133753564 ], [ -68.988609643331316, -32.957628920520136 ], [ -68.988442542328556, -32.95777047455838 ], [ -68.988342642579724, -32.957819610900266 ], [ -68.988231743867047, -32.957822102874246 ], [ -68.988182908730224, -32.957858624578606 ], [ -68.988065777140747, -32.95784977774067 ], [ -68.988005705435341, -32.95786360625447 ], [ -68.987904426385924, -32.957866104366438 ], [ -68.987694522632367, -32.957930618162564 ], [ -68.98757422430856, -32.957965435580434 ], [ -68.987409059047309, -32.957929452489694 ], [ -68.987253629681163, -32.957916303064195 ], [ -68.987166861920741, -32.957942303962646 ], [ -68.98705987422494, -32.957994211514389 ], [ -68.986917953683829, -32.957997636021325 ], [ -68.986794828062415, -32.957918712838961 ], [ -68.986499443293269, -32.957721351245105 ], [ -68.986388584344127, -32.957560456560316 ], [ -68.986254479930508, -32.957436829142139 ], [ -68.986107537101446, -32.957429571631252 ], [ -68.985982302534296, -32.957475128793092 ], [ -68.985848001316683, -32.95757425277661 ], [ -68.985735727620252, -32.957635044757794 ], [ -68.985715551373545, -32.957666558697539 ], [ -68.985582576048714, -32.957759157997266 ], [ -68.985501468992112, -32.957846869853668 ], [ -68.985372435005232, -32.95791706495848 ], [ -68.985210638377694, -32.957963658171579 ], [ -68.98515236715609, -32.957917150867317 ], [ -68.985011887529922, -32.957914742869029 ], [ -68.984908713497646, -32.957996327711719 ], [ -68.984769342345558, -32.958016654040314 ], [ -68.984573140399206, -32.957989870949 ], [ -68.984401875719584, -32.958030500749402 ], [ -68.984219840894724, -32.958066498794523 ], [ -68.984188103804939, -32.95821653586659 ], [ -68.984248785814088, -32.958315165185837 ], [ -68.984328403145923, -32.958415044845509 ], [ -68.984307463604054, -32.95853624414395 ], [ -68.984157981481417, -32.958614737384131 ], [ -68.983945655767755, -32.958624421820836 ], [ -68.983757223213061, -32.958602706795283 ], [ -68.983686798889806, -32.958587655528419 ], [ -68.983576148833038, -32.958601104772065 ], [ -68.983483508065447, -32.958676603040686 ], [ -68.983433826896288, -32.958713328927033 ], [ -68.983305900175026, -32.958732782780153 ], [ -68.983151948687151, -32.958682075464395 ], [ -68.982918987878449, -32.95867191343617 ], [ -68.982757366509631, -32.958805903514538 ], [ -68.98268542256082, -32.95893302376578 ], [ -68.982660382026168, -32.959073749208741 ], [ -68.982565569508466, -32.95921039391375 ], [ -68.982412771760892, -32.959321597479956 ], [ -68.982313789979003, -32.959381215673965 ], [ -68.982199467441816, -32.95952816164359 ], [ -68.982051585558509, -32.959572215462345 ], [ -68.981863034738339, -32.959510857053168 ], [ -68.981744326353677, -32.959535894862462 ], [ -68.981624976954706, -32.959648946266853 ], [ -68.981582837465325, -32.95981156484909 ], [ -68.981546956368192, -32.959916857727102 ], [ -68.98142538277628, -32.9599741680804 ], [ -68.981221965740261, -32.959984584328971 ], [ -68.981021151864041, -32.959971666483014 ], [ -68.980865283225313, -32.959947270755215 ], [ -68.98075526128963, -32.959964515841456 ], [ -68.980654642373153, -32.960015577211188 ], [ -68.980556738310767, -32.96006416610593 ], [ -68.980390346624574, -32.960082447282218 ], [ -68.980174566924305, -32.960055175815945 ], [ -68.979898405056304, -32.96006540066147 ], [ -68.979745557497466, -32.960043443680263 ], [ -68.979626140408882, -32.960087007357195 ], [ -68.97956439573727, -32.960173671133127 ], [ -68.979532712769114, -32.960328013619467 ], [ -68.979446209230233, -32.960398591491227 ], [ -68.979373488418219, -32.960436989243917 ] ] ] } },
{ "type": "Feature", "properties": { "fid": 423, "NOMBRE": "Tributarios", "VALOR": 2, "CUENCA": null, "TIPO": null, "Clase": null }, "geometry": { "type": "MultiLineString", "coordinates": [ [ [ -68.994457825072118, -32.968317302321083 ], [ -68.994257307676875, -32.968506119707442 ], [ -68.99402396317042, -32.968690910698044 ], [ -68.993833780174896, -32.968775989921809 ], [ -68.993700133194636, -32.968829409857186 ], [ -68.993596856968722, -32.968973755081919 ], [ -68.99340233201643, -32.969092317957511 ], [ -68.993288537511319, -32.969172202597349 ], [ -68.993136216743949, -32.969209435883158 ], [ -68.992925705937765, -32.969262906346415 ], [ -68.99277181678913, -32.969284382306839 ], [ -68.99268188066506, -32.969343673493654 ], [ -68.992649917669468, -32.969575485111569 ], [ -68.992630708922718, -32.969688750741525 ], [ -68.992566371997768, -32.969780681830585 ], [ -68.992417775909232, -32.969851801437322 ], [ -68.99233354452285, -32.969906480209403 ], [ -68.992339967634052, -32.970031078173932 ], [ -68.992326795760349, -32.970270389751981 ], [ -68.992183153186204, -32.970395307628458 ], [ -68.992038499422335, -32.97059721418259 ], [ -68.991913110009335, -32.970816387499788 ], [ -68.991813692837411, -32.970970573082589 ], [ -68.991654143263645, -32.971061802778046 ], [ -68.991372663582709, -32.971155844017026 ], [ -68.991050013721988, -32.971228342315932 ], [ -68.990897914503321, -32.971261953793473 ], [ -68.990818127852222, -32.97141170840132 ], [ -68.990824352082953, -32.971533755058793 ], [ -68.990797388591531, -32.971595181747958 ], [ -68.99067006948188, -32.971663277767853 ], [ -68.990428044550939, -32.971699279123584 ], [ -68.990320824047913, -32.971726971483825 ], [ -68.990199951771189, -32.97182255335224 ], [ -68.990078446159899, -32.971935445329215 ], [ -68.989852308448476, -32.971947765825618 ], [ -68.989618254555012, -32.971931734443807 ], [ -68.98947076848475, -32.971960512732089 ], [ -68.989336392342082, -32.972045879211024 ], [ -68.989282567577732, -32.972227455960642 ], [ -68.989296126435391, -32.972460172565235 ], [ -68.989248973167619, -32.972815912294429 ], [ -68.989181606871526, -32.973054016121445 ], [ -68.989011921493059, -32.973231567423767 ], [ -68.988799391015135, -32.973377656568573 ], [ -68.988459026104721, -32.973595562200416 ], [ -68.98820603290487, -32.973660672345098 ], [ -68.987915887451351, -32.973728621714535 ], [ -68.987673391686499, -32.973817278972966 ], [ -68.987367724198577, -32.973871679845409 ], [ -68.987138483875114, -32.97394182273618 ], [ -68.9869289771582, -32.974094283997829 ], [ -68.986803266592744, -32.974270173334823 ], [ -68.986859244863382, -32.97438721623265 ], [ -68.986908065711233, -32.974528006552966 ], [ -68.986802266564538, -32.974705974051354 ], [ -68.986519000635084, -32.975007062171983 ], [ -68.986386489126801, -32.975265066135925 ], [ -68.9862385403665, -32.975484327063107 ], [ -68.986012153528918, -32.97565199859357 ], [ -68.985805752015295, -32.975743451145398 ], [ -68.98553461814069, -32.975758171292945 ], [ -68.985267880506044, -32.975660718327866 ], [ -68.985004832385258, -32.975531925725704 ], [ -68.984797421365585, -32.975563128643017 ], [ -68.984517235851001, -32.975685117075997 ], [ -68.984300456914042, -32.975813402782009 ], [ -68.98410976582079, -32.975923838804135 ], [ -68.983923032447109, -32.975974355394996 ], [ -68.983750103757359, -32.975970255861277 ] ] ] } },
{ "type": "Feature", "properties": { "fid": 424, "NOMBRE": "Tributarios", "VALOR": 2, "CUENCA": null, "TIPO": null, "Clase": null }, "geometry": { "type": "MultiLineString", "coordinates": [ [ [ -68.980744135241324, -32.976133193390169 ], [ -68.980616422282935, -32.976200611570249 ], [ -68.980330896378931, -32.976210127834335 ], [ -68.980063539539771, -32.976101846217233 ], [ -68.979924165073825, -32.976034900065244 ], [ -68.979626071784097, -32.976069350287673 ], [ -68.979237063078344, -32.976112615958094 ], [ -68.978946793433337, -32.976138893357223 ], [ -68.978685854106729, -32.976173756570731 ], [ -68.978480383278381, -32.976199414512898 ], [ -68.978353350883779, -32.976285421975142 ], [ -68.978253912146414, -32.97637834294099 ], [ -68.978103836622523, -32.976422530061356 ], [ -68.977817828656612, -32.976323504517502 ], [ -68.977661005290187, -32.976302372953413 ], [ -68.977571964074841, -32.976320224586004 ], [ -68.97745116397229, -32.976404088795817 ], [ -68.97721685056807, -32.976579961978338 ], [ -68.977059197008089, -32.976654713677057 ], [ -68.976794979109968, -32.976694504687693 ], [ -68.976598075092255, -32.976725633252741 ], [ -68.976399562010101, -32.976823796520854 ], [ -68.976233219821481, -32.976913356499466 ], [ -68.976056108975754, -32.977007593982222 ], [ -68.975910624824891, -32.977043854335449 ], [ -68.975689132279044, -32.97704943028738 ], [ -68.975505582634568, -32.977054819561545 ], [ -68.975343253538639, -32.977100557239019 ] ] ] } },
{ "type": "Feature", "properties": { "fid": 425, "NOMBRE": "Tributarios", "VALOR": 2, "CUENCA": null, "TIPO": null, "Clase": null }, "geometry": { "type": "MultiLineString", "coordinates": [ [ [ -68.999337221535072, -32.965589196727656 ], [ -68.999134243708085, -32.965595982519218 ], [ -68.998922530703965, -32.965600235419501 ], [ -68.998747348837853, -32.9656113272097 ], [ -68.998613969864849, -32.965635844020618 ], [ -68.998511205678497, -32.965721215519928 ], [ -68.998423123342263, -32.965883207090627 ], [ -68.998337696720952, -32.966055020951188 ], [ -68.99825943244916, -32.966160588796981 ], [ -68.998111626713367, -32.966282173554575 ], [ -68.997941709257347, -32.966350696378413 ], [ -68.99783452187782, -32.966388539473833 ] ] ] } },
{ "type": "Feature", "properties": { "fid": 435, "NOMBRE": "Tributarios", "VALOR": 3, "CUENCA": null, "TIPO": null, "Clase": null }, "geometry": { "type": "MultiLineString", "coordinates": [ [ [ -68.932682367114495, -32.781844843406979 ], [ -68.93243729051315, -32.781800849666709 ], [ -68.932046169819913, -32.781786113965182 ], [ -68.931554054552436, -32.781666391461158 ], [ -68.931098023544862, -32.781572602223179 ], [ -68.930781802261578, -32.781506538773485 ], [ -68.93047850549894, -32.78132544510683 ], [ -68.930190500779105, -32.781222254446106 ], [ -68.929636056200806, -32.781070341794518 ], [ -68.929371062678371, -32.780972037444052 ], [ -68.929265876449648, -32.780877148752722 ], [ -68.929065727053526, -32.78069703505939 ], [ -68.928790811619947, -32.780553208525426 ], [ -68.928502405380797, -32.780500197831763 ], [ -68.928207360002304, -32.780540945018139 ], [ -68.927877213579677, -32.780565805326859 ], [ -68.927587605838923, -32.780467026953964 ], [ -68.927368682145428, -32.780312831033541 ], [ -68.927164005434321, -32.780243872569649 ], [ -68.926848130759026, -32.780248902983395 ], [ -68.926528545705906, -32.780239638502195 ], [ -68.926123797691162, -32.780174907872436 ], [ -68.925689471229134, -32.78015638976153 ] ] ] } },
{ "type": "Feature", "properties": { "fid": 436, "NOMBRE": "Tributarios", "VALOR": 3, "CUENCA": null, "TIPO": null, "Clase": null }, "geometry": { "type": "MultiLineString", "coordinates": [ [ [ -68.967556735551369, -32.734597099498615 ], [ -68.966924973909101, -32.734407176651722 ], [ -68.966204919300864, -32.733992077018243 ], [ -68.96545189253429, -32.733515598443226 ], [ -68.965126935938841, -32.733105837179167 ], [ -68.964678333462984, -32.731818912690365 ], [ -68.964488126746531, -32.731279749669291 ], [ -68.964444937104872, -32.73081937508455 ], [ -68.964701007400038, -32.730315079741274 ], [ -68.965201153202926, -32.729837239047129 ], [ -68.965277773156259, -32.729406034662134 ], [ -68.965302196559065, -32.728846678488964 ], [ -68.965214290736455, -32.727968286800412 ], [ -68.965024555718813, -32.727513371505566 ], [ -68.964559286512085, -32.727049055070076 ], [ -68.9641913480433, -32.726857455194569 ], [ -68.963646901488048, -32.726687239420201 ], [ -68.963143068018454, -32.726624399267074 ], [ -68.962626721223131, -32.726739882099089 ] ] ] } },
{ "type": "Feature", "properties": { "fid": 438, "NOMBRE": "Tributarios", "VALOR": 3, "CUENCA": null, "TIPO": null, "Clase": null }, "geometry": { "type": "MultiLineString", "coordinates": [ [ [ -68.932202378708894, -32.76786637538676 ], [ -68.932026100088919, -32.767929127962368 ], [ -68.931783768838528, -32.768011164033467 ], [ -68.931296860105462, -32.767999699300873 ], [ -68.930860759492774, -32.768080379780812 ], [ -68.930536025457869, -32.768193749900256 ], [ -68.930319081627346, -32.768336143126646 ], [ -68.930039766161599, -32.768409502275759 ], [ -68.929696150649931, -32.768448624623169 ], [ -68.929453671285316, -32.76843821070667 ], [ -68.929114388261368, -32.76868256997404 ], [ -68.928749653678764, -32.768954183265869 ], [ -68.928552573531618, -32.769192136395546 ], [ -68.928366786936152, -32.769359005967999 ], [ -68.928108415611803, -32.76940753644881 ], [ -68.927619365757053, -32.769322898048856 ], [ -68.926956578501731, -32.769201846097054 ], [ -68.926608698761356, -32.76917527413012 ], [ -68.926054370376605, -32.76915594756651 ], [ -68.92561115776293, -32.769196857262614 ], [ -68.925225772446709, -32.769382693703498 ], [ -68.924943341613655, -32.769517648376009 ], [ -68.924658959103965, -32.769502188619633 ], [ -68.924108294966175, -32.769518777358478 ], [ -68.923575710272374, -32.769597400273398 ], [ -68.923233556712205, -32.769665039209414 ], [ -68.92280101130865, -32.769676533872719 ], [ -68.922368741747306, -32.769541702232729 ], [ -68.922096758424743, -32.769495652946773 ], [ -68.921849791540339, -32.769593762734409 ], [ -68.921594686559999, -32.769656234010789 ], [ -68.921211778857497, -32.769736524054586 ], [ -68.920952112712769, -32.769796130636223 ], [ -68.920566610553905, -32.769867226666079 ], [ -68.92037511765983, -32.769965791833137 ], [ -68.920057472573589, -32.769883906253249 ], [ -68.919752023856446, -32.769737120939283 ], [ -68.919304791376973, -32.769638579355224 ], [ -68.918620493839995, -32.769585442557386 ], [ -68.918407309989675, -32.769660169853097 ], [ -68.918205337821377, -32.769675869053827 ], [ -68.917918311235411, -32.769620644485528 ], [ -68.917640955439097, -32.769505306912862 ], [ -68.917371251583745, -32.769302836746355 ], [ -68.917110563179435, -32.769147840403519 ], [ -68.916927712756561, -32.769197417040488 ], [ -68.916679074795638, -32.769224528334234 ], [ -68.916280466599247, -32.769207720223342 ], [ -68.915915788644128, -32.769275085122615 ], [ -68.915741217230021, -32.769494888801539 ], [ -68.915624993202556, -32.769699877352735 ], [ -68.915421348976167, -32.769854313434578 ], [ -68.915135710599216, -32.769945498492206 ], [ -68.91451481364841, -32.770230137050582 ], [ -68.91414118278631, -32.770341150858755 ], [ -68.913889483957149, -32.770429886517718 ], [ -68.913605693414766, -32.77061878064773 ], [ -68.913218744395806, -32.77070809870181 ], [ -68.91285126278629, -32.770679601113891 ], [ -68.912472866003171, -32.77063085187774 ], [ -68.912010556311557, -32.77070925095974 ], [ -68.911583512013976, -32.770891936864125 ] ] ] } },
{ "type": "Feature", "properties": { "fid": 468, "NOMBRE": "Tributarios", "VALOR": 3, "CUENCA": null, "TIPO": null, "Clase": null }, "geometry": { "type": "MultiLineString", "coordinates": [ [ [ -68.933958175546266, -32.729458843055163 ], [ -68.933774476425484, -32.728990879276942 ], [ -68.93326768570094, -32.72890967984133 ], [ -68.932957198045671, -32.728858580398025 ], [ -68.932651947124555, -32.728814219662695 ], [ -68.93222023171063, -32.728607618837188 ], [ -68.931973883010556, -32.728483890051969 ], [ -68.931676319277102, -32.728602719787041 ], [ -68.931414477418812, -32.72863627902256 ], [ -68.931065045778283, -32.728469835676265 ], [ -68.930664311455544, -32.728367063075623 ], [ -68.930312238027255, -32.728327319508146 ], [ -68.929946187684166, -32.728415485784005 ], [ -68.929692910445695, -32.728599114845359 ], [ -68.929527912338159, -32.728760962370366 ], [ -68.92924797161767, -32.72880661041124 ], [ -68.928890423491694, -32.728692330670619 ], [ -68.928518629431423, -32.728470257820021 ], [ -68.928274548012695, -32.728493489245942 ], [ -68.927991201878143, -32.72860330681852 ], [ -68.927544405861852, -32.728541862620887 ], [ -68.927200732789785, -32.728544143256478 ], [ -68.926664595732561, -32.728558936214235 ], [ -68.926318866043033, -32.728279795772067 ], [ -68.925959096048231, -32.728184715877838 ], [ -68.925455515244863, -32.728220812509136 ], [ -68.925053343177836, -32.728267260690863 ], [ -68.924675596977664, -32.728478021969487 ], [ -68.924440371959292, -32.728622499912433 ], [ -68.924257077750994, -32.728624028636197 ], [ -68.92384951757758, -32.72858409195188 ], [ -68.923241889186926, -32.728567340893221 ], [ -68.922716060567964, -32.728615269211794 ], [ -68.922273269349716, -32.728486496402212 ], [ -68.921815297236506, -32.728235106679612 ], [ -68.921565538803833, -32.72817011127961 ], [ -68.921341447022527, -32.728216091484995 ], [ -68.921156340046295, -32.728361773174271 ], [ -68.920918066659368, -32.728407673841303 ], [ -68.920692655966818, -32.728241728531295 ], [ -68.920573110941945, -32.728075133750743 ], [ -68.920293569261247, -32.728043282328869 ], [ -68.919731895650685, -32.727788462192528 ], [ -68.919180569647949, -32.727633250495835 ], [ -68.918572075816925, -32.727375612917058 ], [ -68.917808088572016, -32.726910091827442 ], [ -68.917538334664414, -32.726822272338921 ], [ -68.916888016092059, -32.726601552840933 ], [ -68.916438672759867, -32.726548639452922 ], [ -68.915905049638184, -32.726553648976385 ], [ -68.915076890137328, -32.726056915355443 ], [ -68.914548569777139, -32.725807488494169 ], [ -68.913627488733979, -32.725722028063572 ], [ -68.913140349778217, -32.725485880237088 ], [ -68.912581481851504, -32.725166773655211 ], [ -68.911936970252157, -32.725044062683999 ], [ -68.911599667379832, -32.725047352081091 ], [ -68.910388144051922, -32.72498858645033 ], [ -68.909546175253624, -32.724971017994996 ], [ -68.909179170568677, -32.724797392155217 ], [ -68.908868286006282, -32.724929525553627 ], [ -68.908485515404038, -32.72488522157083 ], [ -68.907887821492949, -32.724996688605216 ], [ -68.90734221629701, -32.725002712159714 ], [ -68.905886324330041, -32.724837617755654 ], [ -68.905372615477432, -32.724961251757151 ], [ -68.904870653066226, -32.724906292698499 ], [ -68.904337316572224, -32.724610137595008 ], [ -68.903787303243632, -32.724541794733163 ], [ -68.902547467472473, -32.724735900220701 ], [ -68.902355295134555, -32.724814136715231 ], [ -68.901726258451262, -32.724921748560881 ], [ -68.901175279624866, -32.724806004938785 ], [ -68.900775067455669, -32.724671499962795 ], [ -68.900197187860968, -32.724736180515499 ], [ -68.899564159129042, -32.724853280637333 ], [ -68.899104074608019, -32.724691637531642 ], [ -68.898716001607426, -32.724676732039647 ], [ -68.898601183841521, -32.724781905944852 ], [ -68.898369161054461, -32.724731224675672 ], [ -68.898040458778624, -32.724584948321706 ], [ -68.897659004840605, -32.72442018566457 ], [ -68.89731873507256, -32.724369059997883 ], [ -68.896969083230218, -32.724405351859126 ], [ -68.896572560311213, -32.724239447082418 ], [ -68.896131747411175, -32.724329740169331 ], [ -68.895805137988859, -32.723976961281963 ], [ -68.895243932195839, -32.723765373597139 ], [ -68.894765184169245, -32.723703822535086 ], [ -68.89430464864239, -32.723338304643896 ], [ -68.893927387977797, -32.722944004112883 ], [ -68.893647185819219, -32.722724247426221 ], [ -68.893337933710825, -32.722725808982666 ], [ -68.892974750941576, -32.722789669082999 ], [ -68.892365831570999, -32.722780693145666 ], [ -68.891972304905167, -32.722724650688789 ], [ -68.891745314978721, -32.722457922725205 ], [ -68.891517810101249, -32.722207973683368 ], [ -68.891145192910443, -32.722125833548766 ], [ -68.890841869200401, -32.721865981447415 ], [ -68.890679591102881, -32.721443905730752 ], [ -68.890596268151697, -32.721054331513443 ], [ -68.890430222384623, -32.720817731055789 ], [ -68.890061789285639, -32.720757658291546 ], [ -68.889874785109853, -32.720254616637114 ], [ -68.889795351160373, -32.719700719792279 ], [ -68.889553185275517, -32.71950910011725 ], [ -68.889090715187535, -32.719325918869465 ], [ -68.888648925341457, -32.718957103130847 ], [ -68.888385584405654, -32.718975515209479 ], [ -68.888030665358599, -32.719168508628385 ], [ -68.887850085889994, -32.719195400470724 ], [ -68.887760235404428, -32.719057679987735 ], [ -68.887676861410952, -32.71880915092639 ], [ -68.887819117382136, -32.71846636578455 ], [ -68.887784091089472, -32.718382671809231 ], [ -68.887496692478976, -32.71829901975542 ], [ -68.887041767716852, -32.718272400504844 ], [ -68.886958931161118, -32.718132457160102 ], [ -68.887024408121846, -32.71801776094852 ], [ -68.887001159296773, -32.717898426698454 ], [ -68.886767430973023, -32.717620709471483 ], [ -68.886677150672796, -32.717407450619369 ], [ -68.886730235496671, -32.717203190646082 ], [ -68.886772272473138, -32.716988826225496 ] ] ] } },
{ "type": "Feature", "properties": { "fid": 560, "NOMBRE": "Tributarios", "VALOR": 3, "CUENCA": null, "TIPO": null, "Clase": null }, "geometry": { "type": "MultiLineString", "coordinates": [ [ [ -68.887899023822385, -32.666690089445957 ], [ -68.887781385751467, -32.666746289240045 ], [ -68.8876097206266, -32.666887430472791 ], [ -68.887394993235247, -32.666966902264669 ], [ -68.887287425181484, -32.667062681816539 ], [ -68.887198738450365, -32.66716391785711 ], [ -68.886957622531526, -32.667163768834882 ], [ -68.886779342297856, -32.667190380260728 ], [ -68.886670824373425, -32.667286691143858 ], [ -68.886517396489609, -32.667388557380335 ], [ -68.886351125182216, -32.66740475049 ], [ -68.886043330699508, -32.667404973973916 ], [ -68.885792606769698, -32.667437420691705 ], [ -68.885432248035798, -32.667421468483802 ], [ -68.884733887019863, -32.667340729609805 ], [ -68.884373352001973, -32.667243485078657 ], [ -68.884063625052335, -32.667162261174177 ], [ -68.883695449599074, -32.667167526054904 ], [ -68.883415150450631, -32.66722703569031 ], [ -68.883060081578478, -32.66729223651047 ], [ -68.882910961259142, -32.667265037345992 ], [ -68.88265097458104, -32.667128653959345 ], [ -68.882363924453728, -32.667232227419078 ], [ -68.88217446420883, -32.667292335124323 ], [ -68.881900427058042, -32.667325146711676 ], [ -68.881665244650279, -32.667286817658372 ], [ -68.881343600835393, -32.667133288634282 ], [ -68.880926371458486, -32.666907671901356 ], [ -68.880624951750733, -32.666879765748114 ], [ -68.880097085251947, -32.667038571632368 ], [ -68.879648162096572, -32.667220513870248 ], [ -68.87947554288121, -32.66736424682022 ], [ -68.87919525163187, -32.66745303311064 ], [ -68.878896010141332, -32.667408832286625 ], [ -68.878325355668295, -32.66734792188084 ], [ -68.878171151531731, -32.667375871129074 ], [ -68.877776866781346, -32.667353758165184 ], [ -68.877387858552154, -32.667270085264889 ], [ -68.876973203184747, -32.667381877997506 ], [ -68.876547771582267, -32.667482828788394 ], [ -68.875930345711041, -32.667460916740119 ], [ -68.875469141132683, -32.667303562745644 ], [ -68.875052445214266, -32.667365633418477 ], [ -68.874803211120522, -32.667371355317592 ], [ -68.87444540549626, -32.667405376271994 ], [ -68.874146993912404, -32.667394233303163 ], [ -68.873765912919012, -32.667292334126138 ], [ -68.873427492048165, -32.6673150694903 ], [ -68.873176751313423, -32.667445899674384 ], [ -68.872858094509482, -32.667593982506027 ], [ -68.872620479031724, -32.667662480425896 ], [ -68.872224319135896, -32.66761755424838 ], [ -68.871963892684732, -32.667515119857704 ], [ -68.871675189072945, -32.667532616946865 ], [ -68.871358089884311, -32.66740115957667 ], [ -68.871197932101026, -32.667320929499446 ], [ -68.870860755151455, -32.667004908230446 ], [ -68.870705732728823, -32.666870430673313 ], [ -68.870444721523384, -32.666847493577357 ] ] ] } },
{ "type": "Feature", "properties": { "fid": 563, "NOMBRE": "Arroyos", "VALOR": 4, "CUENCA": null, "TIPO": null, "Clase": null }, "geometry": { "type": "MultiLineString", "coordinates": [ [ [ -68.973529805337037, -32.834739205782206 ], [ -68.973571600808867, -32.835047321115049 ], [ -68.973596647909019, -32.835297683131074 ], [ -68.973527330793203, -32.835526828156439 ], [ -68.973413329123673, -32.835692124936024 ], [ -68.973276149775131, -32.835806335184195 ], [ -68.97312234530601, -32.835842324586139 ], [ -68.972988057809459, -32.835799783902232 ], [ -68.972864454147043, -32.835627590383382 ], [ -68.972765503887032, -32.835445194270356 ], [ -68.972629660395214, -32.835270380319344 ] ] ] } },
{ "type": "Feature", "properties": { "fid": 566, "NOMBRE": "Tributarios", "VALOR": 3, "CUENCA": null, "TIPO": null, "Clase": null }, "geometry": { "type": "MultiLineString", "coordinates": [ [ [ -68.843744231933471, -32.677694101813657 ], [ -68.843638814207139, -32.677827002733423 ], [ -68.843659833774112, -32.677876028719588 ], [ -68.843643973872702, -32.677942677219896 ], [ -68.84357546706191, -32.677973522855417 ], [ -68.843417298993401, -32.677999559655113 ], [ -68.843316975220148, -32.678088197901602 ], [ -68.84314785147312, -32.678247931181033 ], [ -68.842946798642942, -32.67841220731065 ], [ -68.842803782472743, -32.678532229169249 ], [ -68.842506647059153, -32.678736346673553 ], [ -68.842298928422238, -32.678896932843784 ], [ -68.842171001793631, -32.678990837781328 ], [ -68.841952063142287, -32.679077662861523 ], [ -68.841802778686144, -32.679175764356586 ], [ -68.84171736901061, -32.679274159537705 ], [ -68.841701236264214, -32.679413177492798 ], [ -68.841775766608436, -32.679601844537437 ], [ -68.841759611628078, -32.679763228248675 ], [ -68.841690124634482, -32.679884201591619 ], [ -68.841529965411112, -32.679919925879844 ], [ -68.841364315301419, -32.679933226725623 ], [ -68.841171663376556, -32.680013922438029 ], [ -68.841037699907218, -32.680108232966653 ], [ -68.840871579751493, -32.680183092212019 ], [ -68.840551090185855, -32.680340388563792 ], [ -68.840364342690265, -32.680502148317522 ], [ -68.840236416733859, -32.680627856623623 ], [ -68.840156505704172, -32.680699639535661 ], [ -68.839947843681472, -32.680789330651649 ], [ -68.839729929243447, -32.680810014052092 ], [ -68.839387258391568, -32.680827120482668 ], [ -68.839123826965846, -32.680826311792991 ], [ -68.838897289117938, -32.680879823127434 ], [ -68.838789484534544, -32.680933844725665 ], [ -68.838670781581627, -32.681073782001569 ], [ -68.83842222565616, -32.681109681310964 ], [ -68.838150729783919, -32.681163736413545 ], [ -68.837890190747601, -32.68125734334874 ], [ -68.837673129761328, -32.681438139023676 ], [ -68.837509737442474, -32.681683139221988 ], [ -68.837422248658768, -32.681892277919282 ], [ -68.837264970805165, -32.681983211407342 ], [ -68.837242601919129, -32.682115302349466 ], [ -68.837144383960052, -32.682279346468817 ], [ -68.837031230399191, -32.68239749978531 ], [ -68.836838131774854, -32.682439642721675 ], [ -68.836579218477098, -32.682553378147041 ], [ -68.836292707942434, -32.682607787432985 ], [ -68.836027726172631, -32.682616700678786 ], [ -68.835829762148819, -32.682580159364022 ], [ -68.835684404783095, -32.682493660835128 ], [ -68.835381917251013, -32.68245706862286 ], [ -68.834914878060118, -32.682406443224046 ], [ -68.834549966180589, -32.682346688635221 ], [ -68.83416996517073, -32.682318683027653 ], [ -68.833783483454326, -32.682340910450897 ], [ -68.833450251419023, -32.682363194089035 ], [ -68.833182207280032, -32.68246811592747 ], [ -68.832896669284295, -32.68264055302113 ], [ -68.832705386282498, -32.682855684068265 ], [ -68.83246013699835, -32.682942625207353 ], [ -68.832199000171101, -32.68303879265347 ], [ -68.831985949826475, -32.683144030788569 ], [ -68.831745552155226, -32.683359380867707 ], [ -68.83146629555975, -32.683580181290871 ], [ -68.831241892681859, -32.683717606420892 ], [ -68.831006950012949, -32.683878266457562 ], [ -68.830817939519349, -32.683928460990892 ], [ -68.830571569509274, -32.683969518910665 ], [ -68.830401555351017, -32.684084320656339 ], [ -68.830198574548461, -32.684203782632522 ], [ -68.830088597483538, -32.684300377563638 ], [ -68.830054633129393, -32.684484663519321 ], [ -68.829927293891245, -32.684526226554503 ], [ -68.829782738558507, -32.68458177326653 ], [ -68.829704583103606, -32.68463734288364 ], [ -68.829632451723626, -32.684651283623786 ], [ -68.829400162225141, -32.684683745156555 ] ] ] } },
{ "type": "Feature", "properties": { "fid": 580, "NOMBRE": "Tributarios", "VALOR": 3, "CUENCA": null, "TIPO": null, "Clase": null }, "geometry": { "type": "MultiLineString", "coordinates": [ [ [ -68.926062756209191, -32.858044415858842 ], [ -68.92594749518392, -32.858073891011159 ], [ -68.925837361918639, -32.85812847525758 ], [ -68.925752372434914, -32.858191360282255 ], [ -68.925647550075723, -32.858229062963261 ], [ -68.925529071646395, -32.858291955996911 ], [ -68.925459304634728, -32.858351146056691 ], [ -68.925406005710528, -32.858453583674425 ], [ -68.925402189516092, -32.858537371927206 ], [ -68.925403819500573, -32.858642781152419 ], [ -68.925439681324491, -32.858723342287469 ], [ -68.925528295716916, -32.858816237263554 ], [ -68.925572466657158, -32.858890548283526 ], [ -68.925569976848706, -32.858956084424484 ], [ -68.925505954669589, -32.859013554074757 ], [ -68.925422170154391, -32.859099800458523 ], [ -68.925329501656776, -32.859179924620143 ], [ -68.925296897580722, -32.859296851934907 ], [ -68.925244860072368, -32.859357718512193 ], [ -68.925172733905825, -32.859431517952324 ], [ -68.925041164186666, -32.85953594958395 ], [ -68.924918724349922, -32.859548673397498 ], [ -68.924759833350137, -32.859496167480273 ], [ -68.924631342390597, -32.859404515129043 ], [ -68.924490938506864, -32.859384677451835 ], [ -68.924356568664237, -32.859419789129454 ], [ -68.924304923612667, -32.859501913766692 ], [ -68.92415009165434, -32.859547910276127 ], [ -68.923854635720332, -32.859627446083579 ], [ -68.92342951447614, -32.859714570374273 ] ] ] } },
{ "type": "Feature", "properties": { "fid": 581, "NOMBRE": "Tributarios", "VALOR": 3, "CUENCA": null, "TIPO": null, "Clase": null }, "geometry": { "type": "MultiLineString", "coordinates": [ [ [ -68.925113040370206, -32.859482877526411 ], [ -68.925129656727393, -32.859558881456891 ], [ -68.925268463321146, -32.859712615314194 ], [ -68.925348966582831, -32.859810978127221 ], [ -68.925385308649794, -32.85992264575124 ], [ -68.925370593120334, -32.860001903850154 ], [ -68.925271439760579, -32.860084509117549 ], [ -68.925086840594872, -32.860231958381597 ], [ -68.924899595066094, -32.860383382753348 ] ] ] } },
{ "type": "Feature", "properties": { "fid": 596, "NOMBRE": "Arroyos", "VALOR": 4, "CUENCA": null, "TIPO": null, "Clase": null }, "geometry": { "type": "MultiLineString", "coordinates": [ [ [ -68.949408443269661, -32.84917106148859 ], [ -68.949749138830768, -32.849518262819878 ], [ -68.949976960829744, -32.849899112149799 ], [ -68.95004733790843, -32.850123279866075 ], [ -68.950007310047397, -32.850267725659855 ], [ -68.949860265077362, -32.850345910445391 ], [ -68.949556105252583, -32.850461706261967 ], [ -68.949075640103274, -32.850541540240322 ], [ -68.948660106421244, -32.850597064720738 ], [ -68.948368608613464, -32.850593687838305 ], [ -68.948131046281802, -32.850465968345141 ], [ -68.947948975054317, -32.8503968717188 ] ] ] } },
{ "type": "Feature", "properties": { "fid": 597, "NOMBRE": "Arroyos", "VALOR": 4, "CUENCA": null, "TIPO": null, "Clase": null }, "geometry": { "type": "MultiLineString", "coordinates": [ [ [ -68.947571914902866, -32.850455153461255 ], [ -68.946987962480563, -32.850530071604382 ], [ -68.946473720829218, -32.850714882887857 ], [ -68.945976174106235, -32.851054447967606 ], [ -68.945655372427808, -32.851340464299312 ], [ -68.945456664602702, -32.851647568208229 ], [ -68.945438803929576, -32.851916581864259 ], [ -68.945619142604144, -32.852035115015433 ], [ -68.945764469963336, -32.852292874683997 ], [ -68.945873918252204, -32.852543425872206 ], [ -68.945983469171551, -32.852695188854398 ], [ -68.946167565947633, -32.853029897271654 ], [ -68.946362698946032, -32.853159239382791 ], [ -68.946558654686655, -32.853257390063973 ] ] ] } },
{ "type": "Feature", "properties": { "fid": 598, "NOMBRE": "Arroyos", "VALOR": 4, "CUENCA": null, "TIPO": null, "Clase": null }, "geometry": { "type": "MultiLineString", "coordinates": [ [ [ -68.947765228066359, -32.853868484778154 ], [ -68.948181913091048, -32.853969513674244 ], [ -68.948440956319203, -32.854137993479227 ], [ -68.948602245608271, -32.854306594017118 ], [ -68.948685471937523, -32.854538093511415 ], [ -68.948683062142962, -32.854768165124568 ], [ -68.948582444811109, -32.854937750645114 ], [ -68.948260656611112, -32.855075465000809 ], [ -68.947996342498229, -32.855225558826788 ], [ -68.947795547929658, -32.855329360194929 ] ] ] } },
{ "type": "Feature", "properties": { "fid": 599, "NOMBRE": "Arroyos", "VALOR": 4, "CUENCA": null, "TIPO": null, "Clase": null }, "geometry": { "type": "MultiLineString", "coordinates": [ [ [ -68.947447418031928, -32.855692991402805 ], [ -68.947158501680747, -32.855749131581447 ], [ -68.946679293064435, -32.855790206212561 ], [ -68.946120952258397, -32.855849447342784 ], [ -68.945913905697608, -32.855906431161586 ], [ -68.945669559207346, -32.856050052663363 ], [ -68.945441280061559, -32.856254182206705 ], [ -68.945182670188728, -32.856403358619644 ], [ -68.944996249076652, -32.856491835691564 ], [ -68.944764518993324, -32.856661667228146 ] ] ] } },
{ "type": "Feature", "properties": { "fid": 601, "NOMBRE": "Arroyos", "VALOR": 4, "CUENCA": null, "TIPO": null, "Clase": null }, "geometry": { "type": "MultiLineString", "coordinates": [ [ [ -68.942191558649171, -32.857248483640845 ], [ -68.942005161457871, -32.857322291540306 ], [ -68.941765630915114, -32.857406515807845 ], [ -68.941440595897859, -32.857519501571311 ], [ -68.941273054814289, -32.857594550199053 ], [ -68.941160494574561, -32.8577209888631 ], [ -68.940938340448085, -32.857846712329014 ], [ -68.94078836232228, -32.857940228113733 ], [ -68.940648989927368, -32.858010745980778 ], [ -68.940531324513188, -32.858053509179172 ], [ -68.94016797755468, -32.858103763811656 ] ] ] } },
{ "type": "Feature", "properties": { "fid": 605, "NOMBRE": "Tributarios", "VALOR": 3, "CUENCA": null, "TIPO": null, "Clase": null }, "geometry": { "type": "MultiLineString", "coordinates": [ [ [ -68.978462213028294, -32.872299122646851 ], [ -68.977905110931346, -32.872221814507839 ], [ -68.977373243422278, -32.872140553496202 ], [ -68.976717312114189, -32.872011543956248 ], [ -68.976492787173754, -32.871973185244158 ], [ -68.976357573427549, -32.872023751211458 ], [ -68.976181909549382, -32.87207093364583 ], [ -68.975859097844349, -32.872084939736709 ], [ -68.975733695337254, -32.872110898156528 ], [ -68.975487221889537, -32.872269291779979 ], [ -68.975351191606265, -32.872331792242356 ], [ -68.97527802351334, -32.872368728478847 ], [ -68.975199008062162, -32.872468781663741 ], [ -68.97507172006236, -32.872558903999305 ], [ -68.974795531681636, -32.872654405932948 ], [ -68.974621076461659, -32.872719171578439 ], [ -68.974478145068431, -32.872915635891452 ], [ -68.974417133630453, -32.873038836514006 ], [ -68.974424602263397, -32.873204621952198 ], [ -68.974344660736207, -32.873335317057816 ], [ -68.974253316354805, -32.87340042284827 ], [ -68.974196049030468, -32.873534964762726 ], [ -68.974005603562347, -32.873620116229809 ], [ -68.973667877895608, -32.873686570506827 ], [ -68.973401666813459, -32.873752201029326 ], [ -68.973127003855168, -32.873692903333627 ], [ -68.972846239634677, -32.873633017695539 ], [ -68.972616546986231, -32.873650538076575 ], [ -68.972434228501768, -32.873771914868328 ], [ -68.972209267678679, -32.873801550502122 ], [ -68.97185127557988, -32.873779730834748 ], [ -68.97164324461653, -32.873774982215657 ] ] ] } },
{ "type": "Feature", "properties": { "fid": 614, "NOMBRE": "Arroyos", "VALOR": 4, "CUENCA": null, "TIPO": null, "Clase": null }, "geometry": { "type": "MultiLineString", "coordinates": [ [ [ -68.954688895517222, -32.838172845767431 ], [ -68.954412622343412, -32.838648754624963 ], [ -68.953943050296019, -32.839187897175925 ], [ -68.953545560178341, -32.839564200092234 ], [ -68.953075527357043, -32.839704078321049 ], [ -68.952280403719655, -32.839616538815058 ], [ -68.95167519616399, -32.839402022067894 ], [ -68.951026742182407, -32.839200354708041 ] ] ] } },
{ "type": "Feature", "properties": { "fid": 627, "NOMBRE": "Tributarios", "VALOR": 3, "CUENCA": null, "TIPO": null, "Clase": null }, "geometry": { "type": "MultiLineString", "coordinates": [ [ [ -68.9531385814185, -32.904127230160775 ], [ -68.95307645629741, -32.904140601678826 ], [ -68.953021735371465, -32.904186956829207 ], [ -68.952947061376022, -32.904279547810269 ], [ -68.9528687261231, -32.904349235480097 ], [ -68.95277476132641, -32.904386156676146 ], [ -68.952657062698208, -32.904396907722905 ], [ -68.952487554510725, -32.904378075392579 ], [ -68.95242032804083, -32.904332016100064 ], [ -68.952380721139008, -32.904262449566779 ], [ -68.952388728832261, -32.904169225755759 ], [ -68.952388755790182, -32.904112515742135 ], [ -68.952333052072746, -32.90406251987902 ], [ -68.952185355989627, -32.903992299386971 ], [ -68.952069316492526, -32.903941998011007 ], [ -68.951960926753927, -32.903941962479024 ], [ -68.951831866465213, -32.903995775124407 ], [ -68.95173873312406, -32.904043025388859 ], [ -68.951657999461247, -32.904090312680673 ], [ -68.951560963608102, -32.904161322997936 ], [ -68.951491397323352, -32.904195225744282 ], [ -68.951343259828889, -32.904175368500425 ], [ -68.951222751954887, -32.904138432150845 ], [ -68.951154355488242, -32.904060556609018 ], [ -68.951081569415322, -32.903982438357517 ], [ -68.950943930343641, -32.903928019887609 ], [ -68.950650468532132, -32.903873057351582 ], [ -68.950564525721219, -32.903896934459709 ], [ -68.950379616115725, -32.903872736892133 ], [ -68.950198028236173, -32.903869080338453 ], [ -68.95006405424752, -32.903882556647822 ], [ -68.949988897918885, -32.903910091759258 ], [ -68.949939163756639, -32.903948092014026 ], [ -68.949813560535361, -32.903965365028213 ], [ -68.949745927097794, -32.903944553044326 ], [ -68.949644019112057, -32.903906274614286 ], [ -68.949560959636543, -32.903850434605573 ], [ -68.949519407312351, -32.903797981437393 ], [ -68.949486057542643, -32.903738398698927 ], [ -68.949377465551677, -32.903705576940517 ], [ -68.949269998107155, -32.90366478411763 ], [ -68.949078567925312, -32.903533181322473 ], [ -68.948923079382865, -32.903417680068451 ], [ -68.948859676063577, -32.903407319872109 ], [ -68.948791988594976, -32.903439365720523 ], [ -68.948711415543627, -32.903432505354267 ], [ -68.948677269131025, -32.903386500275353 ], [ -68.94870687714095, -32.903329596191973 ], [ -68.948719515407262, -32.903261988170485 ], [ -68.94868906184314, -32.90316229199837 ], [ -68.948574639247241, -32.903045881184646 ], [ -68.948438357197091, -32.902914788588717 ], [ -68.948241172781266, -32.902786878038121 ], [ -68.948073875246294, -32.902693867080067 ], [ -68.94796710933359, -32.902629113167109 ], [ -68.947855780926531, -32.902585880197627 ], [ -68.947829979608358, -32.902520861630542 ], [ -68.947787014715971, -32.902448597793047 ], [ -68.947756939439031, -32.902408829873778 ], [ -68.947671012918008, -32.902387015824161 ], [ -68.947584947185533, -32.902412205892148 ], [ -68.947507329174343, -32.902470075776385 ], [ -68.947390560121576, -32.902524442540866 ], [ -68.947256840636527, -32.902542625842571 ], [ -68.947051416544568, -32.902491554903435 ], [ -68.946930879907711, -32.902414715581607 ], [ -68.946805620523449, -32.902326645761015 ], [ -68.946688602090006, -32.902297023473729 ], [ -68.946510246491698, -32.902292872925706 ], [ -68.946401124210908, -32.902277872740463 ], [ -68.946300470183104, -32.902211365922383 ], [ -68.946212796393667, -32.902148477001923 ], [ -68.946107405510205, -32.902107497596347 ], [ -68.945948764655867, -32.902095450783882 ], [ -68.945847037772012, -32.902065205498637 ], [ -68.945693209012816, -32.901967018703246 ], [ -68.945556517201624, -32.901907566012724 ], [ -68.945419463753467, -32.901885097723245 ], [ -68.945246307919646, -32.901903497808732 ], [ -68.945077856660092, -32.901901281699487 ], [ -68.94493649398666, -32.901915887603487 ], [ -68.944785679121651, -32.901953051393548 ], [ -68.944647324729289, -32.901941513514501 ], [ -68.944548728548071, -32.90189614795473 ], [ -68.944355397413347, -32.901884336193945 ], [ -68.944228846402936, -32.901914244718249 ], [ -68.94415623859291, -32.901944384964459 ], [ -68.944088033714579, -32.901959436582644 ], [ -68.944056038211656, -32.902012576916185 ], [ -68.944024142893667, -32.902073415862084 ], [ -68.943942122611588, -32.902126728604905 ], [ -68.943759347362061, -32.902145926703369 ], [ -68.943509645865348, -32.902184398807172 ], [ -68.943304673234096, -32.902234369097926 ], [ -68.943071498223603, -32.90223863632756 ], [ -68.942988840746807, -32.902161930466804 ], [ -68.94285530815732, -32.902073495302915 ], [ -68.942703167610759, -32.901934635012758 ], [ -68.942578701139041, -32.901845775663105 ], [ -68.942422983010132, -32.901730512744791 ], [ -68.942289395781089, -32.901703942759163 ], [ -68.942257153182283, -32.901641973503416 ], [ -68.942170526288365, -32.901506812608311 ], [ -68.942115276152279, -32.901448829972566 ], [ -68.942014037366661, -32.901414259153356 ], [ -68.941884867195142, -32.901395243824403 ], [ -68.941796972416199, -32.901379940842972 ], [ -68.941685701851014, -32.901345181372761 ], [ -68.941625459562061, -32.901275189648103 ], [ -68.941560494184216, -32.901220750534989 ], [ -68.941472096974991, -32.901181840186233 ], [ -68.941303848090612, -32.901162320578969 ], [ -68.941196017013169, -32.901142750582515 ], [ -68.941120808600587, -32.901067060620008 ], [ -68.941064940636721, -32.900953636805653 ], [ -68.941041689418498, -32.900852010676701 ], [ -68.941018450702543, -32.900797351489878 ], [ -68.940948678661627, -32.900734872447941 ], [ -68.940855477641989, -32.900695721720943 ], [ -68.940691765410108, -32.900675897494018 ], [ -68.94056523819782, -32.90064045193914 ], [ -68.940459230662626, -32.900531009106359 ], [ -68.940379819371799, -32.900405585318708 ], [ -68.940323673647015, -32.900354598683656 ], [ -68.940229961069946, -32.900331105429636 ], [ -68.940131430996814, -32.900339058622727 ], [ -68.9400704020712, -32.900382413340033 ], [ -68.939952885975941, -32.900421939610403 ], [ -68.939735832930182, -32.90051699172939 ], [ -68.939534308943124, -32.900544727047993 ], [ -68.939275277728072, -32.900544868182628 ], [ -68.939010044138442, -32.900509218816346 ], [ -68.938825260969438, -32.900469404377148 ], [ -68.938536275746657, -32.900485318622223 ], [ -68.938279498359094, -32.900497299681042 ], [ -68.938083756002399, -32.900489286422356 ], [ -68.937982858125594, -32.90039289507979 ], [ -68.937833819527881, -32.900352504898969 ], [ -68.937765841013444, -32.900299887654093 ], [ -68.937712006962258, -32.900226891101248 ], [ -68.937533043072378, -32.900171508747647 ], [ -68.937302120622903, -32.900110376826269 ], [ -68.937118038533967, -32.900093872536807 ], [ -68.936948090128979, -32.900130491811559 ], [ -68.936761370017251, -32.900158980291465 ], [ -68.936606435524496, -32.900162997058985 ], [ -68.936315119463714, -32.900097144981686 ], [ -68.93601613252855, -32.899993387881473 ], [ -68.935862264434462, -32.899989608178693 ], [ -68.935766598948774, -32.899874223514026 ], [ -68.935724907972713, -32.89973723605997 ], [ -68.935669509777981, -32.899515209074472 ], [ -68.935721434613257, -32.899388637163518 ], [ -68.935825850915649, -32.89937210351367 ], [ -68.935871559517139, -32.899300428184773 ], [ -68.935844935664846, -32.89920600248616 ], [ -68.935772878390452, -32.899161545426409 ], [ -68.935686752923374, -32.899157692222225 ], [ -68.935579815360541, -32.899222103699039 ], [ -68.935494795053685, -32.899217471511456 ], [ -68.935406568371192, -32.899108693020793 ], [ -68.935385010733171, -32.898902119499049 ], [ -68.935383472234548, -32.898744240724966 ], [ -68.935502483984834, -32.898572050238229 ], [ -68.93567222501234, -32.898421673770706 ], [ -68.935699164550954, -32.898363167582445 ] ] ] } },
{ "type": "Feature", "properties": { "fid": 632, "NOMBRE": "Tributarios", "VALOR": 3, "CUENCA": null, "TIPO": null, "Clase": null }, "geometry": { "type": "MultiLineString", "coordinates": [ [ [ -68.92177148967977, -32.898806375824392 ], [ -68.921690213474292, -32.898775221307503 ], [ -68.921598193014688, -32.898771277593838 ], [ -68.921552440783842, -32.898782777515926 ], [ -68.921517662398372, -32.898784049222492 ], [ -68.921487475303195, -32.898755654595803 ], [ -68.921442671486801, -32.89872771430602 ], [ -68.921386077870821, -32.898700108299643 ], [ -68.921336903079194, -32.898711721641568 ], [ -68.921274141383392, -32.898681738982255 ], [ -68.921201327307998, -32.898694177630688 ], [ -68.921140326641705, -32.898711194899484 ], [ -68.921128439200515, -32.89870912836524 ], [ -68.921032242424133, -32.898734877749902 ], [ -68.920931086884323, -32.898728497859771 ], [ -68.920853689713411, -32.898673739373798 ], [ -68.920777717552923, -32.898598492178344 ], [ -68.920691390785663, -32.898560942413184 ], [ -68.920548885866324, -32.898552810931491 ], [ -68.920377712709154, -32.898555614354791 ], [ -68.920279251648211, -32.898553605767255 ], [ -68.920197446119786, -32.898533280952854 ], [ -68.920110495748503, -32.898535933467521 ], [ -68.920054248777802, -32.898555484231316 ], [ -68.919953025683142, -32.898520240686388 ], [ -68.919882755060314, -32.898507623799254 ], [ -68.919665810471997, -32.898487750542898 ], [ -68.919456432288754, -32.898464825606126 ], [ -68.919313495380933, -32.89843923735323 ], [ -68.9191816336172, -32.898405379450359 ], [ -68.919067651668342, -32.898425076657112 ], [ -68.91898396245594, -32.898433328004501 ], [ -68.918901616539827, -32.898412979150791 ], [ -68.918732220076919, -32.898356621026217 ], [ -68.918589157237378, -32.898289581571177 ], [ -68.918406933419334, -32.898283520498339 ], [ -68.918209926924774, -32.898264900379857 ], [ -68.917992737212629, -32.898305005830686 ], [ -68.917985764917759, -32.898292073359777 ], [ -68.917913372278221, -32.898361026726683 ], [ -68.917869071757636, -32.898423647621748 ], [ -68.917698066686199, -32.898438646421958 ], [ -68.917473137801593, -32.898432050982798 ], [ -68.917325457916192, -32.898454275071835 ], [ -68.917080446177778, -32.898493917605748 ], [ -68.916870003975987, -32.898556689461003 ], [ -68.916598982072415, -32.898626480912625 ], [ -68.916394100110679, -32.898702650549417 ], [ -68.916166842388265, -32.898782425640228 ], [ -68.915956221640968, -32.898828845055263 ], [ -68.915763380680971, -32.898771169552766 ], [ -68.915571958457363, -32.89870723076573 ], [ -68.915409213657782, -32.898682991646353 ], [ -68.9152565287675, -32.898561027205446 ], [ -68.915092199653188, -32.898490734640738 ], [ -68.914974158810281, -32.898472854009597 ], [ -68.914763668057006, -32.898503169624412 ], [ -68.914609662278451, -32.898537091469443 ], [ -68.914429814227773, -32.898558167723607 ], [ -68.914241786040975, -32.898528897054362 ], [ -68.914080996412778, -32.898515332963285 ], [ -68.913876338492955, -32.898551909159799 ], [ -68.913587569369767, -32.89863453578463 ], [ -68.913423883269402, -32.898657986990678 ], [ -68.913224588477249, -32.898635823696694 ], [ -68.912984046842368, -32.898652486923638 ], [ -68.912725290329348, -32.898748596459114 ], [ -68.912499061144032, -32.898791562593956 ], [ -68.912231108764999, -32.898830396397308 ], [ -68.912059247498064, -32.898898082925143 ], [ -68.911916954802223, -32.898989179883152 ], [ -68.911817108926954, -32.899109347070166 ], [ -68.911672450274594, -32.899274071608779 ], [ -68.911563833067973, -32.899349083492645 ], [ -68.911461314436153, -32.899370842651955 ] ] ] } },
{ "type": "Feature", "properties": { "fid": 635, "NOMBRE": "Tributarios", "VALOR": 3, "CUENCA": null, "TIPO": null, "Clase": null }, "geometry": { "type": "MultiLineString", "coordinates": [ [ [ -68.934834200406897, -32.904151911942591 ], [ -68.934728766381411, -32.904233311647381 ], [ -68.934588839098154, -32.904365501322246 ], [ -68.934426437198042, -32.904512989639684 ], [ -68.934222787406242, -32.90467584685144 ], [ -68.934084391661685, -32.904761862367238 ], [ -68.933913213472124, -32.904798027087054 ], [ -68.933539543621052, -32.904903133171466 ], [ -68.933154835499749, -32.904967099988731 ], [ -68.932746346898284, -32.905051521812844 ], [ -68.932454150445011, -32.905127486097072 ], [ -68.932211492354384, -32.905182388548262 ], [ -68.931864855336187, -32.905158253885766 ], [ -68.93165929039111, -32.905148653421953 ], [ -68.931548856567957, -32.905182207287851 ], [ -68.93127860761399, -32.905128898559873 ], [ -68.931113546159253, -32.905114583965506 ], [ -68.930918599812955, -32.905108379292251 ], [ -68.930816113113252, -32.905060142869289 ], [ -68.930430974785267, -32.904984685082837 ], [ -68.930198074024673, -32.904941791532799 ], [ -68.929835757653478, -32.904845553987961 ], [ -68.929534364900164, -32.904747984696051 ], [ -68.929176660245119, -32.904695135479194 ], [ -68.928997158310224, -32.904595748970692 ], [ -68.928780409164574, -32.90458370955362 ], [ -68.928492055920572, -32.904568170565064 ], [ -68.928121890837645, -32.904515072672453 ], [ -68.927676629347246, -32.904458098457233 ], [ -68.927502935598696, -32.904437695678574 ], [ -68.927374590553569, -32.904463627389177 ], [ -68.927249650192721, -32.904583360843027 ], [ -68.927153388646431, -32.904690716841998 ], [ -68.927052318985261, -32.904759862569641 ], [ -68.926915274754663, -32.904782259458813 ], [ -68.926588743350607, -32.904818603303845 ], [ -68.926373347420352, -32.904858595913325 ], [ -68.926156541088702, -32.904976816117866 ], [ -68.925903935591364, -32.905155517287056 ], [ -68.925660958826612, -32.905316914865629 ], [ -68.9255000557269, -32.905365587526916 ], [ -68.925296829554867, -32.905310390542056 ], [ -68.925102989159413, -32.90522887488703 ], [ -68.924638672672486, -32.905134923521707 ], [ -68.924434636709208, -32.905135575138232 ], [ -68.924218013450783, -32.90519862023509 ], [ -68.923998681350511, -32.905230976066626 ], [ -68.923746284915453, -32.905290188304569 ], [ -68.923571766734725, -32.905358134207006 ], [ -68.923375114092195, -32.905413184766495 ], [ -68.923172048172489, -32.905477531156123 ], [ -68.92284474822506, -32.90551638762485 ], [ -68.922636775552505, -32.905459687949815 ], [ -68.922508334454434, -32.905469792185308 ], [ -68.922277211749716, -32.905476314226142 ], [ -68.922098963059554, -32.90546430322604 ], [ -68.921704549492873, -32.905349527720709 ], [ -68.921682911171814, -32.905340591361579 ], [ -68.92131342252307, -32.905160464898117 ], [ -68.920944239575235, -32.904894042342875 ], [ -68.920584990071063, -32.904699111959438 ], [ -68.920311285957851, -32.904521969866281 ], [ -68.920076361546336, -32.904405487324809 ], [ -68.919902570980526, -32.904389195564896 ], [ -68.919779892673787, -32.904429113830879 ], [ -68.919606004636151, -32.904495399748789 ], [ -68.919389493288534, -32.904567872379666 ], [ -68.919235840166508, -32.904571052808265 ], [ -68.919148710737147, -32.904538045319782 ], [ -68.919052673817717, -32.904418992802555 ], [ -68.918976307868874, -32.904312875780271 ], [ -68.918879536251964, -32.904176509407939 ], [ -68.918830417205641, -32.904063078852509 ] ] ] } },
{ "type": "Feature", "properties": { "fid": 722, "NOMBRE": "Tributarios", "VALOR": 3, "CUENCA": null, "TIPO": null, "Clase": null }, "geometry": { "type": "MultiLineString", "coordinates": [ [ [ -68.940689742056222, -32.995609632702639 ], [ -68.940466751258583, -32.995648492656116 ], [ -68.940271673376799, -32.995626986143996 ], [ -68.940065454802578, -32.995590183501498 ], [ -68.939931427811757, -32.995626145930281 ], [ -68.939833352093032, -32.995717129001292 ], [ -68.939760566878874, -32.995759665683167 ], [ -68.939508907917258, -32.995835700374023 ], [ -68.939391697424924, -32.99591510109574 ], [ -68.939303466930738, -32.996000821911025 ], [ -68.939251813505962, -32.996071369915846 ], [ -68.939073160176747, -32.996152332837767 ], [ -68.938941348728719, -32.996229118598222 ], [ -68.938845895898737, -32.996309191179186 ], [ -68.938761251440269, -32.996352449633022 ], [ -68.93869841421602, -32.996429835131266 ], [ -68.938646619339963, -32.996454741801706 ], [ -68.938553807227663, -32.996526377745084 ] ] ] } }
]
}
