{
"type": "FeatureCollection",
"name": "Rutas",
"crs": { "type": "name", "properties": { "name": "urn:ogc:def:crs:OGC:1.3:CRS84" } },
"features": [
{ "type": "Feature", "properties": { "fid": 1, "TIPO": "PAVIMENTO", "NAME_1": "RP 1", "NAME_2": null, "TIPO_1": "RP", "N": 1, "JURISDIC": "DPV", "REFER": null, "JERAREFER": null }, "geometry": { "type": "MultiLineString", "coordinates": [ [ [ -68.818059562503407, -32.872074996210962 ], [ -68.818078820001958, -32.872183187878029 ], [ -68.818094167584277, -32.872234711904333 ], [ -68.818120477725358, -32.872286235930652 ], [ -68.818170905495791, -32.872359685074542 ], [ -68.818224622033867, -32.872437519241956 ], [ -68.818292589898377, -32.872509872129982 ], [ -68.818368790000065, -32.872583450000235 ], [ -68.818428150000102, -32.872639420000233 ], [ -68.81849272000008, -32.872691110000254 ], [ -68.818768050000088, -32.872870910000245 ], [ -68.819129740000093, -32.873053630000236 ], [ -68.822607630000064, -32.874681580000242 ], [ -68.825856750000085, -32.876152150000237 ], [ -68.825960950000066, -32.87620273000023 ], [ -68.826060690000091, -32.876259340000246 ], [ -68.826155759254647, -32.876317305829794 ], [ -68.826235511869839, -32.876374311135535 ], [ -68.826318827316641, -32.876441182744124 ], [ -68.826401046507556, -32.87652011316743 ], [ -68.826471206883824, -32.876597947334844 ], [ -68.826541367260077, -32.876692225340442 ], [ -68.826596260000102, -32.876797890000255 ], [ -68.826645810000073, -32.876940910000243 ], [ -68.826982170000065, -32.87820836000023 ], [ -68.827598380000083, -32.880785230000228 ], [ -68.828103531887677, -32.882732047105947 ], [ -68.828529427296672, -32.885127640265573 ], [ -68.829389580000068, -32.887374880000237 ], [ -68.829941500000075, -32.888889290000265 ], [ -68.83063433000008, -32.891438210000238 ], [ -68.830842253137504, -32.892226993338134 ], [ -68.83095779000007, -32.892559870000248 ], [ -68.831155782318902, -32.892930789612464 ], [ -68.831305440000065, -32.893199440000238 ], [ -68.831513161735472, -32.893554833271587 ], [ -68.831861880000091, -32.894113990000221 ], [ -68.832611610126278, -32.895190447043106 ], [ -68.832762893437575, -32.895444230279111 ], [ -68.832906502957741, -32.895724597720175 ], [ -68.832999684707445, -32.895882458566753 ], [ -68.833282518724232, -32.896283962282446 ] ] ] } },
{ "type": "Feature", "properties": { "fid": 2, "TIPO": "PAVIMENTO", "NAME_1": "RP 1", "NAME_2": null, "TIPO_1": "RP", "N": 1, "JURISDIC": "DPV", "REFER": null, "JERAREFER": null }, "geometry": { "type": "MultiLineString", "coordinates": [ [ [ -68.833282518724232, -32.896283962282446 ], [ -68.833960004857488, -32.897253874671414 ], [ -68.834356849485701, -32.897700050814166 ], [ -68.835505725646897, -32.899356219383414 ], [ -68.835846661225247, -32.899855838000263 ], [ -68.836918799474972, -32.901464045374794 ], [ -68.837027328806997, -32.901653423577912 ], [ -68.83710077795088, -32.901803062505401 ], [ -68.837174227094764, -32.90201135112239 ], [ -68.837254710000082, -32.902286630000219 ], [ -68.837647880000077, -32.903806910000228 ], [ -68.837816800000098, -32.904541960000252 ], [ -68.837938865570337, -32.904858464672216 ], [ -68.838098918928694, -32.905148424352205 ], [ -68.838144961675596, -32.905236124822522 ], [ -68.838180860000094, -32.905333010000227 ], [ -68.838207150000073, -32.905411300000232 ], [ -68.838225270000081, -32.905491230000237 ], [ -68.838235100000091, -32.905572190000242 ], [ -68.83823656000007, -32.905653550000231 ], [ -68.838229650000073, -32.905734720000233 ], [ -68.838214400000069, -32.905815070000244 ], [ -68.838086870000097, -32.906269170000236 ], [ -68.83797519000008, -32.906713270000218 ], [ -68.837811699888377, -32.907471938687806 ], [ -68.83778100472378, -32.907637473325543 ], [ -68.837735260000102, -32.907967800000243 ], [ -68.837727920000077, -32.908119870000242 ], [ -68.837721806906302, -32.908289745573555 ], [ -68.837725095673932, -32.908408141208483 ], [ -68.837734961976849, -32.908554765432307 ], [ -68.837754694582671, -32.908710433767148 ], [ -68.837782100979638, -32.908862265206388 ], [ -68.837825951214811, -32.909027799844104 ], [ -68.837885149032289, -32.90919771950535 ], [ -68.838221699587123, -32.909904804547352 ], [ -68.838344480245595, -32.910187364500153 ], [ -68.838402730000098, -32.910342070000233 ], [ -68.838441780000068, -32.910451760000235 ], [ -68.83847388000008, -32.910563050000235 ], [ -68.838498930000071, -32.910675610000233 ], [ -68.838516870000106, -32.910789140000254 ], [ -68.838527640000081, -32.910903310000243 ], [ -68.838531220000078, -32.911017800000238 ], [ -68.838527580000061, -32.911132290000232 ], [ -68.83851676000009, -32.911246460000228 ], [ -68.838498760000093, -32.911359980000235 ], [ -68.838473650000083, -32.911472530000225 ], [ -68.838441500000087, -32.911583810000231 ], [ -68.838387234224882, -32.911740759080736 ], [ -68.838336806454436, -32.911866554442845 ], [ -68.837972849502634, -32.912683265072701 ], [ -68.837590737124515, -32.91355990880804 ], [ -68.837519222777232, -32.913743570654532 ], [ -68.837465587016752, -32.913902852609894 ], [ -68.837419280000091, -32.914054130000238 ], [ -68.837390822017284, -32.914184034020899 ], [ -68.837369692778296, -32.914304714481979 ], [ -68.837351814191479, -32.914450993828744 ], [ -68.837340309860451, -32.914617334507291 ], [ -68.837342062235024, -32.914814254206533 ], [ -68.837421640000088, -32.917103750000237 ], [ -68.837508860000071, -32.919221520000235 ], [ -68.837592450000074, -32.921152230000231 ], [ -68.837601120000073, -32.921297930000243 ], [ -68.837602900000078, -32.921443810000241 ], [ -68.837597810000105, -32.921589630000263 ], [ -68.837585840000088, -32.921735160000239 ], [ -68.837567010000086, -32.92188018000023 ], [ -68.837541370000082, -32.922024450000258 ], [ -68.837508940000077, -32.922167750000256 ], [ -68.83746977000007, -32.922309850000254 ], [ -68.837423940000065, -32.922450520000254 ], [ -68.837355440000096, -32.922621870000221 ], [ -68.837279080000087, -32.922790840000232 ], [ -68.837194970000084, -32.922957170000231 ], [ -68.837103230000082, -32.923120610000211 ], [ -68.837018558759951, -32.923251993938422 ], [ -68.836913318195528, -32.923404099441633 ], [ -68.836756538516454, -32.923592030841235 ], [ -68.836529805528983, -32.923827703122114 ], [ -68.836116769540126, -32.924208638921009 ], [ -68.835608651975875, -32.924642194651526 ], [ -68.83532564207303, -32.92486283266625 ], [ -68.8350915951182, -32.925030241251974 ], [ -68.834815086519683, -32.925209433451776 ], [ -68.834636300651411, -32.925314266983627 ], [ -68.834468892065658, -32.925398783939542 ], [ -68.834201866310835, -32.925505896025697 ], [ -68.834018380483073, -32.925574137954186 ], [ -68.833851064429638, -32.925630595131928 ], [ -68.833671278465488, -32.925684174637993 ], [ -68.83350958072333, -32.925722954689725 ], [ -68.833342949829728, -32.92575803487788 ], [ -68.833166452633208, -32.925787085658655 ], [ -68.832997629227805, -32.925805722008604 ], [ -68.832833738973918, -32.925818328951202 ], [ -68.832667108080329, -32.925826550870291 ], [ -68.832487870244108, -32.925827098998248 ], [ -68.83229547733734, -32.925823262102661 ], [ -68.831151534327574, -32.925732272864714 ], [ -68.829415613143098, -32.925586744896755 ], [ -68.828132445636726, -32.925486437483833 ], [ -68.827783699235042, -32.925477667436809 ], [ -68.827476884621063, -32.925483696844147 ], [ -68.827196243116049, -32.925502333194089 ], [ -68.826917939576802, -32.92553113876788 ], [ -68.826428864000732, -32.925596611199673 ], [ -68.825500335271158, -32.925740220719824 ], [ -68.825038811546094, -32.925816958631358 ], [ -68.824828330417304, -32.925865193890047 ], [ -68.824105897793004, -32.926053475837264 ] ] ] } },
{ "type": "Feature", "properties": { "fid": 3, "TIPO": "PAVIMENTO", "NAME_1": "RP 1", "NAME_2": null, "TIPO_1": "RP", "N": 1, "JURISDIC": "DPV", "REFER": null, "JERAREFER": null }, "geometry": { "type": "MultiLineString", "coordinates": [ [ [ -68.83107200000012, -32.893524000000262 ], [ -68.83200866939282, -32.894787298943605 ], [ -68.832200514171618, -32.895076436431694 ], [ -68.832339738668253, -32.895281436281088 ], [ -68.832453749279694, -32.895434638040157 ], [ -68.832554604820572, -32.89554727833174 ], [ -68.832784818555155, -32.895780506770002 ], [ -68.832910887981257, -32.895926308801897 ], [ -68.833181663183382, -32.896292458265499 ], [ -68.833815299081451, -32.89721879448328 ], [ -68.833917250878216, -32.897409543006233 ], [ -68.83401043262792, -32.897620846326923 ], [ -68.834109095657027, -32.897805017314582 ], [ -68.834297651668223, -32.898079629412265 ], [ -68.834761367905017, -32.89880480267626 ], [ -68.835122036089217, -32.899454334284577 ], [ -68.835362116126731, -32.899844875441467 ], [ -68.836278580000084, -32.901257740000233 ], [ -68.836511840000071, -32.901609280000251 ], [ -68.836665710000091, -32.901885730000238 ], [ -68.836786820000086, -32.902170030000221 ], [ -68.837111192381684, -32.903391674306071 ], [ -68.837344130000076, -32.904392580000227 ], [ -68.83744650000007, -32.904696590000242 ], [ -68.837697860000105, -32.905391480000247 ], [ -68.837810603632491, -32.905680656581481 ], [ -68.837847876332376, -32.905861538801517 ], [ -68.837867608938197, -32.906009533345184 ], [ -68.837869490000102, -32.906196770000257 ], [ -68.837856646379407, -32.906396511670458 ], [ -68.837798220000082, -32.906796530000229 ], [ -68.837675210000072, -32.907546190000225 ], [ -68.837613690000069, -32.907928910000237 ], [ -68.837594480000078, -32.908201190000248 ], [ -68.837591352456698, -32.908356617182193 ], [ -68.8375968337361, -32.908522151819916 ], [ -68.837617662597793, -32.908701389656144 ], [ -68.837636298947729, -32.908806904284482 ], [ -68.837661512832966, -32.908920914895894 ], [ -68.83773167320922, -32.909141810455537 ], [ -68.837812260000092, -32.909357770000241 ], [ -68.838063890000086, -32.90991454000023 ], [ -68.838236280000089, -32.910305450000223 ], [ -68.838324660000069, -32.910589710000245 ], [ -68.838341770000085, -32.910712820000242 ], [ -68.838357087188172, -32.910831140765104 ], [ -68.838361472211702, -32.910967624622018 ], [ -68.838358731572015, -32.911127403916403 ], [ -68.83834009522208, -32.911297323577678 ], [ -68.838319266360372, -32.911427229899324 ], [ -68.838285282428117, -32.911575224442977 ], [ -68.838245817216489, -32.91170787140436 ], [ -68.838166886793204, -32.911914789701513 ], [ -68.83772948069749, -32.912890457433861 ], [ -68.837446083103842, -32.913569660764487 ], [ -68.837368067452218, -32.913771201197811 ], [ -68.837322558322128, -32.913916261550007 ], [ -68.837281925170259, -32.914067416875 ], [ -68.837244935598974, -32.914245155636365 ], [ -68.837216432946121, -32.914437548543127 ], [ -68.837205534844713, -32.91458264524082 ], [ -68.837197408214351, -32.914706170022548 ], [ -68.837199033540401, -32.914929652357884 ], [ -68.837233960000077, -32.916026430000223 ], [ -68.837369310000071, -32.918769350000218 ], [ -68.837458640000079, -32.921093900000237 ], [ -68.837463420000077, -32.921256100000242 ], [ -68.837460560000068, -32.921418330000236 ], [ -68.837450050000072, -32.921580340000219 ], [ -68.837431920000071, -32.92174187000024 ], [ -68.837406190000067, -32.921902660000228 ], [ -68.837372900000076, -32.922062460000241 ], [ -68.837332100000083, -32.922221020000244 ], [ -68.837283870000064, -32.922378090000251 ], [ -68.837228270000068, -32.922533410000234 ], [ -68.837173570000076, -32.922680790000221 ], [ -68.837110920000072, -32.922825900000227 ], [ -68.837040440000095, -32.922968430000232 ], [ -68.83696228000008, -32.923108090000227 ], [ -68.83687661000009, -32.923244570000229 ], [ -68.836786152513554, -32.923366826741749 ], [ -68.836660644278012, -32.923519703830884 ], [ -68.836368898247514, -32.923807386546187 ], [ -68.835795767640263, -32.924293968539935 ], [ -68.834996310377051, -32.924925814051683 ], [ -68.834746010161481, -32.925097285952575 ], [ -68.834623298042814, -32.925172050952057 ], [ -68.834469900873358, -32.925258142197023 ], [ -68.834321906329691, -32.925329124765184 ], [ -68.834182681833042, -32.925393803862057 ], [ -68.834017147195325, -32.925457386703016 ], [ -68.833863671372256, -32.925511925433028 ], [ -68.833718965596205, -32.925557968179952 ], [ -68.83356220100552, -32.925600722159224 ], [ -68.833438324091176, -32.925629224812063 ], [ -68.833282655756349, -32.925659645912738 ], [ -68.833156586330276, -32.925679378518545 ], [ -68.833009688042466, -32.92569582235673 ], [ -68.832852923451767, -32.925710073683149 ], [ -68.832698899500755, -32.925718295602252 ], [ -68.832521854176292, -32.925718843730202 ], [ -68.832310406923938, -32.925710509859151 ], [ -68.831620594811668, -32.925655260889215 ], [ -68.829718727893692, -32.925498770362488 ], [ -68.82818002000009, -32.925385640000243 ], [ -68.82788798057571, -32.925375167512122 ], [ -68.827618301629457, -32.925370782488613 ], [ -68.827099772598686, -32.925400381397338 ], [ -68.826690869155797, -32.925456290447151 ], [ -68.825356725751007, -32.925687600437641 ], [ -68.825062929175431, -32.925745701999226 ], [ -68.824816271602643, -32.925805996072576 ], [ -68.824081780163681, -32.925992085508014 ], [ -68.823272743324949, -32.926262586646175 ], [ -68.822841914764496, -32.926413595893514 ], [ -68.82251084548902, -32.926546242854869 ] ] ] } },
{ "type": "Feature", "properties": { "fid": 4, "TIPO": "PAVIMENTO", "NAME_1": "RP 34", "NAME_2": null, "TIPO_1": "RP", "N": 34, "JURISDIC": "DPV", "REFER": null, "JERAREFER": null }, "geometry": { "type": "MultiLineString", "coordinates": [ [ [ -68.594879189681663, -32.721131643574253 ], [ -68.590653664537427, -32.721198040237439 ], [ -68.586761160157096, -32.721261324557069 ], [ -68.585835756663698, -32.721361049232854 ] ] ] } },
{ "type": "Feature", "properties": { "fid": 5, "TIPO": "PAVIMENTO", "NAME_1": "RP 34", "NAME_2": null, "TIPO_1": "RP", "N": 34, "JURISDIC": "DPV", "REFER": null, "JERAREFER": null }, "geometry": { "type": "MultiLineString", "coordinates": [ [ [ -68.644212688528384, -32.715798772517665 ], [ -68.643409703882767, -32.715862056837274 ], [ -68.642256580583535, -32.71595542714492 ], [ -68.641469417017817, -32.716020786360254 ], [ -68.639833600000088, -32.716162080000224 ], [ -68.635540661845212, -32.716492306413791 ], [ -68.633994864529967, -32.716620949948734 ], [ -68.629022376924695, -32.717008955449352 ], [ -68.624686882307017, -32.717359094102981 ], [ -68.623732430273449, -32.71745661420205 ], [ -68.623024890831161, -32.717547909613955 ], [ -68.621636785591051, -32.717738800020669 ], [ -68.620885413976666, -32.717859662696654 ], [ -68.620310667860792, -32.717969632170089 ], [ -68.617917275641844, -32.718484725033839 ], [ -68.615496909778486, -32.718972844253194 ], [ -68.613717686694187, -32.719315720771768 ], [ -68.613259134738939, -32.719371742956341 ], [ -68.612961387202375, -32.719390935741792 ], [ -68.6127165495068, -32.719403385116166 ], [ -68.612247623072918, -32.719403385116159 ], [ -68.610686264039742, -32.719386785950384 ], [ -68.60773420614683, -32.719361887201643 ], [ -68.606207082893135, -32.71935151272303 ], [ -68.60339819280523, -32.719324539078613 ], [ -68.601348714552728, -32.719310014808542 ], [ -68.599827815986188, -32.719307939912795 ], [ -68.599568454020556, -32.719320389287169 ], [ -68.599350309541208, -32.719340379938039 ], [ -68.599077516545123, -32.719402732622846 ], [ -68.598828105805808, -32.719474827914695 ], [ -68.598534853334982, -32.719582483722078 ], [ -68.597278057031488, -32.720128069714306 ], [ -68.594926393559419, -32.721199596409242 ] ] ] } },
{ "type": "Feature", "properties": { "fid": 6, "TIPO": "PAVIMENTO", "NAME_1": "RP 34", "NAME_2": null, "TIPO_1": "RP", "N": 34, "JURISDIC": "DPV", "REFER": null, "JERAREFER": null }, "geometry": { "type": "MultiLineString", "coordinates": [ [ [ -68.543930740000064, -32.733439310000243 ], [ -68.543381260000089, -32.733627490000266 ], [ -68.540193320000085, -32.734799120000226 ], [ -68.53815579000009, -32.735571010000257 ], [ -68.535090280000077, -32.736726150000237 ], [ -68.53346855000008, -32.737380780000208 ], [ -68.532072260000092, -32.738129140000233 ], [ -68.531345300000069, -32.738172880000249 ], [ -68.522799330000083, -32.738605160000226 ], [ -68.518742020000076, -32.739023200000254 ], [ -68.515173240000067, -32.73944301000023 ], [ -68.512355130000088, -32.739948210000236 ], [ -68.506569700000099, -32.74142237000023 ], [ -68.504056180000077, -32.742047300000237 ], [ -68.499885009921627, -32.743049015376769 ] ] ] } },
{ "type": "Feature", "properties": { "fid": 7, "TIPO": "PAVIMENTO", "NAME_1": "RP 20", "NAME_2": "25 DE MAYO", "TIPO_1": "RP", "N": 20, "JURISDIC": "DPV", "REFER": null, "JERAREFER": null }, "geometry": { "type": "MultiLineString", "coordinates": [ [ [ -68.671821240000071, -32.911155840000248 ], [ -68.672556304828205, -32.910896531618228 ], [ -68.673732056934739, -32.910421785137011 ], [ -68.677548523720205, -32.908889520912311 ], [ -68.681249370000089, -32.907327580000242 ], [ -68.685035560000102, -32.905742640000256 ], [ -68.689062370000073, -32.904077990000225 ], [ -68.689712050000068, -32.90380127000023 ], [ -68.690361430000081, -32.903609460000233 ], [ -68.691021910000089, -32.903441260000243 ], [ -68.6924546300001, -32.903128720000218 ], [ -68.69525847000007, -32.902517580000222 ], [ -68.695778870000083, -32.902424500000237 ], [ -68.696260050000078, -32.902354910000234 ], [ -68.696679700000104, -32.902285160000233 ], [ -68.697211497589436, -32.90218886273896 ] ] ] } },
{ "type": "Feature", "properties": { "fid": 8, "TIPO": "PAVIMENTO", "NAME_1": "RP 24", "NAME_2": null, "TIPO_1": "RP", "N": 24, "JURISDIC": "DPV", "REFER": null, "JERAREFER": null }, "geometry": { "type": "MultiLineString", "coordinates": [ [ [ -68.628190747915895, -32.752241997244127 ], [ -68.626940836438166, -32.750969912531751 ], [ -68.6262281906167, -32.750235335647794 ], [ -68.62585687835778, -32.749870027077939 ], [ -68.6255535222883, -32.749595590713959 ], [ -68.625286930480712, -32.74941699918007 ], [ -68.624997445583475, -32.749266198162971 ], [ -68.624697059801122, -32.749142210340388 ], [ -68.624433670024203, -32.749058349152655 ], [ -68.624149847825805, -32.748987089586414 ], [ -68.623627542191201, -32.748896371545513 ], [ -68.623094397189831, -32.748817775642451 ], [ -68.622683488555268, -32.748749676283133 ], [ -68.622388909447622, -32.748671288822365 ], [ -68.622190164545771, -32.74860990534026 ], [ -68.622048979546506, -32.748544642829593 ], [ -68.621888708083361, -32.748457034917493 ], [ -68.621760819518286, -32.748365978766756 ], [ -68.621588757690787, -32.748231733410293 ], [ -68.62141684206766, -32.748063043686592 ], [ -68.621172413822251, -32.747749264753629 ], [ -68.62075400307441, -32.747189794685042 ], [ -68.620395278584184, -32.746691288525604 ], [ -68.620044831211416, -32.74622066599575 ], [ -68.619535888335221, -32.745529217439014 ], [ -68.619261834241215, -32.74513784446593 ], [ -68.618990067926035, -32.744772817811686 ], [ -68.61870165729141, -32.744375828027131 ], [ -68.618260631188548, -32.743785888385553 ], [ -68.61755894991731, -32.742759529341072 ], [ -68.617171838152501, -32.742179881033223 ], [ -68.616976442729438, -32.741900181562272 ], [ -68.616814449772406, -32.74165857426226 ], [ -68.616654740147595, -32.74144382025726 ], [ -68.6164664012733, -32.741196560001484 ], [ -68.616171787401882, -32.740853744884326 ], [ -68.615944180962828, -32.740539500531106 ], [ -68.615796403631592, -32.740338458504866 ], [ -68.615667829901071, -32.740131903260306 ], [ -68.615534679523648, -32.739874680008832 ], [ -68.615415959777948, -32.739606863577976 ], [ -68.615333094447664, -32.739363977438273 ], [ -68.614926795223425, -32.737399386956945 ], [ -68.614832253928384, -32.737085042613799 ], [ -68.61477372386976, -32.736898203304818 ], [ -68.614701945773703, -32.736726012864139 ], [ -68.614626568758453, -32.736554571122973 ] ] ] } },
{ "type": "Feature", "properties": { "fid": 9, "TIPO": "PAVIMENTO", "NAME_1": "RP 27", "NAME_2": "MONTENEGRO", "TIPO_1": "RP", "N": 27, "JURISDIC": "DPV", "REFER": null, "JERAREFER": null }, "geometry": { "type": "MultiLineString", "coordinates": [ [ [ -68.600586951707086, -32.80238937986887 ], [ -68.600563649436737, -32.802344014006046 ], [ -68.600532993877238, -32.802309995749432 ], [ -68.600475649079996, -32.802273579579563 ], [ -68.600414632410491, -32.802241777185827 ], [ -68.600308265763474, -32.802195953469472 ], [ -68.599729573524996, -32.801984414922224 ], [ -68.599667658338589, -32.801949525613928 ], [ -68.599620424075496, -32.80189772297792 ], [ -68.599606935915517, -32.801852195583642 ], [ -68.599614442168118, -32.801450377614373 ], [ -68.599642911688065, -32.801411922641059 ], [ -68.599671280986215, -32.801395824017014 ], [ -68.599712412169623, -32.801383620779141 ], [ -68.599780127824957, -32.801397135577922 ], [ -68.599848260184373, -32.801419517250345 ], [ -68.599992233736884, -32.801475483446318 ], [ -68.600147188671784, -32.801525317181842 ], [ -68.600261641488174, -32.801548810171177 ], [ -68.600321893159631, -32.801547460644116 ], [ -68.600371267114028, -32.801529116138113 ], [ -68.600402460937346, -32.801493753364532 ], [ -68.600408227424595, -32.801429014493429 ], [ -68.60040122163258, -32.801362693026554 ], [ -68.600219418863233, -32.800581170862202 ], [ -68.597910623391599, -32.789902696642145 ], [ -68.597537243348924, -32.788301064819031 ] ] ] } },
{ "type": "Feature", "properties": { "fid": 10, "TIPO": "PAVIMENTO", "NAME_1": "RP 27", "NAME_2": "MONTENEGRO", "TIPO_1": "RP", "N": 27, "JURISDIC": "DPV", "REFER": null, "JERAREFER": null }, "geometry": { "type": "MultiLineString", "coordinates": [ [ [ -68.597537243348924, -32.788301064819031 ], [ -68.597252961908239, -32.787385838223351 ], [ -68.595296461026535, -32.782390512081584 ], [ -68.593895881430456, -32.778711378644282 ], [ -68.593835256137695, -32.778597471039149 ], [ -68.593779282716881, -32.778514222655311 ], [ -68.593699846820499, -32.778422996197413 ], [ -68.593602556558281, -32.778344817451256 ], [ -68.593506979422813, -32.778291313707179 ], [ -68.593399483015148, -32.778250105964275 ], [ -68.593238878290833, -32.778198125516461 ], [ -68.593066389424649, -32.778150731795023 ], [ -68.589928201213056, -32.777371696276155 ], [ -68.589730044958259, -32.777300508084508 ], [ -68.589532065987129, -32.777190774038871 ], [ -68.589390140194482, -32.777096256401869 ], [ -68.589245772795152, -32.776937358573228 ], [ -68.58746154833274, -32.774303806296302 ], [ -68.587356491162097, -32.774131159084632 ] ] ] } },
{ "type": "Feature", "properties": { "fid": 11, "TIPO": "PAVIMENTO", "NAME_1": "RP 27", "NAME_2": "DORREGO", "TIPO_1": "RP", "N": 27, "JURISDIC": "DPV", "REFER": null, "JERAREFER": null }, "geometry": { "type": "MultiLineString", "coordinates": [ [ [ -68.595345488187547, -32.73554263888272 ], [ -68.595406354898785, -32.731859438868476 ], [ -68.595445529608568, -32.729862197197455 ], [ -68.595473880000071, -32.728656040000232 ], [ -68.595469478285793, -32.727016627768784 ], [ -68.595478968499407, -32.721996615541023 ], [ -68.59495803571923, -32.721246800286977 ], [ -68.594926393559419, -32.721199596409242 ] ] ] } },
{ "type": "Feature", "properties": { "fid": 12, "TIPO": "SUELO NATURAL", "NAME_1": "RP 32", "NAME_2": "CAPDEVILLE", "TIPO_1": "RP", "N": 32, "JURISDIC": "DPV", "REFER": null, "JERAREFER": null }, "geometry": { "type": "MultiLineString", "coordinates": [ [ [ -68.746323830000065, -32.767924940000249 ], [ -68.74710858307148, -32.767725112934748 ], [ -68.747588921431856, -32.767737562309101 ], [ -68.748580202864517, -32.767859203070998 ], [ -68.749110338722289, -32.767872689893203 ], [ -68.750129631247276, -32.76770021418605 ], [ -68.751731450747059, -32.767438777324692 ], [ -68.752047872345159, -32.76747612544775 ], [ -68.753604044138996, -32.767949201673062 ], [ -68.755430989824973, -32.768560258464113 ], [ -68.755729774809396, -32.768589307004284 ], [ -68.756469475135404, -32.7685021613838 ], [ -68.757008948023937, -32.768502161383807 ], [ -68.757606517992798, -32.768589307004277 ], [ -68.75800074818055, -32.768709650956325 ], [ -68.758365929828173, -32.768912990737391 ], [ -68.758972836827795, -32.769095581561196 ], [ -68.759201075357552, -32.769091431769738 ], [ -68.759902390112657, -32.768859043448522 ], [ -68.761214761658806, -32.768435764720586 ], [ -68.762327943215354, -32.767931565059392 ], [ -68.763960940000075, -32.767253060000222 ], [ -68.764890690000072, -32.766785920000224 ], [ -68.765226572543341, -32.766591182420967 ], [ -68.76577278884298, -32.766200064576786 ], [ -68.766120070000071, -32.766003730000243 ], [ -68.766299812357175, -32.765892461285517 ], [ -68.766349609854572, -32.765803240769344 ], [ -68.766391626493004, -32.765667853823288 ], [ -68.766491221487811, -32.765580708202819 ], [ -68.766958073025975, -32.765344170090167 ], [ -68.767124064683969, -32.765327570924363 ], [ -68.767294206133442, -32.765350394777336 ], [ -68.768141282313223, -32.764880949619517 ], [ -68.769955778624848, -32.764081077317485 ], [ -68.770462053181802, -32.763883962223588 ], [ -68.770679917232926, -32.763877737536419 ], [ -68.770939279198558, -32.763919235450942 ], [ -68.771047173776282, -32.763883962223581 ], [ -68.771173742415499, -32.763796816603147 ], [ -68.771304460846196, -32.763684772233994 ], [ -68.771379157092312, -32.763522930367422 ], [ -68.771450222270886, -32.76344097198627 ], [ -68.772307672929301, -32.763087720989063 ], [ -68.772567034894934, -32.7630150996387 ], [ -68.772670779681192, -32.762942478288331 ], [ -68.773121550777475, -32.76252023700826 ], [ -68.773341489724345, -32.76203263651287 ], [ -68.773013656199765, -32.76150146320721 ], [ -68.773486732425098, -32.761111382810874 ], [ -68.774034504896548, -32.760812597826465 ], [ -68.774793916731937, -32.760634156794104 ], [ -68.775615575439076, -32.760343671392597 ], [ -68.777230070002375, -32.759986990555269 ], [ -68.777980740177455, -32.759791216422144 ], [ -68.779028290000099, -32.759552900000223 ], [ -68.779733384797922, -32.759350623290224 ], [ -68.780779134825835, -32.759099724349412 ], [ -68.782416665877335, -32.75873533315751 ], [ -68.783702370950422, -32.758476327627321 ], [ -68.78545987952451, -32.758115179071169 ], [ -68.787178476469634, -32.757747545243532 ], [ -68.78769405555316, -32.757779971600975 ], [ -68.788805687563723, -32.75772204064387 ], [ -68.789339693194009, -32.75754366452103 ], [ -68.790155216084003, -32.757310600076821 ], [ -68.790589729273904, -32.757033354720583 ], [ -68.790923720755714, -32.756907297255964 ], [ -68.795392072813044, -32.755643479974161 ], [ -68.798164526375473, -32.754873353984586 ], [ -68.802292401679495, -32.753265817313753 ], [ -68.802639363704287, -32.753196505974671 ], [ -68.804088821882516, -32.752586890454531 ], [ -68.804367740000089, -32.75241740000024 ], [ -68.804510364529463, -32.752372471165856 ], [ -68.804691952131208, -32.752401654887557 ], [ -68.804867054461454, -32.752508661867182 ], [ -68.805577191689721, -32.752576757217831 ] ] ] } },
{ "type": "Feature", "properties": { "fid": 13, "TIPO": "PAVIMENTO", "NAME_1": "RP 32", "NAME_2": "CAPDEVILLE", "TIPO_1": "RP", "N": 32, "JURISDIC": "DPV", "REFER": null, "JERAREFER": null }, "geometry": { "type": "MultiLineString", "coordinates": [ [ [ -68.805577191689721, -32.752576757217831 ], [ -68.805885242085552, -32.752579999853566 ], [ -68.808255608815529, -32.752567029310576 ], [ -68.814322580295411, -32.752589727760807 ], [ -68.831693379984145, -32.752638367296967 ] ] ] } },
{ "type": "Feature", "properties": { "fid": 14, "TIPO": "PAVIMENTO", "NAME_1": "RP 28", "NAME_2": "JUAN DE LA RETA/LAS VIOLETAS", "TIPO_1": "RP", "N": 28, "JURISDIC": "DPV", "REFER": null, "JERAREFER": null }, "geometry": { "type": "MultiLineString", "coordinates": [ [ [ -68.631243560000087, -32.814747470000221 ], [ -68.624818020000092, -32.815620060000249 ], [ -68.62302985000008, -32.818226970000225 ], [ -68.622567680000074, -32.818559060000219 ], [ -68.621678380000077, -32.818723120000229 ], [ -68.604391110663897, -32.820345143508987 ] ] ] } },
{ "type": "Feature", "properties": { "fid": 15, "TIPO": "PAVIMENTO", "NAME_1": "RP 28", "NAME_2": null, "TIPO_1": "RP", "N": 28, "JURISDIC": "DPV", "REFER": null, "JERAREFER": null }, "geometry": { "type": "MultiLineString", "coordinates": [ [ [ -68.790861840000076, -32.848433510000248 ], [ -68.791399430444173, -32.848517701082805 ], [ -68.791637761283283, -32.848555633849443 ] ] ] } },
{ "type": "Feature", "properties": { "fid": 16, "TIPO": "PAVIMENTO", "NAME_1": "RP 28", "NAME_2": null, "TIPO_1": "RP", "N": 28, "JURISDIC": "DPV", "REFER": null, "JERAREFER": null }, "geometry": { "type": "MultiLineString", "coordinates": [ [ [ -68.791637761283283, -32.848555633849443 ], [ -68.792234309143581, -32.848641050685551 ], [ -68.793972350000089, -32.848740740000224 ], [ -68.794470632784765, -32.848766553006548 ], [ -68.795015327583542, -32.848775398922882 ] ] ] } },
{ "type": "Feature", "properties": { "fid": 17, "TIPO": "PAVIMENTO", "NAME_1": "RP 28", "NAME_2": null, "TIPO_1": "RP", "N": 28, "JURISDIC": "DPV", "REFER": null, "JERAREFER": null }, "geometry": { "type": "MultiLineString", "coordinates": [ [ [ -68.774821010801247, -32.847414958778785 ], [ -68.775981240000064, -32.847442940000228 ] ] ] } },
{ "type": "Feature", "properties": { "fid": 18, "TIPO": "PAVIMENTO", "NAME_1": "RP 28", "NAME_2": null, "TIPO_1": "RP", "N": 28, "JURISDIC": "DPV", "REFER": null, "JERAREFER": null }, "geometry": { "type": "MultiLineString", "coordinates": [ [ [ -68.775981240000064, -32.847442940000228 ], [ -68.780304670000092, -32.847513730000244 ] ] ] } },
{ "type": "Feature", "properties": { "fid": 19, "TIPO": "PAVIMENTO", "NAME_1": "RP 28", "NAME_2": null, "TIPO_1": "RP", "N": 28, "JURISDIC": "DPV", "REFER": null, "JERAREFER": null }, "geometry": { "type": "MultiLineString", "coordinates": [ [ [ -68.780304670000092, -32.847513730000244 ], [ -68.783917030143755, -32.84761528116799 ], [ -68.784784586001962, -32.847642648264667 ] ] ] } },
{ "type": "Feature", "properties": { "fid": 20, "TIPO": "PAVIMENTO", "NAME_1": "RP 28", "NAME_2": null, "TIPO_1": "RP", "N": 28, "JURISDIC": "DPV", "REFER": null, "JERAREFER": null }, "geometry": { "type": "MultiLineString", "coordinates": [ [ [ -68.795015327583542, -32.848775398922882 ], [ -68.79535562000008, -32.848779080000256 ] ] ] } },
{ "type": "Feature", "properties": { "fid": 21, "TIPO": "PAVIMENTO", "NAME_1": "RP 28", "NAME_2": null, "TIPO_1": "RP", "N": 28, "JURISDIC": "DPV", "REFER": null, "JERAREFER": null }, "geometry": { "type": "MultiLineString", "coordinates": [ [ [ -68.798583211661295, -32.847886874120348 ], [ -68.79826929702098, -32.848054324886505 ], [ -68.797732769782201, -32.848304545176575 ], [ -68.797267456199435, -32.848466093508264 ], [ -68.796859867556066, -32.848579099983382 ], [ -68.796227136604031, -32.848708138491986 ], [ -68.795703107239532, -32.848762704023585 ], [ -68.79535562000008, -32.848779080000256 ] ] ] } },
{ "type": "Feature", "properties": { "fid": 22, "TIPO": "PAVIMENTO", "NAME_1": "RP 28", "NAME_2": null, "TIPO_1": "RP", "N": 28, "JURISDIC": "DPV", "REFER": null, "JERAREFER": null }, "geometry": { "type": "MultiLineString", "coordinates": [ [ [ -68.800183770000089, -32.846514600000219 ], [ -68.799967113915997, -32.846786349596016 ], [ -68.799651559642484, -32.847090089146178 ], [ -68.799330694587823, -32.847371198969299 ], [ -68.79906359380476, -32.847576615970638 ], [ -68.798583211661295, -32.847886874120348 ] ] ] } },
{ "type": "Feature", "properties": { "fid": 23, "TIPO": "PAVIMENTO", "NAME_1": "RP 28", "NAME_2": null, "TIPO_1": "RP", "N": 28, "JURISDIC": "DPV", "REFER": null, "JERAREFER": null }, "geometry": { "type": "MultiLineString", "coordinates": [ [ [ -68.784784586001962, -32.847642648264667 ], [ -68.784952895220101, -32.847648769428169 ], [ -68.785749151939129, -32.847707817212942 ], [ -68.787212, -32.847887000000263 ], [ -68.787812614548017, -32.84797811223612 ] ] ] } },
{ "type": "Feature", "properties": { "fid": 24, "TIPO": "PAVIMENTO", "NAME_1": "RP 28", "NAME_2": null, "TIPO_1": "RP", "N": 28, "JURISDIC": "DPV", "REFER": null, "JERAREFER": null }, "geometry": { "type": "MultiLineString", "coordinates": [ [ [ -68.787812614548017, -32.84797811223612 ], [ -68.788939710000065, -32.848146250000219 ] ] ] } },
{ "type": "Feature", "properties": { "fid": 25, "TIPO": "PAVIMENTO", "NAME_1": "RP 28", "NAME_2": null, "TIPO_1": "RP", "N": 28, "JURISDIC": "DPV", "REFER": null, "JERAREFER": null }, "geometry": { "type": "MultiLineString", "coordinates": [ [ [ -68.788939710000065, -32.848146250000219 ], [ -68.78926273000009, -32.848196380000239 ], [ -68.790271850000082, -32.848346860000227 ] ] ] } },
{ "type": "Feature", "properties": { "fid": 26, "TIPO": "PAVIMENTO", "NAME_1": "RP 28", "NAME_2": null, "TIPO_1": "RP", "N": 28, "JURISDIC": "DPV", "REFER": null, "JERAREFER": null }, "geometry": { "type": "MultiLineString", "coordinates": [ [ [ -68.790271850000082, -32.848346860000227 ], [ -68.790861840000076, -32.848433510000248 ] ] ] } },
{ "type": "Feature", "properties": { "fid": 27, "TIPO": "PAVIMENTO", "NAME_1": "RP 27", "NAME_2": "CARRIL COSTA DE ARAUJO", "TIPO_1": "RP", "N": 26, "JURISDIC": "DPV", "REFER": null, "JERAREFER": null }, "geometry": { "type": "MultiLineString", "coordinates": [ [ [ -68.614474167759766, -32.844826843662503 ], [ -68.615094784504691, -32.84506783612489 ], [ -68.617886644673263, -32.846095530045716 ], [ -68.620202844739907, -32.84695152504991 ], [ -68.620881033460208, -32.847207859475809 ], [ -68.624385900372445, -32.848525275656108 ], [ -68.627652462239993, -32.849740579004283 ], [ -68.636563446308202, -32.853060234147605 ] ] ] } },
{ "type": "Feature", "properties": { "fid": 28, "TIPO": "PAVIMENTO", "NAME_1": "RP 27", "NAME_2": "CARRIL COSTA DE ARAUJO", "TIPO_1": "RP", "N": 26, "JURISDIC": "DPV", "REFER": null, "JERAREFER": null }, "geometry": { "type": "MultiLineString", "coordinates": [ [ [ -68.636563446308202, -32.853060234147605 ], [ -68.63800628348757, -32.85360944256211 ], [ -68.645175257418686, -32.856322689317842 ], [ -68.648377582111195, -32.857536257172441 ], [ -68.649184100622278, -32.857859407649315 ], [ -68.649326594449363, -32.857945917136341 ], [ -68.649458807514321, -32.858052405577567 ], [ -68.649853810540634, -32.858483301989722 ] ] ] } },
{ "type": "Feature", "properties": { "fid": 29, "TIPO": "PAVIMENTO", "NAME_1": "RP 27", "NAME_2": "MONTENEGRO", "TIPO_1": "RP", "N": 26, "JURISDIC": "DPV", "REFER": null, "JERAREFER": null }, "geometry": { "type": "MultiLineString", "coordinates": [ [ [ -68.614474167759766, -32.844826843662503 ], [ -68.614100803753956, -32.844579519389988 ], [ -68.613344946893136, -32.843977454960097 ], [ -68.611387025512244, -32.842384938696341 ], [ -68.608379245604297, -32.841106705241728 ], [ -68.608187061498867, -32.841009863015337 ], [ -68.608027922332383, -32.840903246659444 ] ] ] } },
{ "type": "Feature", "properties": { "fid": 30, "TIPO": null, "NAME_1": null, "NAME_2": null, "TIPO_1": null, "N": null, "JURISDIC": "DPV", "REFER": null, "JERAREFER": null }, "geometry": { "type": "MultiLineString", "coordinates": [ [ [ -68.797643925257304, -32.931421155716919 ], [ -68.797743684542297, -32.931502278651983 ], [ -68.797864272688969, -32.931588882866428 ], [ -68.797997330000086, -32.931690570000235 ], [ -68.798230046256435, -32.931780293543667 ], [ -68.798555233993724, -32.931817614900446 ], [ -68.798904335888182, -32.931804796475816 ], [ -68.799213670000086, -32.931793160000218 ] ] ] } },
{ "type": "Feature", "properties": { "fid": 31, "TIPO": "PAVIMENTO", "NAME_1": "RP 1", "NAME_2": null, "TIPO_1": "RP", "N": 1, "JURISDIC": "DPV", "REFER": null, "JERAREFER": null }, "geometry": { "type": "MultiLineString", "coordinates": [ [ [ -68.831077948151488, -32.893537841305474 ], [ -68.830905835978498, -32.893330648944328 ], [ -68.830781959064169, -32.893125649094948 ], [ -68.830579151726539, -32.89272304912339 ], [ -68.830213002262951, -32.891448651664028 ], [ -68.829497147173925, -32.888872998476245 ], [ -68.828962174304962, -32.887525974064914 ], [ -68.828026793976136, -32.885137506568483 ], [ -68.827518131248283, -32.882758083183063 ], [ -68.827373425472246, -32.881681833973808 ], [ -68.827039067429126, -32.880355912488135 ], [ -68.826757329668212, -32.879197444087993 ], [ -68.826260725755006, -32.877247478943168 ], [ -68.826198239169926, -32.877070981746655 ], [ -68.826135204456861, -32.876957245199186 ], [ -68.82607216974381, -32.876871189112705 ], [ -68.82594500406185, -32.876730320232248 ], [ -68.825811260844631, -32.876625353731832 ], [ -68.825668199452409, -32.876532720110035 ], [ -68.825387009819451, -32.876395139997214 ], [ -68.821986424082723, -32.874850789527621 ], [ -68.819235918082313, -32.873597769057909 ], [ -68.818879634921586, -32.873345630205741 ], [ -68.818719581563258, -32.873187769359163 ], [ -68.818601185928301, -32.873043063583133 ], [ -68.818478953397815, -32.872873692049829 ], [ -68.818414822428878, -32.872794350530569 ], [ -68.818351787715841, -32.872724738282265 ], [ -68.818271761036655, -32.872647178178809 ], [ -68.818171453623719, -32.872575921546677 ], [ -68.81806127990788, -32.872507405554245 ], [ -68.817932469842106, -32.872443000521336 ], [ -68.817735864506815, -32.872379792323038 ] ] ] } },
{ "type": "Feature", "properties": { "fid": 32, "TIPO": null, "NAME_1": null, "NAME_2": null, "TIPO_1": null, "N": null, "JURISDIC": "DNV", "REFER": null, "JERAREFER": null }, "geometry": { "type": "MultiLineString", "coordinates": [ [ [ -68.802338750000089, -32.821126460000244 ], [ -68.802304159144484, -32.821117061852256 ], [ -68.802253113747383, -32.821105024280989 ], [ -68.802211058435176, -32.821103195789149 ], [ -68.802167174631123, -32.821106852772822 ], [ -68.802118414848835, -32.821116604729276 ], [ -68.802079407023001, -32.821134280150368 ], [ -68.802048322661804, -32.821153784063277 ], [ -68.80202394277066, -32.821179382948969 ], [ -68.802003372237522, -32.821211076807458 ], [ -68.801988134805555, -32.821239723179566 ], [ -68.801978992346378, -32.821273245529873 ], [ -68.801975944859961, -32.821317738831205 ], [ -68.801981430335474, -32.821358575148871 ], [ -68.802005962600944, -32.821429124458867 ] ] ] } },
{ "type": "Feature", "properties": { "fid": 33, "TIPO": null, "NAME_1": null, "NAME_2": null, "TIPO_1": null, "N": null, "JURISDIC": "DNV", "REFER": null, "JERAREFER": null }, "geometry": { "type": "MultiLineString", "coordinates": [ [ [ -68.802753663387421, -32.821748501032836 ], [ -68.802661019801079, -32.821750329524647 ], [ -68.802609212532417, -32.821745453546434 ], [ -68.802537901350817, -32.821730216114481 ], [ -68.802443429272628, -32.821702788736935 ], [ -68.802310558865926, -32.821657685938334 ], [ -68.802205268211054, -32.821619135235466 ], [ -68.802138223510383, -32.821587746125623 ] ] ] } },
{ "type": "Feature", "properties": { "fid": 34, "TIPO": null, "NAME_1": null, "NAME_2": null, "TIPO_1": null, "N": null, "JURISDIC": "DNV", "REFER": null, "JERAREFER": null }, "geometry": { "type": "MultiLineString", "coordinates": [ [ [ -68.802475673043645, -32.847536478045832 ], [ -68.802558014761019, -32.847553701560983 ], [ -68.802650048850097, -32.847582957430362 ], [ -68.802776047154495, -32.847635141074939 ], [ -68.802858344545029, -32.847680019871966 ], [ -68.802921732262007, -32.847722837055777 ], [ -68.802984335771527, -32.8477677880363 ], [ -68.803042412723158, -32.847822794609471 ], [ -68.803105300000084, -32.847902930000231 ], [ -68.803137537530617, -32.847985394828271 ], [ -68.803149528311337, -32.848038704129607 ], [ -68.803151969858973, -32.848074669359832 ], [ -68.803147093880739, -32.84810819171016 ], [ -68.803138560918839, -32.84813379059586 ], [ -68.803122104492331, -32.848158779984274 ], [ -68.803101381584852, -32.848180721886322 ], [ -68.803062983256297, -32.848206930269285 ], [ -68.803023975430477, -32.848224605690362 ], [ -68.802973387156371, -32.848236186138671 ], [ -68.802913656423073, -32.848236795635941 ], [ -68.802833812279559, -32.848231310160429 ] ] ] } },
{ "type": "Feature", "properties": { "fid": 35, "TIPO": null, "NAME_1": null, "NAME_2": null, "TIPO_1": null, "N": null, "JURISDIC": "DNV", "REFER": null, "JERAREFER": null }, "geometry": { "type": "MultiLineString", "coordinates": [ [ [ -68.804084362708551, -32.838637473560787 ], [ -68.80408061234445, -32.838637495318892 ], [ -68.804076863001356, -32.838637572328771 ], [ -68.804073115821353, -32.838637704566949 ], [ -68.804069371945872, -32.838637891993166 ], [ -68.80406563251529, -32.838638134550351 ], [ -68.804061898668692, -32.838638432164572 ], [ -68.804058171543446, -32.838638784745186 ], [ -68.804054452274812, -32.838639192184822 ], [ -68.804050741995795, -32.838639654359383 ], [ -68.804047041836512, -32.83864017112802 ], [ -68.804043352924069, -32.838640742333375 ], [ -68.804039676382132, -32.838641367801408 ], [ -68.804036013330631, -32.838642047341651 ], [ -68.804032364885359, -32.838642780747072 ], [ -68.804028732157633, -32.838643567794293 ], [ -68.804025116254053, -32.838644408243567 ], [ -68.804021518276002, -32.838645301838881 ], [ -68.804017939319479, -32.838646248308045 ], [ -68.804014380474698, -32.838647247362751 ], [ -68.804010842825647, -32.838648298698665 ], [ -68.804007327449952, -32.838649401995575 ], [ -68.804003835418413, -32.838650556917386 ], [ -68.804000367794785, -32.838651763112303 ], [ -68.803996925635246, -32.838653020212895 ], [ -68.803993509988388, -32.838654327836281 ], [ -68.803990121894614, -32.838655685584108 ], [ -68.803986762385932, -32.838657093042798 ], [ -68.803983432485722, -32.838658549783659 ], [ -68.803980133208285, -32.838660055362922 ], [ -68.803976865558639, -32.838661609321996 ], [ -68.80397363053207, -32.838663211187516 ], [ -68.803970429114045, -32.838664860471582 ], [ -68.803967262279741, -32.838666556671726 ], [ -68.803964130993805, -32.838668299271369 ], [ -68.80396103621004, -32.838670087739644 ], [ -68.803957978871125, -32.838671921531748 ], [ -68.803954959908381, -32.838673800089175 ], [ -68.803951980241422, -32.838675722839589 ], [ -68.803949040777866, -32.838677689197418 ], [ -68.803946142413096, -32.838679698563617 ], [ -68.803943286029991, -32.838681750326124 ], [ -68.80394047249861, -32.838683843860025 ], [ -68.803937702676009, -32.838685978527508 ], [ -68.803934977405888, -32.838688153678433 ], [ -68.803932297518401, -32.838690368650134 ], [ -68.803929663829848, -32.838692622768008 ], [ -68.80392707714249, -32.83869491534535 ], [ -68.803924538244274, -32.838697245683882 ], [ -68.803922047908529, -32.838699613073715 ], [ -68.803919606893871, -32.838702016793739 ], [ -68.803917215943855, -32.838704456111806 ], [ -68.803914875786774, -32.838706930284808 ], [ -68.803912587135457, -32.838709438559128 ], [ -68.80391035068709, -32.838711980170736 ], [ -68.803908167122884, -32.838714554345387 ], [ -68.803906037107978, -32.838717160299019 ], [ -68.803903961291212, -32.838719797237829 ], [ -68.803901940304925, -32.83872246435854 ], [ -68.80389997476469, -32.838725160848753 ], [ -68.803898065269209, -32.838727885887096 ], [ -68.803896212400204, -32.838730638643497 ], [ -68.803894416722059, -32.838733418279439 ], [ -68.80389267878175, -32.838736223948231 ], [ -68.80389099910866, -32.838739054795212 ], [ -68.80388937821445, -32.838741909958117 ], [ -68.803887816592876, -32.838744788567183 ], [ -68.80388631471962, -32.838747689745638 ], [ -68.803884873052183, -32.83875061260968 ], [ -68.803883492029669, -32.838753556269062 ], [ -68.803882172072818, -32.838756519827029 ], [ -68.80388091358364, -32.838759502380924 ], [ -68.803879716945559, -32.838762503022224 ], [ -68.803878582523069, -32.838765520836851 ], [ -68.803877510661707, -32.838768554905599 ], [ -68.803876501687967, -32.838771604304284 ], [ -68.803875555909229, -32.838774668103973 ], [ -68.803874673613592, -32.838777745371459 ], [ -68.803873855069838, -32.838780835169338 ], [ -68.803873100527255, -32.838783936556425 ], [ -68.803872410215703, -32.838787048588031 ], [ -68.803871784345503, -32.838790170316194 ], [ -68.803871223107279, -32.83879330079003 ], [ -68.803870726671988, -32.838796439055947 ], [ -68.803870295190876, -32.838799584157954 ], [ -68.803869928795365, -32.838802735138124 ], [ -68.803869627597095, -32.838805891036543 ], [ -68.803869391687812, -32.838809050891946 ], [ -68.803869221139351, -32.838812213741853 ], [ -68.803869116003725, -32.838815378622705 ], [ -68.803869076312921, -32.838818544570543 ], [ -68.803869102079062, -32.838821710620955 ], [ -68.803869193294275, -32.838824875809571 ], [ -68.803869349930835, -32.838828039172199 ], [ -68.803869571940965, -32.838831199745229 ], [ -68.803869859257119, -32.838834356565997 ], [ -68.803870211791718, -32.838837508672853 ], [ -68.803870629437426, -32.838840655105642 ], [ -68.803871112067057, -32.83884379490592 ], [ -68.803871659533542, -32.838846927117281 ], [ -68.80387227167013, -32.838850050785631 ], [ -68.803872948290405, -32.838853164959467 ], [ -68.803873689188251, -32.838856268690165 ], [ -68.803874494137972, -32.838859361032299 ], [ -68.803875362894388, -32.838862441043943 ], [ -68.803876295192921, -32.838865507786849 ], [ -68.803877290749497, -32.838868560326915 ], [ -68.803878349260941, -32.83887159773424 ], [ -68.803879470404809, -32.838874619083633 ], [ -68.80388065383957, -32.838877623454728 ], [ -68.803881899204782, -32.838880609932438 ], [ -68.803883206121057, -32.838883577606957 ], [ -68.803884574190334, -32.838886525574388 ], [ -68.80388600299591, -32.838889452936684 ], [ -68.803887492102504, -32.838892358802177 ], [ -68.803889041056564, -32.838895242285687 ], [ -68.803890649386233, -32.838898102508878 ], [ -68.803892316601647, -32.83890093860051 ], [ -68.803894042194955, -32.838903749696676 ], [ -68.803895825640495, -32.838906534941103 ], [ -68.803897666395031, -32.838909293485329 ], [ -68.803899563897886, -32.838912024489119 ], [ -68.80390151757102, -32.838914727120532 ], [ -68.803903526819354, -32.838917400556397 ], [ -68.803905591030841, -32.838920043982256 ], [ -68.803907709576734, -32.838922656592956 ], [ -68.803909881811649, -32.838925237592662 ], [ -68.80391210707397, -32.838927786195178 ], [ -68.803914384685811, -32.838930301624167 ], [ -68.803916713953427, -32.838932783113364 ], [ -68.803919094167298, -32.838935229906923 ], [ -68.803921524602359, -32.838937641259541 ], [ -68.803924004518308, -32.838940016436645 ], [ -68.803926533159725, -32.838942354714767 ], [ -68.803929109756339, -32.83894465538161 ], [ -68.803931733523356, -32.838946917736415 ], [ -68.803934403661501, -32.838949141089984 ], [ -68.803937119357442, -32.838951324765084 ], [ -68.80393987978394, -32.838953468096555 ], [ -68.80394268410015, -32.838955570431516 ], [ -68.803945531451888, -32.838957631129539 ], [ -68.80394842097175, -32.838959649562959 ], [ -68.803951351779588, -32.838961625116923 ], [ -68.803954322982676, -32.838963557189636 ], [ -68.803957333675896, -32.838965445192557 ], [ -68.803960382942222, -32.838967288550634 ], [ -68.803963469852775, -32.838969086702313 ], [ -68.80396659346728, -32.838970839099872 ], [ -68.80396975283422, -32.838972545209494 ], [ -68.803972946991237, -32.838974204511544 ], [ -68.803976174965356, -32.838975816500479 ], [ -68.803979435773286, -32.838977380685357 ], [ -68.803982728421772, -32.838978896589651 ], [ -68.803986051907842, -32.838980363751631 ], [ -68.803989405219099, -32.838981781724364 ], [ -68.803992787334096, -32.838983150075954 ], [ -68.803996197222631, -32.838984468389548 ], [ -68.803999633845947, -32.838985736263574 ], [ -68.804003096157288, -32.838986953311846 ], [ -68.804006583101952, -32.838988119163623 ], [ -68.804010093617791, -32.838989233463778 ], [ -68.804013626635466, -32.838990295872875 ], [ -68.804017181078777, -32.8389913060673 ], [ -68.804020755864954, -32.83899226373935 ], [ -68.804024349905163, -32.838993168597263 ], [ -68.804027962104556, -32.838994020365455 ], [ -68.804031591362858, -32.838994818784457 ], [ -68.804035236574506, -32.838995563611036 ], [ -68.804038896629166, -32.838996254618323 ], [ -68.804042570411937, -32.838996891595848 ], [ -68.80404625680373, -32.838997474349561 ], [ -68.804049954681631, -32.838998002701956 ], [ -68.80405366291923, -32.83899847649208 ], [ -68.804057380386965, -32.838998895575664 ], [ -68.804061105952457, -32.838999259824945 ], [ -68.804064838480812, -32.838999569129058 ], [ -68.804068576835093, -32.838999823393756 ], [ -68.804072319876539, -32.839000022541562 ], [ -68.804076066465001, -32.839000166511838 ], [ -68.804079815459204, -32.839000255260764 ], [ -68.804083565717164, -32.839000288761262 ], [ -68.804087316096499, -32.839000267003136 ], [ -68.804091065454841, -32.839000189993008 ], [ -68.80409481265005, -32.839000057754355 ], [ -68.804098556540694, -32.838999870327441 ], [ -68.804102295986382, -32.83899962776934 ], [ -68.804106029847958, -32.838999330153989 ], [ -68.804109756988112, -32.838998977572025 ], [ -68.804113476271496, -32.838998570130798 ], [ -68.804117186565136, -32.838998107954502 ], [ -68.8041208867389, -32.838997591183862 ], [ -68.804124575665611, -32.838997019976311 ], [ -68.804128252221645, -32.838996394505855 ], [ -68.804131915287016, -32.838995714963005 ], [ -68.804135563745959, -32.838994981554784 ], [ -68.804139196487057, -32.838994194504544 ], [ -68.804142812403796, -32.838993354052079 ], [ -68.804146410394694, -32.838992460453383 ], [ -68.804149989363779, -32.838991513980652 ], [ -68.804153548220867, -32.838990514922195 ], [ -68.804157085881826, -32.838989463582351 ], [ -68.804160601269118, -32.838988360281327 ], [ -68.804164093311883, -32.838987205355252 ], [ -68.804167560946411, -32.838985999155909 ], [ -68.804171003116409, -32.838984742050719 ], [ -68.804174418773385, -32.838983434422609 ], [ -68.804177806876879, -32.838982076669879 ], [ -68.804181166394827, -32.838980669206158 ], [ -68.804184496303876, -32.838979212460153 ], [ -68.804187795589712, -32.83897770687561 ], [ -68.804191063247359, -32.838976152911144 ], [ -68.804194298281416, -32.838974551040089 ], [ -68.804197499706476, -32.83897290175041 ], [ -68.804200666547331, -32.838971205544553 ], [ -68.804203797839349, -32.838969462939126 ], [ -68.804206892628713, -32.838967674464932 ], [ -68.804209949972687, -32.838965840666852 ], [ -68.804212968940007, -32.838963962103406 ], [ -68.804215948611045, -32.838962039346846 ], [ -68.804218888078154, -32.838960072982864 ], [ -68.804221786445964, -32.838958063610455 ], [ -68.804224642831599, -32.83895601184166 ], [ -68.804227456364927, -32.838953918301499 ], [ -68.804230226188992, -32.838951783627678 ], [ -68.804232951460051, -32.838949608470465 ], [ -68.804235631347908, -32.838947393492383 ], [ -68.804238265036346, -32.838945139368185 ], [ -68.804240851723023, -32.838942846784477 ], [ -68.804243390620044, -32.838940516439628 ], [ -68.804245880954042, -32.838938149043486 ], [ -68.80424832196644, -32.838935745317166 ], [ -68.804250712913657, -32.838933305992882 ], [ -68.804253053067441, -32.83893083181367 ], [ -68.804255341714921, -32.838928323533189 ], [ -68.804257578158953, -32.838925781915506 ], [ -68.804259761718313, -32.838923207734808 ], [ -68.804261891727847, -32.838920601775207 ], [ -68.804263967538759, -32.83891796483055 ], [ -68.80426598851875, -32.838915297704034 ], [ -68.804267954052179, -32.838912601208108 ], [ -68.804269863540327, -32.838909876164209 ], [ -68.804271716401587, -32.838907123402322 ], [ -68.804273512071546, -32.838904343761023 ], [ -68.804275250003215, -32.838901538086972 ], [ -68.804276929667211, -32.838898707234875 ], [ -68.804278550551913, -32.838895852067019 ], [ -68.804280112163582, -32.838892973453071 ], [ -68.804281614026522, -32.838890072269933 ], [ -68.804283055683285, -32.838887149401302 ], [ -68.804284436694701, -32.838884205737564 ], [ -68.804285756640141, -32.838881242175347 ], [ -68.804287015117495, -32.838878259617417 ], [ -68.804288211743497, -32.838875258972251 ], [ -68.804289346153581, -32.838872241153872 ], [ -68.804290418002211, -32.838869207081629 ], [ -68.804291426962934, -32.838866157679611 ], [ -68.804292372728369, -32.838863093876761 ], [ -68.804293255010478, -32.838860016606326 ], [ -68.804294073540476, -32.838856926805725 ], [ -68.804294828069061, -32.838853825416059 ], [ -68.804295518366402, -32.838850713382108 ], [ -68.804296144222235, -32.838847591651792 ], [ -68.804296705445907, -32.838844461176038 ], [ -68.80429720186649, -32.838841322908387 ], [ -68.804297633332766, -32.838838177804838 ], [ -68.804297999713327, -32.838835026823403 ], [ -68.804298300896534, -32.838831870923897 ], [ -68.804298536790725, -32.838828711067627 ], [ -68.80429870732398, -32.83882554821713 ], [ -68.804298812444372, -32.838822383335845 ], [ -68.804298852119956, -32.838819217387815 ], [ -68.804298826338538, -32.838816051337417 ], [ -68.804298735108077, -32.838812886149071 ], [ -68.80429857845634, -32.838809722786934 ], [ -68.804298356431033, -32.838806562214565 ], [ -68.804298069099801, -32.838803405394735 ], [ -68.804297716550195, -32.838800253289001 ], [ -68.80429729888958, -32.838797106857569 ], [ -68.804296816245198, -32.838793967058848 ], [ -68.804296268764105, -32.838790834849256 ], [ -68.80429565661305, -32.838787711182889 ], [ -68.804294979978494, -32.838784597011269 ], [ -68.804294239066536, -32.83878149328298 ], [ -68.804293434102945, -32.838778400943447 ], [ -68.804292565332872, -32.838775320934623 ], [ -68.804291633020966, -32.838772254194694 ], [ -68.804290637451217, -32.83876920165784 ], [ -68.804289578926912, -32.838766164253919 ], [ -68.804288457770483, -32.8387631429081 ], [ -68.804287274323457, -32.838760138540749 ], [ -68.804286028946336, -32.838757152066982 ], [ -68.804284722018437, -32.838754184396564 ], [ -68.804283353937919, -32.838751236433396 ], [ -68.804281925121487, -32.838748309075527 ], [ -68.80428043600439, -32.838745403214624 ], [ -68.80427888704024, -32.83874251973586 ], [ -68.804277278700866, -32.838739659517543 ], [ -68.804275611476157, -32.838736823430921 ], [ -68.804273885874011, -32.838734012339884 ], [ -68.804272102420057, -32.83873122710078 ], [ -68.80427026165755, -32.838728468561939 ], [ -68.804268364147191, -32.838725737563671 ], [ -68.804266410467022, -32.838723034937857 ], [ -68.804264401212123, -32.838720361507747 ], [ -68.804262336994569, -32.838717718087679 ], [ -68.80426021844309, -32.838715105482855 ], [ -68.804258046203074, -32.838712524489132 ], [ -68.804255820936177, -32.838709975892648 ], [ -68.804253543320272, -32.838707460469799 ], [ -68.804251214049103, -32.838704978986733 ], [ -68.804248833832233, -32.838702532199406 ], [ -68.804246403394657, -32.838700120853062 ], [ -68.804243923476719, -32.838697745682211 ], [ -68.804241394833852, -32.838695407410434 ], [ -68.804238818236286, -32.838693106749915 ], [ -68.804236194468899, -32.838690844401476 ], [ -68.804233524330897, -32.838688621054239 ], [ -68.804230808635623, -32.838686437385476 ], [ -68.804228048210334, -32.838684294060307 ], [ -68.804225243895829, -32.838682191731692 ], [ -68.804222396546393, -32.838680131039958 ], [ -68.804219507029302, -32.83867811261279 ], [ -68.804216576224775, -32.838676137065022 ], [ -68.804213605025524, -32.838674204998462 ], [ -68.804210594336624, -32.838672317001603 ], [ -68.804207545075144, -32.838670473649564 ], [ -68.804204458169963, -32.838668675503854 ], [ -68.804201334561284, -32.838666923112164 ], [ -68.804198175200682, -32.838665217008327 ], [ -68.804194981050486, -32.838663557711982 ], [ -68.804191753083657, -32.838661945728624 ], [ -68.804188492283458, -32.838660381549239 ], [ -68.804185199643186, -32.838658865650295 ], [ -68.804181876165771, -32.838657398493595 ], [ -68.804178522863594, -32.838655980525942 ], [ -68.80417514075809, -32.838654612179354 ], [ -68.804171730879503, -32.838653293870621 ], [ -68.804168294266447, -32.838652026001292 ], [ -68.804164831965821, -32.838650808957553 ], [ -68.804161345032227, -32.838649643110159 ], [ -68.804157834527814, -32.838648528814232 ], [ -68.804154301521947, -32.838647466409192 ], [ -68.804150747090745, -32.83864645621864 ], [ -68.804147172316959, -32.838645498550292 ], [ -68.804143578289498, -32.838644593695911 ], [ -68.804139966103108, -32.838643741931051 ], [ -68.804136336858122, -32.838642943515211 ], [ -68.804132691659973, -32.838642198691566 ], [ -68.804129031619098, -32.838641507687036 ], [ -68.80412535785031, -32.838640870712091 ], [ -68.804121671472714, -32.838640287960708 ], [ -68.804117973609195, -32.838639759610466 ], [ -68.804114265386133, -32.838639285822254 ], [ -68.804110547933107, -32.838638866740425 ], [ -68.804106822382494, -32.838638502492643 ], [ -68.804103089869059, -32.838638193189823 ], [ -68.804099351529842, -32.838637938926198 ], [ -68.804095608503502, -32.838637739779244 ], [ -68.804091861930246, -32.83863759580958 ], [ -68.804088112951263, -32.83863750706108 ], [ -68.804084362708551, -32.838637473560787 ] ] ] } },
{ "type": "Feature", "properties": { "fid": 36, "TIPO": null, "NAME_1": null, "NAME_2": null, "TIPO_1": null, "N": null, "JURISDIC": "DNV", "REFER": null, "JERAREFER": null }, "geometry": { "type": "MultiLineString", "coordinates": [ [ [ -68.802761563643884, -32.842267068508349 ], [ -68.802757776843322, -32.842267090436501 ], [ -68.802753991072862, -32.842267168150947 ], [ -68.802750207485659, -32.842267301627956 ], [ -68.80274642723424, -32.842267490826934 ], [ -68.802742651470069, -32.842267735690214 ], [ -68.80273888134333, -32.842268036143246 ], [ -68.80273511800236, -32.842268392094418 ], [ -68.802731362593562, -32.842268803435395 ], [ -68.802727616260839, -32.842269270040873 ], [ -68.802723880145365, -32.842269791768665 ], [ -68.802720155385174, -32.842270368459921 ], [ -68.802716443114846, -32.842270999938904 ], [ -68.802712744465211, -32.842271686013284 ], [ -68.802709060562876, -32.842272426474111 ], [ -68.802705392530015, -32.842273221095795 ], [ -68.802701741483872, -32.842274069636353 ], [ -68.80269810853666, -32.842274971837199 ], [ -68.802694494794977, -32.842275927423636 ], [ -68.802690901359597, -32.842276936104469 ], [ -68.802687329325096, -32.842277997572545 ], [ -68.802683779779599, -32.842279111504453 ], [ -68.802680253804226, -32.842280277560953 ], [ -68.802676752473118, -32.84228149538685 ], [ -68.802673276852758, -32.842282764611113 ], [ -68.802669828001854, -32.842284084847172 ], [ -68.802666406970971, -32.842285455692895 ], [ -68.80266301480215, -32.842286876730675 ], [ -68.802659652528718, -32.842288347527635 ], [ -68.802656321174823, -32.842289867635806 ], [ -68.802653021755248, -32.842291436592163 ], [ -68.802649755274984, -32.842293053918716 ], [ -68.802646522729077, -32.842294719122897 ], [ -68.802643325102139, -32.842296431697413 ], [ -68.802640163368238, -32.842298191120598 ], [ -68.802637038490431, -32.842299996856561 ], [ -68.802633951420631, -32.842301848355234 ], [ -68.802630903099114, -32.842303745052625 ], [ -68.802627894454517, -32.842305686370999 ], [ -68.802624926403226, -32.84230767171902 ], [ -68.802621999849364, -32.842309700491931 ], [ -68.802619115684394, -32.842311772071731 ], [ -68.802616274786828, -32.842313885827437 ], [ -68.802613478022081, -32.842316041115154 ], [ -68.802610726242051, -32.842318237278363 ], [ -68.802608020284936, -32.842320473648108 ], [ -68.802605360974994, -32.842322749543158 ], [ -68.802602749122329, -32.842325064270241 ], [ -68.802600185522465, -32.842327417124331 ], [ -68.802597670956388, -32.84232980738868 ], [ -68.802595206189977, -32.842332234335188 ], [ -68.802592791974035, -32.842334697224651 ], [ -68.802590429044002, -32.842337195306769 ], [ -68.802588118119644, -32.842339727820637 ], [ -68.802585859904838, -32.842342293994832 ], [ -68.802583655087545, -32.842344893047681 ], [ -68.802581504339315, -32.84234752418751 ], [ -68.802579408315282, -32.842350186612812 ], [ -68.802577367653967, -32.842352879512582 ], [ -68.802575382976926, -32.842355602066576 ], [ -68.802573454888758, -32.842358353445462 ], [ -68.802571583976743, -32.84236113281117 ], [ -68.80256977081082, -32.842363939317025 ], [ -68.802568015943265, -32.842366772108221 ], [ -68.802566319908649, -32.842369630321798 ], [ -68.802564683223608, -32.842372513087128 ], [ -68.802563106386728, -32.842375419526114 ], [ -68.802561589878266, -32.842378348753421 ], [ -68.802560134160203, -32.842381299876799 ], [ -68.802558739675959, -32.842384271997261 ], [ -68.802557406850354, -32.842387264209542 ], [ -68.802556136089322, -32.842390275602114 ], [ -68.802554927779994, -32.842393305257737 ], [ -68.80255378229046, -32.842396352253495 ], [ -68.802552699969596, -32.842399415661319 ], [ -68.802551681147108, -32.84240249454799 ], [ -68.802550726133376, -32.842405587975705 ], [ -68.802549835219281, -32.842408695002149 ], [ -68.802549008676266, -32.842411814680922 ], [ -68.802548246756018, -32.842414946061695 ], [ -68.802547549690715, -32.842418088190669 ], [ -68.802546917692652, -32.84242124011071 ], [ -68.802546350954358, -32.842424400861667 ], [ -68.802545849648482, -32.842427569480805 ], [ -68.802545413927746, -32.842430745002908 ], [ -68.802545043924823, -32.842433926460679 ], [ -68.802544739752491, -32.842437112885023 ], [ -68.802544501503377, -32.842440303305324 ], [ -68.802544329250054, -32.842443496749745 ], [ -68.802544223045061, -32.842446692245552 ], [ -68.802544182920684, -32.842449888819324 ], [ -68.802544208889188, -32.842453085497404 ], [ -68.802544300942657, -32.842456281306013 ], [ -68.802544459053067, -32.842459475271703 ], [ -68.802544683172258, -32.842462666421518 ], [ -68.802544973231946, -32.842465853783459 ], [ -68.80254532914384, -32.842469036386596 ], [ -68.802545750799453, -32.842472213261466 ], [ -68.80254623807042, -32.842475383440416 ], [ -68.802546790808321, -32.842478545957704 ], [ -68.802547408844731, -32.84248169985004 ], [ -68.802548091991468, -32.842484844156701 ], [ -68.802548840040373, -32.842487977919887 ], [ -68.802549652763659, -32.842491100185079 ], [ -68.802550529913731, -32.842494210001142 ], [ -68.802551471223424, -32.842497306420817 ], [ -68.802552476405992, -32.842500388500895 ], [ -68.802553545155277, -32.842503455302577 ], [ -68.802554677145707, -32.842506505891649 ], [ -68.802555872032499, -32.842509539338863 ], [ -68.802557129451657, -32.842512554720244 ], [ -68.802558449020196, -32.842515551117238 ], [ -68.802559830336136, -32.842518527617123 ], [ -68.802561272978764, -32.842521483313227 ], [ -68.802562776508594, -32.842524417305199 ], [ -68.802564340467654, -32.842527328699326 ], [ -68.802565964379582, -32.842530216608779 ], [ -68.802567647749683, -32.842533080153856 ], [ -68.802569390065202, -32.842535918462318 ], [ -68.802571190795433, -32.842538730669531 ], [ -68.802573049391867, -32.84254151591891 ], [ -68.802574965288315, -32.842544273362051 ], [ -68.802576937901208, -32.842547002158959 ], [ -68.802578966629667, -32.84254970147844 ], [ -68.80258105085575, -32.842552370498289 ], [ -68.802583189944556, -32.842555008405398 ], [ -68.802585383244534, -32.842557614396327 ], [ -68.802587630087544, -32.842560187677236 ], [ -68.802589929789178, -32.842562727464248 ], [ -68.802592281648955, -32.842565232983745 ], [ -68.802594684950463, -32.84256770347249 ], [ -68.802597138961644, -32.842570138177983 ], [ -68.802599642934993, -32.842572536358567 ], [ -68.802602196107728, -32.84257489728374 ], [ -68.802604797702188, -32.842577220234304 ], [ -68.802607446925862, -32.842579504502687 ], [ -68.802610142971787, -32.842581749393119 ], [ -68.802612885018732, -32.842583954221709 ], [ -68.802615672231411, -32.842586118316881 ], [ -68.802618503760826, -32.842588241019392 ], [ -68.802621378744476, -32.8425903216827 ], [ -68.802624296306604, -32.84259235967297 ], [ -68.802627255558491, -32.842594354369417 ], [ -68.802630255598743, -32.842596305164456 ], [ -68.802633295513473, -32.842598211463809 ], [ -68.802636374376704, -32.842600072686821 ], [ -68.802639491250588, -32.842601888266564 ], [ -68.802642645185728, -32.842603657649967 ], [ -68.802645835221341, -32.842605380298046 ], [ -68.802649060385733, -32.842607055686074 ], [ -68.80265231969652, -32.842608683303723 ], [ -68.802655612160834, -32.842610262655199 ], [ -68.802658936775757, -32.842611793259401 ], [ -68.802662292528566, -32.842613274650098 ], [ -68.802665678397133, -32.842614706376004 ], [ -68.802669093350005, -32.842616088001058 ], [ -68.802672536346975, -32.842617419104393 ], [ -68.802676006339297, -32.842618699280493 ], [ -68.802679502269939, -32.842619928139435 ], [ -68.802683023074025, -32.842621105306918 ], [ -68.802686567679075, -32.842622230424311 ], [ -68.802690135005335, -32.842623303148905 ], [ -68.802693723966172, -32.84262432315397 ], [ -68.802697333468345, -32.84262529012878 ], [ -68.802700962412402, -32.842626203778757 ], [ -68.802704609692839, -32.842627063825617 ], [ -68.80270827419875, -32.842627870007433 ], [ -68.802711954813816, -32.842628622078536 ], [ -68.802715650416943, -32.842629319809873 ], [ -68.802719359882332, -32.84262996298893 ], [ -68.802723082080064, -32.842630551419781 ], [ -68.802726815876341, -32.842631084923156 ], [ -68.802730560133782, -32.842631563336525 ], [ -68.802734313711838, -32.842631986514228 ], [ -68.802738075467175, -32.842632354327343 ], [ -68.802741844253845, -32.842632666663803 ], [ -68.802745618923908, -32.842632923428468 ], [ -68.802749398327464, -32.842633124543141 ], [ -68.802753181313349, -32.842633269946546 ], [ -68.802756966729191, -32.842633359594409 ], [ -68.802760753421907, -32.842633393459373 ], [ -68.80276454023803, -32.8426333715312 ], [ -68.802768326024037, -32.842633293816498 ], [ -68.80277210962673, -32.842633160339005 ], [ -68.80277588989361, -32.842632971139324 ], [ -68.802779665673157, -32.842632726275085 ], [ -68.802783435815201, -32.842632425820945 ], [ -68.802787199171348, -32.842632069868372 ], [ -68.80279095459521, -32.842631658525782 ], [ -68.802794700942826, -32.842631191918521 ], [ -68.802798437073051, -32.84263067018869 ], [ -68.802802161847808, -32.84263009349521 ], [ -68.802805874132503, -32.842629462013754 ], [ -68.802809572796278, -32.842628775936689 ], [ -68.80281325671254, -32.842628035473034 ], [ -68.802816924759085, -32.842627240848266 ], [ -68.8028205758186, -32.842626392304489 ], [ -68.802824208778929, -32.842625490100147 ], [ -68.802827822533445, -32.842624534510108 ], [ -68.802831415981302, -32.842623525825402 ], [ -68.802834988027968, -32.842622464353347 ], [ -68.80283853758533, -32.84262135041724 ], [ -68.802842063572143, -32.842620184356363 ], [ -68.80284556491435, -32.84261896652599 ], [ -68.802849040545411, -32.842617697297037 ], [ -68.802852489406604, -32.842616377056146 ], [ -68.802855910447377, -32.84261500620547 ], [ -68.802859302625663, -32.842613585162553 ], [ -68.802862664908119, -32.842612114360321 ], [ -68.802865996270583, -32.842610594246743 ], [ -68.802869295698315, -32.842609025284915 ], [ -68.802872562186209, -32.84260740795272 ], [ -68.802875794739307, -32.842605742742847 ], [ -68.802878992372925, -32.842604030162512 ], [ -68.802882154113036, -32.842602270733373 ], [ -68.802885278996527, -32.84260046499142 ], [ -68.8028883660715, -32.842598613486658 ], [ -68.802891414397664, -32.842596716783085 ], [ -68.802894423046453, -32.842594775458501 ], [ -68.802897391101354, -32.842592790104185 ], [ -68.802900317658299, -32.842590761324935 ], [ -68.802903201825856, -32.842588689738754 ], [ -68.802906042725411, -32.842586575976625 ], [ -68.802908839491636, -32.842584420682478 ], [ -68.802911591272633, -32.842582224512824 ], [ -68.80291429723016, -32.842579988136613 ], [ -68.802916956539946, -32.842577712235069 ], [ -68.802919568391914, -32.842575397501506 ], [ -68.802922131990542, -32.842573044640972 ], [ -68.802924646554885, -32.842570654370178 ], [ -68.802927111318979, -32.842568227417239 ], [ -68.802929525532065, -32.842565764521453 ], [ -68.802931888458716, -32.842563266433025 ], [ -68.802934199379195, -32.842560733912869 ], [ -68.802936457589539, -32.84255816773247 ], [ -68.802938662401914, -32.842555568673475 ], [ -68.802940813144716, -32.842552937527572 ], [ -68.802942909162766, -32.842550275096293 ], [ -68.802944949817629, -32.842547582190598 ], [ -68.802946934487707, -32.84254485963082 ], [ -68.802948862568456, -32.842542108246221 ], [ -68.802950733472557, -32.842539328874942 ], [ -68.802952546630152, -32.842536522363581 ], [ -68.802954301488867, -32.842533689567055 ], [ -68.802955997514218, -32.842530831348256 ], [ -68.802957634189553, -32.842527948577839 ], [ -68.802959211016358, -32.842525042133914 ], [ -68.802960727514318, -32.842522112901818 ], [ -68.802962183221453, -32.842519161773815 ], [ -68.802963577694413, -32.842516189648869 ], [ -68.802964910508351, -32.842513197432304 ], [ -68.802966181257389, -32.842510186035582 ], [ -68.802967389554354, -32.842507156376001 ], [ -68.802968535031241, -32.842504109376449 ], [ -68.802969617339116, -32.842501045965044 ], [ -68.802970636148345, -32.842497967074948 ], [ -68.802971591148534, -32.842494873644043 ], [ -68.802972482048801, -32.842491766614579 ], [ -68.802973308577805, -32.842488646933006 ], [ -68.802974070483771, -32.842485515549605 ], [ -68.802974767534607, -32.842482373418257 ], [ -68.802975399518004, -32.842479221496049 ], [ -68.802975966241448, -32.842476060743103 ], [ -68.802976467532332, -32.842472892122203 ], [ -68.802976903237976, -32.842469716598572 ], [ -68.802977273225636, -32.842466535139465 ], [ -68.80297757738262, -32.84246334871402 ], [ -68.802977815616302, -32.842460158292837 ], [ -68.802977987854135, -32.842456964847784 ], [ -68.802978094043624, -32.842453769351572 ], [ -68.80297813415244, -32.842450572777594 ], [ -68.802978108168375, -32.84244737609955 ], [ -68.802978016099388, -32.842444180291189 ], [ -68.802977857973488, -32.842440986326004 ], [ -68.802977633838822, -32.842437795176856 ], [ -68.802977343763743, -32.842434607815868 ], [ -68.802976987836601, -32.84243142521386 ], [ -68.802976566165768, -32.842428248340362 ], [ -68.802976078879738, -32.842425078163032 ], [ -68.802975526126929, -32.842421915647542 ], [ -68.802974908075754, -32.842418761757258 ], [ -68.802974224914493, -32.842415617452822 ], [ -68.802973476851193, -32.842412483692073 ], [ -68.802972664113753, -32.842409361429546 ], [ -68.802971786949783, -32.84240625161636 ], [ -68.802970845626405, -32.842403155199733 ], [ -68.802969840430436, -32.842400073122903 ], [ -68.802968771668034, -32.842397006324717 ], [ -68.802967639664786, -32.842393955739269 ], [ -68.802966444765502, -32.842390922295891 ], [ -68.802965187334195, -32.842387906918525 ], [ -68.802963867753817, -32.842384910525702 ], [ -68.802962486426409, -32.842381934030186 ], [ -68.802961043772697, -32.842378978338601 ], [ -68.802959540232166, -32.842376044351276 ], [ -68.802957976262789, -32.842373132961995 ], [ -68.802956352340985, -32.842370245057523 ], [ -68.802954668961434, -32.842367381517569 ], [ -68.802952926636891, -32.842364543214366 ], [ -68.80295112589809, -32.842361731012495 ], [ -68.802949267293542, -32.842358945768623 ], [ -68.80294735138942, -32.842356188331124 ], [ -68.802945378769351, -32.842353459539929 ], [ -68.802943350034198, -32.842350760226267 ], [ -68.80294126580192, -32.842348091212394 ], [ -68.802939126707415, -32.842345453311239 ], [ -68.802936933402279, -32.842342847326421 ], [ -68.802934686554593, -32.842340274051715 ], [ -68.802932386848795, -32.842337734270899 ], [ -68.802930034985394, -32.842335228757698 ], [ -68.802927631680802, -32.842332758275276 ], [ -68.802925177667049, -32.842330323576171 ], [ -68.802922673691683, -32.842327925401982 ], [ -68.80292012051747, -32.842325564483275 ], [ -68.802917518922058, -32.842323241539155 ], [ -68.802914869697986, -32.842320957277224 ], [ -68.802912173652231, -32.8423187123933 ], [ -68.802909431605954, -32.842316507571169 ], [ -68.802906644394511, -32.842314343482471 ], [ -68.802903812866845, -32.842312220786383 ], [ -68.802900937885511, -32.84231014012947 ], [ -68.802898020326225, -32.842308102145552 ], [ -68.802895061077692, -32.842306107455421 ], [ -68.802892061041362, -32.842304156666685 ], [ -68.802889021131051, -32.842302250373535 ], [ -68.802885942272766, -32.842300389156648 ], [ -68.802882825404325, -32.842298573583008 ], [ -68.802879671475168, -32.842296804205581 ], [ -68.802876481446006, -32.842295081563414 ], [ -68.802873256288535, -32.842293406181177 ], [ -68.802869996985223, -32.842291778569205 ], [ -68.802866704528796, -32.842290199223342 ], [ -68.802863379922229, -32.842288668624604 ], [ -68.80286002417823, -32.842287187239272 ], [ -68.802856638318929, -32.842285755518589 ], [ -68.802853223375735, -32.842284373898586 ], [ -68.802849780388868, -32.842283042800219 ], [ -68.802846310407062, -32.842281762628907 ], [ -68.802842814487335, -32.842280533774591 ], [ -68.802839293694518, -32.842279356611598 ], [ -68.802835749101149, -32.842278231498511 ], [ -68.802832181786911, -32.842277158778039 ], [ -68.802828592838395, -32.842276138776931 ], [ -68.802824983348899, -32.842275171805909 ], [ -68.802821354417816, -32.842274258159506 ], [ -68.802817707150624, -32.842273398116042 ], [ -68.802814042658255, -32.842272591937473 ], [ -68.802810362056988, -32.842271839869383 ], [ -68.802806666467944, -32.842271142140845 ], [ -68.802802957016794, -32.842270498964389 ], [ -68.802799234833529, -32.842269910535954 ], [ -68.802795501051946, -32.842269377034754 ], [ -68.802791756809313, -32.842268898623331 ], [ -68.802788003246263, -32.842268475447398 ], [ -68.80278424150606, -32.842268107635824 ], [ -68.802780472734611, -32.842267795300685 ], [ -68.802776698079938, -32.842267538537115 ], [ -68.802772918691758, -32.842267337423316 ], [ -68.802769135721363, -32.842267192020572 ], [ -68.802765350321039, -32.84226710237315 ], [ -68.802761563643884, -32.842267068508349 ] ] ] } },
{ "type": "Feature", "properties": { "fid": 37, "TIPO": null, "NAME_1": null, "NAME_2": null, "TIPO_1": null, "N": null, "JURISDIC": "DNV", "REFER": null, "JERAREFER": null }, "geometry": { "type": "MultiLineString", "coordinates": [ [ [ -68.802299405845091, -32.845437653300138 ], [ -68.802295600475446, -32.845437675320483 ], [ -68.802291796140622, -32.845437753398613 ], [ -68.802287993999471, -32.845437887510762 ], [ -68.802284195210177, -32.845438077616116 ], [ -68.802280400929845, -32.845438323656737 ], [ -68.80227661231423, -32.845438625557655 ], [ -68.802272830517424, -32.845438983226956 ], [ -68.802269056691358, -32.845439396555705 ], [ -68.802265291985563, -32.845439865417909 ], [ -68.80226153754684, -32.845440389670799 ], [ -68.802257794518766, -32.845440969154716 ], [ -68.802254064041549, -32.845441603693089 ], [ -68.802250347251473, -32.845442293092688 ], [ -68.802246645280732, -32.845443037143482 ], [ -68.802242959256986, -32.845443835618816 ], [ -68.802239290302978, -32.845444688275514 ], [ -68.802235639536377, -32.845445594853814 ], [ -68.80223200806914, -32.845446555077579 ], [ -68.802228397007525, -32.845447568654308 ], [ -68.802224807451438, -32.845448635275247 ], [ -68.802221240494319, -32.845449754615508 ], [ -68.802217697222687, -32.845450926334131 ], [ -68.802214178715815, -32.845452150074209 ], [ -68.802210686045541, -32.845453425462971 ], [ -68.802207220275676, -32.845454752111934 ], [ -68.802203782461987, -32.845456129616991 ], [ -68.802200373651644, -32.845457557558483 ], [ -68.802196994883005, -32.845459035501527 ], [ -68.802193647185234, -32.845460562995932 ], [ -68.802190331578132, -32.84546213957637 ], [ -68.802187049071591, -32.845463764762584 ], [ -68.802183800665532, -32.845465438059591 ], [ -68.80218058734944, -32.845467158957661 ], [ -68.802177410102118, -32.84546892693254 ], [ -68.802174269891395, -32.845470741445759 ], [ -68.802171167673791, -32.8454726019446 ], [ -68.802168104394269, -32.84547450786232 ], [ -68.802165080985958, -32.845476458618364 ], [ -68.802162098369777, -32.84547845361849 ], [ -68.802159157454255, -32.845480492255064 ], [ -68.802156259135288, -32.845482573907042 ], [ -68.802153404295652, -32.845484697940364 ], [ -68.80215059380501, -32.845486863708047 ], [ -68.802147828519423, -32.845489070550357 ], [ -68.802145109281284, -32.84549131779503 ], [ -68.802142436918828, -32.84549360475765 ], [ -68.802139812246125, -32.845495930741464 ], [ -68.802137236062663, -32.845498295038055 ], [ -68.802134709153179, -32.845500696927175 ], [ -68.802132232287406, -32.845503135677191 ], [ -68.802129806219796, -32.845505610545302 ], [ -68.802127431689371, -32.845508120777581 ], [ -68.802125109419435, -32.845510665609403 ], [ -68.802122840117349, -32.845513244265597 ], [ -68.802120624474412, -32.845515855960677 ], [ -68.802118463165513, -32.845518499899114 ], [ -68.802116356849027, -32.845521175275522 ], [ -68.80211430616653, -32.845523881274971 ], [ -68.80211231174269, -32.84552661707319 ], [ -68.802110374185048, -32.845529381836812 ], [ -68.802108494083782, -32.845532174723679 ], [ -68.80210667201159, -32.845534994883053 ], [ -68.802104908523532, -32.845537841455908 ], [ -68.802103204156765, -32.845540713575119 ], [ -68.802101559430483, -32.84554361036583 ], [ -68.80209997484566, -32.845546530945661 ], [ -68.802098450884998, -32.845549474424985 ], [ -68.802096988012693, -32.845552439907124 ], [ -68.802095586674369, -32.845555426488829 ], [ -68.802094247296907, -32.845558433260372 ], [ -68.802092970288271, -32.84556145930582 ], [ -68.80209175603747, -32.845564503703436 ], [ -68.802090604914397, -32.845567565525883 ], [ -68.802089517269664, -32.845570643840482 ], [ -68.802088493434638, -32.845573737709522 ], [ -68.802087533721135, -32.845576846190617 ], [ -68.802086638421557, -32.845579968336885 ], [ -68.802085807808581, -32.845583103197299 ], [ -68.802085042135246, -32.845586249816954 ], [ -68.802084341634824, -32.845589407237355 ], [ -68.802083706520619, -32.845592574496727 ], [ -68.802083136986184, -32.84559575063026 ], [ -68.802082633204947, -32.845598934670548 ], [ -68.802082195330399, -32.845602125647616 ], [ -68.802081823495911, -32.845605322589506 ], [ -68.802081517814813, -32.845608524522412 ], [ -68.802081278380157, -32.845611730470978 ], [ -68.802081105264904, -32.845614939458635 ], [ -68.802080998521802, -32.845618150507896 ], [ -68.802080958183382, -32.845621362640621 ], [ -68.80208098426192, -32.84562457487845 ], [ -68.802081076749488, -32.845627786242822 ], [ -68.802081235617933, -32.845630995755535 ], [ -68.802081460818854, -32.845634202438951 ], [ -68.802081752283641, -32.845637405316296 ], [ -68.80208210992356, -32.845640603411937 ], [ -68.802082533629658, -32.845643795751684 ], [ -68.802083023272857, -32.845646981363132 ], [ -68.802083578704057, -32.845650159275927 ], [ -68.80208419975402, -32.845653328522019 ], [ -68.802084886233601, -32.845656488136029 ], [ -68.802085637933757, -32.845659637155521 ], [ -68.802086454625424, -32.845662774621267 ], [ -68.802087336059884, -32.845665899577533 ], [ -68.802088281968622, -32.845669011072481 ], [ -68.80208929206357, -32.845672108158276 ], [ -68.802090366036992, -32.845675189891558 ], [ -68.802091503561769, -32.845678255333524 ], [ -68.802092704291411, -32.845681303550485 ], [ -68.802093967860188, -32.845684333613882 ], [ -68.80209529388317, -32.845687344600741 ], [ -68.802096681956456, -32.845690335593865 ], [ -68.80209813165726, -32.845693305682218 ], [ -68.802099642543951, -32.84569625396098 ], [ -68.802101214156338, -32.84569917953219 ], [ -68.802102846015671, -32.845702081504619 ], [ -68.802104537624885, -32.845704958994332 ], [ -68.802106288468721, -32.845707811124782 ], [ -68.802108098013832, -32.845710637027182 ], [ -68.802109965709036, -32.845713435840764 ], [ -68.802111890985415, -32.845716206712964 ], [ -68.802113873256488, -32.845718948799735 ], [ -68.802115911918492, -32.845721661265813 ], [ -68.802118006350383, -32.845724343284957 ], [ -68.802120155914224, -32.84572699404017 ], [ -68.802122359955192, -32.845729612724078 ], [ -68.802124617801951, -32.845732198538911 ], [ -68.802126928766739, -32.845734750697041 ], [ -68.80212929214558, -32.845737268421061 ], [ -68.802131707218621, -32.845739750944027 ], [ -68.802134173250181, -32.845742197509757 ], [ -68.802136689489103, -32.845744607372971 ], [ -68.802139255168882, -32.845746979799628 ], [ -68.802141869507992, -32.845749314067064 ], [ -68.802144531710113, -32.845751609464195 ], [ -68.802147240964302, -32.845753865291847 ], [ -68.802149996445294, -32.845756080862891 ], [ -68.80215279731371, -32.845758255502389 ], [ -68.8021556427164, -32.845760388547944 ], [ -68.802158531786645, -32.845762479349823 ], [ -68.802161463644381, -32.845764527271129 ], [ -68.802164437396556, -32.845766531688035 ], [ -68.802167452137311, -32.84576849199 ], [ -68.802170506948329, -32.845770407579863 ], [ -68.802173600899124, -32.845772277874133 ], [ -68.802176733047176, -32.845774102303103 ], [ -68.802179902438439, -32.845775880310995 ], [ -68.802183108107499, -32.845777611356255 ], [ -68.802186349077843, -32.845779294911566 ], [ -68.802189624362242, -32.845780930464102 ], [ -68.802192932963024, -32.845782517515616 ], [ -68.802196273872354, -32.845784055582762 ], [ -68.802199646072538, -32.845785544196964 ], [ -68.802203048536384, -32.845786982904748 ], [ -68.802206480227426, -32.845788371267922 ], [ -68.802209940100397, -32.845789708863556 ], [ -68.802213427101336, -32.845790995284226 ], [ -68.80221694016808, -32.845792230138031 ], [ -68.802220478230495, -32.845793413048838 ], [ -68.802224040210859, -32.845794543656318 ], [ -68.802227625024173, -32.845795621616091 ], [ -68.802231231578418, -32.845796646599766 ], [ -68.802234858775037, -32.845797618295158 ], [ -68.802238505509123, -32.845798536406257 ], [ -68.802242170669842, -32.845799400653384 ], [ -68.802245853140747, -32.845800210773298 ], [ -68.802249551800131, -32.845800966519228 ], [ -68.802253265521315, -32.845801667660986 ], [ -68.80225699317306, -32.84580231398494 ], [ -68.802260733619903, -32.845802905294263 ], [ -68.802264485722432, -32.845803441408769 ], [ -68.802268248337725, -32.845803922165267 ], [ -68.802272020319663, -32.845804347417193 ], [ -68.80227580051924, -32.845804717035051 ], [ -68.802279587784952, -32.845805030906305 ], [ -68.802283380963189, -32.845805288935274 ], [ -68.802287178898467, -32.8458054910434 ], [ -68.802290980433895, -32.845805637169086 ], [ -68.802294784411529, -32.845805727267866 ], [ -68.802298589672588, -32.845805761312242 ], [ -68.80230239505795, -32.845805739291897 ], [ -68.802306199408449, -32.845805661213504 ], [ -68.802310001565232, -32.845805527100843 ], [ -68.802313800370172, -32.845805336994793 ], [ -68.802317594666036, -32.845805090953242 ], [ -68.802321383297084, -32.845804789051165 ], [ -68.802325165109224, -32.845804431380479 ], [ -68.802328938950509, -32.845804018050153 ], [ -68.802332703671354, -32.845803549186087 ], [ -68.802336458124969, -32.845803024931143 ], [ -68.802340201167738, -32.845802445444967 ], [ -68.802343931659493, -32.845801810904085 ], [ -68.802347648463851, -32.845801121501829 ], [ -68.802351350448632, -32.845800377448143 ], [ -68.802355036486219, -32.845799578969689 ], [ -68.802358705453742, -32.845798726309724 ], [ -68.802362356233601, -32.845797819727935 ], [ -68.802365987713756, -32.84579685950051 ], [ -68.802369598788005, -32.845795845919909 ], [ -68.802373188356384, -32.845794779294913 ], [ -68.802376755325426, -32.845793659950409 ], [ -68.802380298608668, -32.84579248822741 ], [ -68.802383817126724, -32.84579126448277 ], [ -68.802387309807798, -32.845789989089276 ], [ -68.802390775588066, -32.845788662435439 ], [ -68.802394213411731, -32.845787284925372 ], [ -68.802397622231638, -32.845785856978665 ], [ -68.8024010010094, -32.845784379030349 ], [ -68.802404348715811, -32.845782851530508 ], [ -68.802407664331142, -32.845781274944514 ], [ -68.802410946845399, -32.845779649752622 ], [ -68.80241419525872, -32.845777976449838 ], [ -68.802417408581562, -32.845776255545886 ], [ -68.802420585835122, -32.845774487565023 ], [ -68.8024237260516, -32.84577267304573 ], [ -68.802426828274449, -32.845770812540749 ], [ -68.802429891558674, -32.845768906616755 ], [ -68.802432914971206, -32.845766955854465 ], [ -68.802435897591039, -32.84576496084798 ], [ -68.802438838509673, -32.845762922205012 ], [ -68.802441736831241, -32.845760840546596 ], [ -68.802444591672909, -32.845758716506801 ], [ -68.802447402165058, -32.845756550732609 ], [ -68.802450167451568, -32.845754343883769 ], [ -68.802452886690148, -32.845752096632545 ], [ -68.802455559052447, -32.845749809663438 ], [ -68.80245818372444, -32.845747483673058 ], [ -68.802460759906666, -32.845745119369958 ], [ -68.802463286814358, -32.845742717474344 ], [ -68.802465763677802, -32.845740278717841 ], [ -68.802468189742569, -32.845737803843321 ], [ -68.802470564269584, -32.845735293604648 ], [ -68.802472886535568, -32.845732748766473 ], [ -68.802475155833164, -32.845730170104019 ], [ -68.802477371471127, -32.845727558402722 ], [ -68.802479532774498, -32.845724914458167 ], [ -68.802481639084988, -32.84572223907572 ], [ -68.802483689760976, -32.84571953307028 ], [ -68.80248568417781, -32.845716797266228 ], [ -68.802487621727948, -32.845714032496822 ], [ -68.802489501821213, -32.84571123960432 ], [ -68.802491323884936, -32.845708419439418 ], [ -68.802493087364098, -32.845705572861178 ], [ -68.802494791721529, -32.845702700736688 ], [ -68.802496436438034, -32.845699803940839 ], [ -68.802498021012639, -32.84569688335602 ], [ -68.802499544962714, -32.845693939871886 ], [ -68.802501007823992, -32.845690974385057 ], [ -68.802502409150932, -32.84568798779879 ], [ -68.802503748516628, -32.845684981022934 ], [ -68.802505025513113, -32.845681954973287 ], [ -68.802506239751423, -32.845678910571678 ], [ -68.80250739086172, -32.845675848745422 ], [ -68.802508478493337, -32.8456727704272 ], [ -68.80250950231499, -32.845669676554721 ], [ -68.802510462014808, -32.845666568070399 ], [ -68.802511357300432, -32.845663445921076 ], [ -68.802512187899225, -32.845660311057806 ], [ -68.802512953558164, -32.845657164435536 ], [ -68.802513654043977, -32.845654007012712 ], [ -68.80251428914336, -32.84565083975113 ], [ -68.802514858662818, -32.845647663615601 ], [ -68.802515362428935, -32.845644479573551 ], [ -68.802515800288191, -32.845641288594926 ], [ -68.802516172107261, -32.845638091651715 ], [ -68.802516477772912, -32.845634889717687 ], [ -68.802516717191978, -32.845631683768254 ], [ -68.802516890291571, -32.84562847477995 ], [ -68.802516997018998, -32.84562526373027 ], [ -68.802517037341715, -32.845622051597296 ], [ -68.80251701124746, -32.845618839359531 ], [ -68.802516918744217, -32.845615627995421 ], [ -68.802516759860097, -32.845612418483228 ], [ -68.802516534643587, -32.845609211800465 ], [ -68.80251624316324, -32.845606008924051 ], [ -68.802515885507873, -32.845602810829625 ], [ -68.80251546178647, -32.845599618491221 ], [ -68.802514972128037, -32.845596432881379 ], [ -68.802514416681802, -32.845593254970439 ], [ -68.802513795616917, -32.845590085726393 ], [ -68.802513109122629, -32.845586926114628 ], [ -68.802512357407977, -32.845583777097644 ], [ -68.802511540702028, -32.845580639634569 ], [ -68.8025106592535, -32.845577514681182 ], [ -68.802509713330963, -32.845574403189339 ], [ -68.8025087032225, -32.845571306106841 ], [ -68.802507629235819, -32.845568224377054 ], [ -68.802506491698082, -32.845565158938754 ], [ -68.802505290955807, -32.845562110725659 ], [ -68.802504027374781, -32.845559080666327 ], [ -68.802502701339847, -32.845556069683688 ], [ -68.802501313254979, -32.845553078694934 ], [ -68.802499863542977, -32.845550108611164 ], [ -68.8024983526455, -32.845547160337112 ], [ -68.802496781022711, -32.845544234770792 ], [ -68.802495149153359, -32.845541332803364 ], [ -68.802493457534595, -32.845538455318824 ], [ -68.802491706681664, -32.845535603193703 ], [ -68.802489897127884, -32.845532777296711 ], [ -68.802488029424467, -32.845529978488692 ], [ -68.802486104140357, -32.845527207622162 ], [ -68.802484121862037, -32.845524465541196 ], [ -68.802482083193283, -32.845521753080988 ], [ -68.802479988755124, -32.845519071067848 ], [ -68.802477839185542, -32.845516420318667 ], [ -68.802475635139331, -32.845513801640941 ], [ -68.802473377287853, -32.845511215832339 ], [ -68.802471066318873, -32.845508663680512 ], [ -68.802468702936366, -32.845506145962851 ], [ -68.802466287860213, -32.845503663446245 ], [ -68.802463821826066, -32.84550121688698 ], [ -68.802461305585126, -32.845498807030232 ], [ -68.802458739903827, -32.845496434610055 ], [ -68.802456125563751, -32.84549410034915 ], [ -68.802453463361218, -32.845491804958556 ], [ -68.802450754107198, -32.845489549137447 ], [ -68.802447998626903, -32.845487333572954 ], [ -68.802445197759724, -32.845485158939965 ], [ -68.80244235235881, -32.84548302590089 ], [ -68.802439463290909, -32.845480935105513 ], [ -68.802436531436001, -32.845478887190623 ], [ -68.802433557687266, -32.84547688278009 ], [ -68.802430542950432, -32.845474922484478 ], [ -68.802427488143891, -32.845473006900875 ], [ -68.802424394198084, -32.845471136612808 ], [ -68.80242126205556, -32.845469312189977 ], [ -68.802418092670294, -32.845467534188124 ], [ -68.802414887007757, -32.845465803148819 ], [ -68.802411646044433, -32.84546411959937 ], [ -68.802408370767523, -32.845462484052597 ], [ -68.802405062174742, -32.845460897006717 ], [ -68.802401721273881, -32.845459358945128 ], [ -68.80239834908258, -32.845457870336311 ], [ -68.802394946628098, -32.845456431633792 ], [ -68.802391514946834, -32.845455043275742 ], [ -68.802388055084066, -32.845453705685109 ], [ -68.802384568093743, -32.845452419269279 ], [ -68.802381055038012, -32.845451184420142 ], [ -68.802377516986979, -32.845450001513861 ], [ -68.802373955018396, -32.845448870910744 ], [ -68.802370370217218, -32.845447792955156 ], [ -68.802366763675423, -32.845446767975474 ], [ -68.802363136491607, -32.845445796283904 ], [ -68.802359489770623, -32.84544487817643 ], [ -68.802355824623305, -32.845444013932735 ], [ -68.802352142166072, -32.845443203816032 ], [ -68.802348443520657, -32.845442448073165 ], [ -68.80234472981364, -32.845441746934263 ], [ -68.802341002176306, -32.845441100612945 ], [ -68.802337261744071, -32.845440509306037 ], [ -68.80233350965635, -32.845439973193706 ], [ -68.802329747056049, -32.84543949243924 ], [ -68.802325975089261, -32.845439067189076 ], [ -68.80232219490496, -32.845438697572732 ], [ -68.802318407654639, -32.845438383702849 ], [ -68.802314614491891, -32.845438125674974 ], [ -68.802310816572188, -32.845437923567729 ], [ -68.802307015052378, -32.84543777744269 ], [ -68.802303211090447, -32.845437687344344 ], [ -68.802299405845091, -32.845437653300138 ] ] ] } },
{ "type": "Feature", "properties": { "fid": 38, "TIPO": null, "NAME_1": null, "NAME_2": null, "TIPO_1": null, "N": null, "JURISDIC": "DNV", "REFER": null, "JERAREFER": null }, "geometry": { "type": "MultiLineString", "coordinates": [ [ [ -68.806796158451746, -32.83350642745593 ], [ -68.806792209038434, -32.833506450456724 ], [ -68.806788260702078, -32.833506531645192 ], [ -68.806784314645412, -32.833506670996513 ], [ -68.806780372070421, -32.833506868468305 ], [ -68.806776434178076, -32.83350712400037 ], [ -68.806772502167831, -32.833507437514896 ], [ -68.806768577237435, -32.83350780891638 ], [ -68.806764660582445, -32.833508238091667 ], [ -68.806760753395935, -32.833508724910068 ], [ -68.806756856868034, -32.833509269223271 ], [ -68.806752972185677, -32.83350987086547 ], [ -68.806749100532144, -32.833510529653424 ], [ -68.80674524308678, -32.833511245386411 ], [ -68.80674140102461, -32.833512017846466 ], [ -68.806737575515939, -32.833512846798286 ], [ -68.806733767726044, -32.833513731989328 ], [ -68.806729978814815, -32.833514673150013 ], [ -68.806726209936386, -32.833515669993595 ], [ -68.806722462238795, -32.833516722216473 ], [ -68.806718736863616, -32.833517829498078 ], [ -68.806715034945611, -32.833518991501172 ], [ -68.806711357612429, -32.833520207871807 ], [ -68.806707705984223, -32.83352147823944 ], [ -68.806704081173265, -32.833522802217111 ], [ -68.80670048428378, -32.833524179401522 ], [ -68.80669691641134, -32.833525609373183 ], [ -68.806693378642777, -32.833527091696482 ], [ -68.806689872055728, -32.833528625919961 ], [ -68.806686397718337, -32.833530211576232 ], [ -68.806682956688888, -32.833531848182275 ], [ -68.806679550015588, -32.833533535239596 ], [ -68.806676178736112, -32.8335352722343 ], [ -68.806672843877351, -32.833537058637297 ], [ -68.806669546455197, -32.833538893904425 ], [ -68.806666287474016, -32.833540777476628 ], [ -68.806663067926564, -32.833542708780151 ], [ -68.806659888793504, -32.833544687226734 ], [ -68.806656751043278, -32.833546712213746 ], [ -68.806653655631635, -32.8335487831243 ], [ -68.80665060350151, -32.833550899327598 ], [ -68.806647595582547, -32.833553060179064 ], [ -68.806644632791006, -32.833555265020443 ], [ -68.806641716029418, -32.833557513180139 ], [ -68.806638846186218, -32.83355980397333 ], [ -68.806636024135599, -32.833562136702213 ], [ -68.806633250737178, -32.833564510656267 ], [ -68.806630526835761, -32.833566925112329 ], [ -68.806627853261091, -32.833569379334932 ], [ -68.806625230827564, -32.833571872576528 ], [ -68.806622660333971, -32.833574404077638 ], [ -68.806620142563347, -32.833576973067167 ], [ -68.806617678282592, -32.833579578762517 ], [ -68.806615268242396, -32.83358222037004 ], [ -68.806612913176849, -32.833584897085018 ], [ -68.806610613803329, -32.833587608092152 ], [ -68.806608370822289, -32.833590352565636 ], [ -68.806606184916902, -32.83359312966946 ], [ -68.806604056753073, -32.833595938557714 ], [ -68.806601986979047, -32.833598778374764 ], [ -68.806599976225272, -32.833601648255602 ], [ -68.806598025104293, -32.833604547326026 ], [ -68.806596134210437, -32.833607474702966 ], [ -68.806594304119656, -32.833610429494705 ], [ -68.806592535389456, -32.833613410801156 ], [ -68.806590828558583, -32.833616417714254 ], [ -68.806589184146986, -32.833619449318022 ], [ -68.806587602655583, -32.833622504688989 ], [ -68.806586084566092, -32.833625582896538 ], [ -68.806584630340922, -32.833628683002942 ], [ -68.806583240423095, -32.833631804063906 ], [ -68.806581915235981, -32.83363494512875 ], [ -68.806580655183254, -32.833638105240624 ], [ -68.806579460648734, -32.833641283437004 ], [ -68.806578331996292, -32.833644478749719 ], [ -68.806577269569743, -32.833647690205453 ], [ -68.806576273692741, -32.833650916826031 ], [ -68.806575344668616, -32.83365415762848 ], [ -68.806574482780363, -32.833657411625751 ], [ -68.806573688290527, -32.833660677826558 ], [ -68.806572961441177, -32.833663955236013 ], [ -68.80657230245366, -32.833667242855796 ], [ -68.806571711528719, -32.833670539684469 ], [ -68.806571188846405, -32.83367384471773 ], [ -68.806570734565909, -32.833677156948916 ], [ -68.806570348825616, -32.833680475369071 ], [ -68.806570031743064, -32.833683798967328 ], [ -68.806569783414844, -32.833687126731292 ], [ -68.806569603916557, -32.833690457647357 ], [ -68.806569493302945, -32.833693790700835 ], [ -68.806569451607672, -32.833697124876473 ], [ -68.806569478843457, -32.833700459158621 ], [ -68.80656957500203, -32.833703792531679 ], [ -68.806569740054087, -32.833707123980197 ], [ -68.806569973949365, -32.833710452489449 ], [ -68.80657027661664, -32.833713777045503 ], [ -68.806570647963667, -32.833717096635681 ], [ -68.806571087877415, -32.83372041024878 ], [ -68.806571596223833, -32.833723716875468 ], [ -68.806572172848121, -32.833727015508508 ], [ -68.806572817574619, -32.833730305143085 ], [ -68.806573530206933, -32.833733584777157 ], [ -68.806574310528035, -32.833736853411722 ], [ -68.806575158300191, -32.833740110051103 ], [ -68.806576073265219, -32.833743353703312 ], [ -68.806577055144359, -32.833746583380304 ], [ -68.806578103638572, -32.83374979809826 ], [ -68.806579218428482, -32.833752996877955 ], [ -68.806580399174521, -32.833756178745013 ], [ -68.806581645516971, -32.833759342730211 ], [ -68.806582957076273, -32.833762487869748 ], [ -68.806584333452875, -32.833765613205607 ], [ -68.806585774227543, -32.833768717785766 ], [ -68.806587278961388, -32.833771800664508 ], [ -68.806588847196053, -32.833774860902821 ], [ -68.80659047845387, -32.833777897568481 ], [ -68.806592172237956, -32.833780909736475 ], [ -68.806593928032342, -32.833783896489329 ], [ -68.806595745302204, -32.83378685691715 ], [ -68.806597623494014, -32.833789790118239 ], [ -68.806599562035629, -32.833792695199087 ], [ -68.806601560336574, -32.83379557127477 ], [ -68.806603617788141, -32.833798417469197 ], [ -68.806605733763632, -32.83380123291542 ], [ -68.806607907618499, -32.833804016755771 ], [ -68.80661013869053, -32.83380676814231 ], [ -68.806612426300191, -32.833809486236945 ], [ -68.806614769750595, -32.833812170211651 ], [ -68.806617168327932, -32.833814819248893 ], [ -68.806619621301564, -32.833817432541792 ], [ -68.806622127924328, -32.833820009294257 ], [ -68.806624687432631, -32.833822548721379 ], [ -68.806627299046852, -32.83382505004964 ], [ -68.806629961971467, -32.833827512517082 ], [ -68.806632675395335, -32.833829935373657 ], [ -68.806635438491881, -32.833832317881303 ], [ -68.806638250419496, -32.833834659314292 ], [ -68.806641110321607, -32.833836958959395 ], [ -68.806644017327059, -32.833839216116125 ], [ -68.806646970550332, -32.833841430096868 ], [ -68.806649969091893, -32.833843600227333 ], [ -68.806653012038311, -32.833845725846381 ], [ -68.80665609846271, -32.833847806306565 ], [ -68.80665922742493, -32.833849840974125 ], [ -68.80666239797182, -32.833851829229303 ], [ -68.80666560913761, -32.833853770466433 ], [ -68.806668859944153, -32.83385566409423 ], [ -68.806672149401265, -32.833857509535846 ], [ -68.806675476506882, -32.83385930622913 ], [ -68.806678840247528, -32.833861053626826 ], [ -68.806682239598629, -32.833862751196627 ], [ -68.806685673524626, -32.833864398421433 ], [ -68.8066891409796, -32.83386599479946 ], [ -68.806692640907244, -32.833867539844512 ], [ -68.806696172241487, -32.833869033085854 ], [ -68.806699733906655, -32.833870474068682 ], [ -68.806703324817789, -32.833871862354044 ], [ -68.806706943881096, -32.833873197519075 ], [ -68.806710589994111, -32.833874479157025 ], [ -68.806714262046242, -32.833875706877542 ], [ -68.806717958918938, -32.833876880306583 ], [ -68.80672167948606, -32.833877999086766 ], [ -68.806725422614306, -32.833879062877315 ], [ -68.806729187163469, -32.833880071354095 ], [ -68.80673297198679, -32.833881024210015 ], [ -68.806736775931441, -32.833881921154742 ], [ -68.806740597838655, -32.833882761915092 ], [ -68.806744436544207, -32.833883546235 ], [ -68.806748290878829, -32.833884273875462 ], [ -68.806752159668434, -32.833884944614901 ], [ -68.806756041734545, -32.833885558248994 ], [ -68.806759935894632, -32.833886114590754 ], [ -68.806763840962489, -32.833886613470838 ], [ -68.806767755748609, -32.83388705473719 ], [ -68.806771679060475, -32.833887438255395 ], [ -68.806775609702996, -32.833887763908663 ], [ -68.806779546478907, -32.83388803159778 ], [ -68.806783488188941, -32.833888241241212 ], [ -68.806787433632451, -32.83388839277508 ], [ -68.80679138160761, -32.833888486153256 ], [ -68.806795330911825, -32.833888521347284 ], [ -68.806799280342091, -32.833888498346418 ], [ -68.80680322869533, -32.833888417157674 ], [ -68.806807174768849, -32.833888277805826 ], [ -68.806811117360638, -32.833888080333296 ], [ -68.806815055269752, -32.833887824800215 ], [ -68.806818987296609, -32.833887511284431 ], [ -68.806822912243504, -32.833887139881462 ], [ -68.806826828914879, -32.833886710704419 ], [ -68.80683073611759, -32.833886223884029 ], [ -68.80683463266152, -32.833885679568638 ], [ -68.806838517359751, -32.833885077924002 ], [ -68.806842389028901, -32.833884419133362 ], [ -68.806846246489627, -32.833883703397476 ], [ -68.806850088566947, -32.833882930934301 ], [ -68.806853914090482, -32.833882101979178 ], [ -68.806857721894929, -32.833881216784569 ], [ -68.806861510820411, -32.833880275620139 ], [ -68.806865279712767, -32.833879278772606 ], [ -68.806869027423986, -32.833878226545558 ], [ -68.806872752812396, -32.833877119259576 ], [ -68.806876454743261, -32.833875957251919 ], [ -68.806880132088892, -32.833874740876567 ], [ -68.806883783729177, -32.833873470504031 ], [ -68.806887408551745, -32.833872146521266 ], [ -68.806891005452442, -32.833870769331625 ], [ -68.806894573335626, -32.833869339354521 ], [ -68.806898111114464, -32.833867857025652 ], [ -68.806901617711318, -32.833866322796467 ], [ -68.806905092058045, -32.833864737134355 ], [ -68.806908533096319, -32.833863100522322 ], [ -68.806911939777947, -32.83386141345887 ], [ -68.806915311065254, -32.833859676457912 ], [ -68.806918645931262, -32.833857890048606 ], [ -68.806921943360166, -32.83385605477504 ], [ -68.806925202347529, -32.833854171196286 ], [ -68.806928421900608, -32.833852239886113 ], [ -68.806931601038727, -32.833850261432822 ], [ -68.806934738793473, -32.83384823643906 ], [ -68.806937834209052, -32.83384616552167 ], [ -68.806940886342574, -32.833844049311466 ], [ -68.806943894264293, -32.833841888453087 ], [ -68.806946857058023, -32.833839683604729 ], [ -68.806949773821245, -32.833837435438035 ], [ -68.806952643665454, -32.833835144637831 ], [ -68.806955465716513, -32.833832811901871 ], [ -68.806958239114778, -32.833830437940776 ], [ -68.806960963015413, -32.833828023477693 ], [ -68.806963636588748, -32.833825569248056 ], [ -68.806966259020356, -32.833823075999483 ], [ -68.806968829511447, -32.83382054449141 ], [ -68.806971347278974, -32.833817975494966 ], [ -68.806973811556048, -32.833815369792724 ], [ -68.806976221592009, -32.83381272817838 ], [ -68.806978576652725, -32.833810051456645 ], [ -68.806980876020887, -32.833807340442831 ], [ -68.806983118996001, -32.833804595962754 ], [ -68.806985304894894, -32.8338018188524 ], [ -68.806987433051702, -32.833799009957737 ], [ -68.806989502818183, -32.833796170134377 ], [ -68.806991513563858, -32.833793300247315 ], [ -68.806993464676239, -32.833790401170837 ], [ -68.806995355561014, -32.833787473787957 ], [ -68.806997185642189, -32.833784518990413 ], [ -68.806998954362328, -32.833781537678256 ], [ -68.807000661182641, -32.833778530759623 ], [ -68.807002305583254, -32.833775499150512 ], [ -68.807003887063217, -32.833772443774315 ], [ -68.80700540514087, -32.833769365561757 ], [ -68.807006859353734, -32.833766265450478 ], [ -68.807008249258885, -32.833763144384825 ], [ -68.807009574432954, -32.83376000331549 ], [ -68.807010834472251, -32.833756843199282 ], [ -68.807012028993, -32.833753664998802 ], [ -68.807013157631317, -32.833750469682201 ], [ -68.807014220043428, -32.833747258222736 ], [ -68.807015215905707, -32.833744031598691 ], [ -68.80701614491484, -32.833740790792923 ], [ -68.807017006787817, -32.833737536792654 ], [ -68.80701780126212, -32.833734270588984 ], [ -68.807018528095753, -32.833730993176935 ], [ -68.807019187067326, -32.833727705554786 ], [ -68.807019777976123, -32.83372440872396 ], [ -68.807020300642151, -32.833721103688788 ], [ -68.807020754906162, -32.833717791455939 ], [ -68.807021140629871, -32.833714473034391 ], [ -68.80702145769574, -32.83371114943494 ], [ -68.807021706007205, -32.833707821670004 ], [ -68.807021885488638, -32.833704490753234 ], [ -68.807021996085368, -32.833701157699295 ], [ -68.807022037763758, -32.83369782352348 ], [ -68.807022010511034, -32.833694489241346 ], [ -68.807021914335564, -32.833691155868571 ], [ -68.807021749266653, -32.833687824420544 ], [ -68.807021515354563, -32.833684495912102 ], [ -68.807021212670577, -32.83368117135705 ], [ -68.807020841306894, -32.83367785176813 ], [ -68.807020401376661, -32.833674538156529 ], [ -68.807019893013859, -32.833671231531561 ], [ -68.807019316373342, -32.833667932900504 ], [ -68.807018671630814, -32.833664643268115 ], [ -68.807017958982641, -32.833661363636487 ], [ -68.807017178645935, -32.833658095004608 ], [ -68.807016330858374, -32.833654838368119 ], [ -68.80701541587824, -32.833651594719029 ], [ -68.807014433984222, -32.833648365045377 ], [ -68.807013385475457, -32.833645150330966 ], [ -68.807012270671294, -32.833641951555009 ], [ -68.807011089911313, -32.833638769691923 ], [ -68.80700984355525, -32.833635605710889 ], [ -68.807008531982731, -32.833632460575714 ], [ -68.807007155593283, -32.833629335244403 ], [ -68.807005714806152, -32.833626230668976 ], [ -68.807004210060256, -32.833623147795137 ], [ -68.807002641813952, -32.833620087561911 ], [ -68.807001010544909, -32.83361705090153 ], [ -68.80699931675008, -32.833614038738915 ], [ -68.806997560945433, -32.833611051991674 ], [ -68.806995743665738, -32.833608091569538 ], [ -68.806993865464619, -32.833605158374333 ], [ -68.806991926914151, -32.83360225329946 ], [ -68.806989928604892, -32.833599377229902 ], [ -68.806987871145509, -32.833596531041692 ], [ -68.806985755162756, -32.833593715601815 ], [ -68.806983581301154, -32.833590931767873 ], [ -68.806981350222927, -32.833588180387892 ], [ -68.806979062607638, -32.833585462299908 ], [ -68.806976719152175, -32.833582778331866 ], [ -68.806974320570319, -32.833580129301389 ], [ -68.806971867592736, -32.83357751601536 ], [ -68.806969360966633, -32.833574939269795 ], [ -68.806966801455545, -32.833572399849615 ], [ -68.806964189839121, -32.833569898528317 ], [ -68.8069615269129, -32.833567436067867 ], [ -68.806958813488009, -32.833565013218326 ], [ -68.806956050391022, -32.833562630717687 ], [ -68.806953238463578, -32.833560289291768 ], [ -68.806950378562235, -32.83355798965372 ], [ -68.806947471558104, -32.833555732503996 ], [ -68.806944518336749, -32.833553518530209 ], [ -68.806941519797704, -32.833551348406736 ], [ -68.806938476854356, -32.833549222794616 ], [ -68.806935390433651, -32.833547142341303 ], [ -68.80693226147568, -32.833545107680578 ], [ -68.806929090933608, -32.83354311943215 ], [ -68.806925879773189, -32.833541178201692 ], [ -68.806922628972558, -32.833539284580496 ], [ -68.806919339521954, -32.833537439145388 ], [ -68.806916012423358, -32.833535642458521 ], [ -68.806912648690286, -32.83353389506717 ], [ -68.806909249347271, -32.833532197503573 ], [ -68.806905815429829, -32.833530550284848 ], [ -68.806902347983964, -32.833528953912747 ], [ -68.806898848065913, -32.833527408873529 ], [ -68.806895316741731, -32.833525915637878 ], [ -68.806891755087108, -32.833524474660557 ], [ -68.806888164186972, -32.833523086380531 ], [ -68.806884545135105, -32.833521751220722 ], [ -68.806880899033942, -32.833520469587796 ], [ -68.806877226994089, -32.833519241872175 ], [ -68.806873530134069, -32.833518068447773 ], [ -68.806869809580007, -32.833516949672109 ], [ -68.806866066465204, -32.833515885885895 ], [ -68.806862301929812, -32.833514877413194 ], [ -68.806858517120602, -32.833513924561203 ], [ -68.806854713190376, -32.833513027620178 ], [ -68.806850891297913, -32.833512186863295 ], [ -68.806847052607338, -32.833511402546684 ], [ -68.806843198287993, -32.833510674909256 ], [ -68.806839329513892, -32.833510004172666 ], [ -68.806835447463541, -32.833509390541195 ], [ -68.806831553319412, -32.833508834201758 ], [ -68.806827648267671, -32.833508335323842 ], [ -68.806823733497865, -32.833507894059416 ], [ -68.806819810202455, -32.833507510542866 ], [ -68.806815879576504, -32.833507184891033 ], [ -68.806811942817319, -32.833506917203103 ], [ -68.806808001124026, -32.833506707560609 ], [ -68.806804055697356, -32.833506556027444 ], [ -68.806800107739065, -32.83350646264973 ], [ -68.806796158451746, -32.83350642745593 ] ] ] } },
{ "type": "Feature", "properties": { "fid": 39, "TIPO": null, "NAME_1": null, "NAME_2": null, "TIPO_1": null, "N": null, "JURISDIC": "DNV", "REFER": null, "JERAREFER": null }, "geometry": { "type": "MultiLineString", "coordinates": [ [ [ -68.806728479188763, -32.855384205393236 ], [ -68.806724603961896, -32.855384227793252 ], [ -68.806720729779329, -32.855384306958378 ], [ -68.806716857808183, -32.855384442864803 ], [ -68.80671298921493, -32.855384635471545 ], [ -68.806709125164915, -32.855384884720578 ], [ -68.806705266822235, -32.855385190536865 ], [ -68.806701415349224, -32.855385552828217 ], [ -68.806697571906099, -32.855385971485561 ], [ -68.806693737650775, -32.855386446382731 ], [ -68.806689913738268, -32.855386977376668 ], [ -68.806686101320565, -32.855387564307414 ], [ -68.806682301546147, -32.855388206998164 ], [ -68.806678515559739, -32.855388905255275 ], [ -68.806674744501805, -32.855389658868454 ], [ -68.806670989508433, -32.855390467610619 ], [ -68.806667251710834, -32.855391331238174 ], [ -68.806663532234964, -32.855392249490912 ], [ -68.806659832201376, -32.855393222092218 ], [ -68.806656152724685, -32.855394248749121 ], [ -68.806652494913365, -32.855395329152323 ], [ -68.806648859869284, -32.855396462976351 ], [ -68.806645248687573, -32.85539764987962 ], [ -68.806641662456045, -32.855398889504606 ], [ -68.806638102255093, -32.855400181477854 ], [ -68.806634569157239, -32.85540152541018 ], [ -68.806631064226792, -32.855402920896651 ], [ -68.806627588519689, -32.855404367516947 ], [ -68.806624143082942, -32.855405864835248 ], [ -68.806620728954528, -32.855407412400481 ], [ -68.806617347162913, -32.855409009746431 ], [ -68.806613998726888, -32.855410656391946 ], [ -68.806610684655197, -32.855412351840897 ], [ -68.80660740594621, -32.85541409558256 ], [ -68.806604163587636, -32.855415887091631 ], [ -68.806600958556231, -32.855417725828453 ], [ -68.806597791817524, -32.855419611239029 ], [ -68.806594664325516, -32.855421542755451 ], [ -68.806591577022374, -32.855423519795735 ], [ -68.806588530838127, -32.855425541764433 ], [ -68.806585526690441, -32.855427608052317 ], [ -68.806582565484376, -32.855429718036994 ], [ -68.806579648111978, -32.855431871082764 ], [ -68.806576775452086, -32.855434066541051 ], [ -68.806573948370158, -32.855436303750459 ], [ -68.806571167717806, -32.855438582037038 ], [ -68.806568434332718, -32.855440900714406 ], [ -68.806565749038356, -32.855443259084105 ], [ -68.806563112643673, -32.855445656435677 ], [ -68.806560525942842, -32.855448092046885 ], [ -68.806557989715202, -32.855450565183993 ], [ -68.806555504724741, -32.855453075101991 ], [ -68.80655307172006, -32.85545562104474 ], [ -68.806550691434168, -32.855458202245259 ], [ -68.806548364584089, -32.855460817926009 ], [ -68.806546091870828, -32.855463467298925 ], [ -68.80654387397901, -32.855466149565977 ], [ -68.806541711576813, -32.855468863919057 ], [ -68.806539605315677, -32.855471609540459 ], [ -68.80653755583009, -32.85547438560311 ], [ -68.806535563737498, -32.85547719127068 ], [ -68.806533629638039, -32.855480025697943 ], [ -68.806531754114317, -32.855482888031069 ], [ -68.806529937731412, -32.855485777407708 ], [ -68.806528181036484, -32.855488692957493 ], [ -68.806526484558731, -32.855491633802032 ], [ -68.806524848809246, -32.855494599055497 ], [ -68.806523274280821, -32.855497587824487 ], [ -68.806521761447769, -32.855500599208696 ], [ -68.806520310765848, -32.855503632300909 ], [ -68.806518922672097, -32.855506686187418 ], [ -68.806517597584673, -32.855509759948212 ], [ -68.806516335902799, -32.855512852657341 ], [ -68.806515138006517, -32.855515963383098 ], [ -68.806514004256726, -32.855519091188377 ], [ -68.806512934995013, -32.855522235130884 ], [ -68.806511930543437, -32.855525394263552 ], [ -68.806510991204647, -32.855528567634636 ], [ -68.806510117261624, -32.855531754288187 ], [ -68.806509308977652, -32.855534953264197 ], [ -68.806508566596207, -32.855538163598986 ], [ -68.806507890340953, -32.855541384325392 ], [ -68.806507280415659, -32.855544614473182 ], [ -68.806506737004028, -32.855547853069268 ], [ -68.806506260269799, -32.855551099138019 ], [ -68.806505850356572, -32.855554351701556 ], [ -68.806505507387882, -32.85555760978 ], [ -68.806505231467, -32.855560872391877 ], [ -68.806505022677101, -32.855564138554307 ], [ -68.806504881081068, -32.85556740728331 ], [ -68.806504806721563, -32.855570677594244 ], [ -68.806504799621038, -32.855573948501856 ], [ -68.806504859781555, -32.85557721902078 ], [ -68.806504987185093, -32.855580488165813 ], [ -68.806505181793213, -32.855583754952079 ], [ -68.806505443547323, -32.855587018395418 ], [ -68.806505772368567, -32.855590277512768 ], [ -68.806506168157881, -32.855593531322256 ], [ -68.806506630796079, -32.855596778843726 ], [ -68.806507160143767, -32.855600019098759 ], [ -68.806507756041498, -32.855603251111312 ], [ -68.806508418309747, -32.855606473907642 ], [ -68.806509146749008, -32.855609686516935 ], [ -68.806509941139879, -32.855612887971347 ], [ -68.806510801243007, -32.855616077306458 ], [ -68.806511726799314, -32.855619253561422 ], [ -68.806512717529998, -32.855622415779422 ], [ -68.806513773136558, -32.85562556300782 ], [ -68.806514893301056, -32.855628694298488 ], [ -68.806516077685984, -32.855631808708161 ], [ -68.806517325934593, -32.855634905298537 ], [ -68.806518637670806, -32.855637983136781 ], [ -68.806520012499504, -32.855641041295719 ], [ -68.806521450006514, -32.855644078854027 ], [ -68.806522949758772, -32.855647094896653 ], [ -68.806524511304502, -32.855650088514992 ], [ -68.806526134173268, -32.855653058807206 ], [ -68.806527817876173, -32.85565600487849 ], [ -68.806529561906018, -32.855658925841318 ], [ -68.806531365737413, -32.85566182081574 ], [ -68.80653322882695, -32.855664688929657 ], [ -68.806535150613357, -32.855667529318978 ], [ -68.806537130517725, -32.855670341128068 ], [ -68.806539167943555, -32.855673123509888 ], [ -68.806541262277136, -32.855675875626169 ], [ -68.806543412887478, -32.855678596647856 ], [ -68.806545619126751, -32.85568128575521 ], [ -68.806547880330314, -32.855683942138171 ], [ -68.806550195816968, -32.855686564996432 ], [ -68.806552564889145, -32.855689153539899 ], [ -68.80655498683322, -32.85569170698875 ], [ -68.806557460919493, -32.855694224573696 ], [ -68.806559986402689, -32.855696705536381 ], [ -68.806562562522018, -32.855699149129329 ], [ -68.806565188501366, -32.855701554616495 ], [ -68.806567863549688, -32.855703921273118 ], [ -68.806570586861085, -32.855706248386269 ], [ -68.806573357615193, -32.855708535254898 ], [ -68.806576174977252, -32.855710781190091 ], [ -68.80657903809859, -32.85571298551519 ], [ -68.806581946116623, -32.855715147566208 ], [ -68.806584898155364, -32.855717266691755 ], [ -68.806587893325428, -32.855719342253494 ], [ -68.806590930724553, -32.855721373626103 ], [ -68.806594009437731, -32.855723360197651 ], [ -68.806597128537447, -32.855725301369624 ], [ -68.806600287084052, -32.855727196557297 ], [ -68.806603484126043, -32.855729045189719 ], [ -68.806606718700309, -32.855730846709967 ], [ -68.806609989832424, -32.855732600575337 ], [ -68.806613296536923, -32.855734306257453 ], [ -68.806616637817655, -32.855735963242473 ], [ -68.806620012668034, -32.855737571031227 ], [ -68.806623420071389, -32.85573912913938 ], [ -68.806626859001241, -32.855740637097497 ], [ -68.806630328421548, -32.855742094451358 ], [ -68.806633827287158, -32.855743500761861 ], [ -68.806637354544037, -32.855744855605423 ], [ -68.80664090912957, -32.855746158573837 ], [ -68.806644489972925, -32.855747409274592 ], [ -68.806648095995342, -32.855748607330916 ], [ -68.806651726110488, -32.855749752381854 ], [ -68.806655379224793, -32.8557508440825 ], [ -68.806659054237755, -32.855751882103952 ], [ -68.806662750042193, -32.855752866133514 ], [ -68.806666465524785, -32.855753795874691 ], [ -68.806670199566199, -32.855754671047478 ], [ -68.806673951041574, -32.855755491388152 ], [ -68.806677718820723, -32.85575625664962 ], [ -68.80668150176858, -32.855756966601341 ], [ -68.806685298745521, -32.85575762102944 ], [ -68.806689108607685, -32.855758219736742 ], [ -68.806692930207348, -32.855758762542891 ], [ -68.80669676239323, -32.855759249284375 ], [ -68.806700604010857, -32.855759679814561 ], [ -68.806704453902924, -32.855760054003767 ], [ -68.806708310909642, -32.855760371739208 ], [ -68.806712173869059, -32.855760632925232 ], [ -68.806716041617406, -32.855760837483103 ], [ -68.806719912989564, -32.855760985351225 ], [ -68.806723786819234, -32.855761076485074 ], [ -68.806727661939419, -32.855761110857152 ], [ -68.806731537182671, -32.855761088457086 ], [ -68.806735411381624, -32.855761009291697 ], [ -68.806739283369097, -32.855760873384789 ], [ -68.806743151978637, -32.855760680777301 ], [ -68.806747016044866, -32.855760431527294 ], [ -68.806750874403647, -32.855760125709786 ], [ -68.80675472589266, -32.855759763416962 ], [ -68.806758569351629, -32.855759344757985 ], [ -68.806762403622699, -32.855758869858917 ], [ -68.806766227550739, -32.855758338862849 ], [ -68.806770039983789, -32.855757751929758 ], [ -68.806773839773356, -32.855757109236428 ], [ -68.806777625774714, -32.855756410976518 ], [ -68.806781396847285, -32.855755657360355 ], [ -68.806785151855081, -32.855754848614964 ], [ -68.806788889666834, -32.855753984984013 ], [ -68.806792609156545, -32.855753066727644 ], [ -68.806796309203662, -32.855752094122487 ], [ -68.806799988693541, -32.855751067461611 ], [ -68.80680364651775, -32.855749987054189 ], [ -68.806807281574294, -32.855748853225762 ], [ -68.806810892768141, -32.855747666317917 ], [ -68.806814479011393, -32.855746426688185 ], [ -68.806818039223671, -32.855745134710077 ], [ -68.806821572332424, -32.855743790772685 ], [ -68.806825077273331, -32.855742395280977 ], [ -68.806828552990481, -32.855740948655288 ], [ -68.806831998436806, -32.855739451331509 ], [ -68.806835412574358, -32.85573790376062 ], [ -68.806838794374585, -32.855736306408865 ], [ -68.806842142818724, -32.855734659757502 ], [ -68.806845456898088, -32.855732964302533 ], [ -68.806848735614196, -32.855731220554702 ], [ -68.80685197797942, -32.855729429039393 ], [ -68.806855183016921, -32.855727590296318 ], [ -68.806858349761185, -32.855725704879312 ], [ -68.806861477258209, -32.855723773356445 ], [ -68.806864564565871, -32.855721796309581 ], [ -68.806867610754026, -32.85571977433429 ], [ -68.806870614905094, -32.855717708039727 ], [ -68.806873576113972, -32.855715598048334 ], [ -68.806876493488645, -32.855713444995821 ], [ -68.806879366150213, -32.855711249530785 ], [ -68.806882193233292, -32.855709012314563 ], [ -68.806884973886199, -32.855706734021162 ], [ -68.806887707271244, -32.855704415336966 ], [ -68.806890392565037, -32.855702056960467 ], [ -68.806893028958598, -32.855699659602088 ], [ -68.80689561565768, -32.855697223984116 ], [ -68.806898151883075, -32.855694750840222 ], [ -68.806900636870694, -32.855692240915538 ], [ -68.80690306987195, -32.855689694966124 ], [ -68.806905450153891, -32.855687113758954 ], [ -68.806907776999466, -32.855684498071646 ], [ -68.806910049707696, -32.855681848692228 ], [ -68.806912267593916, -32.855679166418774 ], [ -68.806914429990002, -32.855676452059349 ], [ -68.806916536244515, -32.855673706431674 ], [ -68.806918585722926, -32.855670930362912 ], [ -68.806920577807858, -32.855668124689302 ], [ -68.806922511899174, -32.855665290256084 ], [ -68.806924387414213, -32.855662427917174 ], [ -68.806926203788009, -32.855659538534844 ], [ -68.806927960473359, -32.855656622979545 ], [ -68.806929656941065, -32.855653682129542 ], [ -68.806931292680034, -32.855650716870869 ], [ -68.806932867197546, -32.855647728096763 ], [ -68.806934380019257, -32.855644716707609 ], [ -68.80693583068944, -32.855641683610607 ], [ -68.806937218771054, -32.855638629719515 ], [ -68.806938543845988, -32.855635555954315 ], [ -68.806939805515, -32.855632463240923 ], [ -68.806941003398066, -32.855629352511095 ], [ -68.806942137134286, -32.855626224701979 ], [ -68.806943206382172, -32.855623080755791 ], [ -68.80694421081958, -32.855619921619656 ], [ -68.806945150143946, -32.855616748245303 ], [ -68.806946024072275, -32.855613561588719 ], [ -68.806946832341353, -32.855610362609852 ], [ -68.806947574707607, -32.855607152272462 ], [ -68.806948250947499, -32.855603931543648 ], [ -68.806948860857247, -32.855600701393683 ], [ -68.806949404253146, -32.855597462795643 ], [ -68.806949880971516, -32.855594216725159 ], [ -68.806950290868741, -32.855590964160129 ], [ -68.806950633821344, -32.855587706080442 ], [ -68.806950909725998, -32.855584443467556 ], [ -68.806951118499626, -32.855581177304316 ], [ -68.806951260079302, -32.855577908574745 ], [ -68.806951334422422, -32.855574638263498 ], [ -68.806951341506604, -32.855571367355786 ], [ -68.806951281329674, -32.855568096837004 ], [ -68.806951153909793, -32.855564827692383 ], [ -68.806950959285373, -32.855561560906736 ], [ -68.806950697515006, -32.855558297464235 ], [ -68.80695036867759, -32.855555038347987 ], [ -68.806949972872204, -32.855551784539813 ], [ -68.806949510218075, -32.855548537019928 ], [ -68.8069489808546, -32.855545296766664 ], [ -68.806948384941236, -32.85554206475615 ], [ -68.806947722657554, -32.855538841962037 ], [ -68.806946994203017, -32.855535629355209 ], [ -68.806946199797139, -32.855532427903455 ], [ -68.806945339679189, -32.855529238571279 ], [ -68.806944414108344, -32.855526062319413 ], [ -68.806943423363364, -32.855522900104717 ], [ -68.80694236774282, -32.855519752879843 ], [ -68.806941247564652, -32.855516621592884 ], [ -68.806940063166337, -32.855513507187155 ], [ -68.806938814904711, -32.855510410600857 ], [ -68.806937503155794, -32.855507332766919 ], [ -68.806936128314788, -32.85550427461245 ], [ -68.806934690795856, -32.855501237058796 ], [ -68.806933191032059, -32.855498221021008 ], [ -68.80693162947523, -32.855495227407637 ], [ -68.806930006595778, -32.855492257120559 ], [ -68.806928322882627, -32.855489311054576 ], [ -68.806926578842948, -32.855486390097191 ], [ -68.806924775002201, -32.855483495128354 ], [ -68.806922911903811, -32.855480627020164 ], [ -68.806920990108992, -32.855477786636676 ], [ -68.806919010196751, -32.855474974833527 ], [ -68.806916972763503, -32.85547219245781 ], [ -68.806914878423086, -32.855469440347704 ], [ -68.806912727806349, -32.85546671933227 ], [ -68.80691052156125, -32.855464030231268 ], [ -68.806908260352401, -32.855461373854794 ], [ -68.806905944860986, -32.855458751003006 ], [ -68.806903575784588, -32.855456162466105 ], [ -68.806901153836876, -32.855453609023925 ], [ -68.806898679747491, -32.855451091445623 ], [ -68.806896154261736, -32.855448610489695 ], [ -68.80689357814046, -32.855446166903491 ], [ -68.806890952159691, -32.855443761423132 ], [ -68.806888277110545, -32.855441394773322 ], [ -68.80688555379885, -32.855439067667 ], [ -68.806882783045069, -32.855436780805157 ], [ -68.806879965683834, -32.855434534876785 ], [ -68.806877102563959, -32.855432330558465 ], [ -68.806874194547888, -32.855430168514232 ], [ -68.806871242511747, -32.855428049395385 ], [ -68.806868247344767, -32.855425973840383 ], [ -68.806865209949308, -32.855423942474424 ], [ -68.806862131240393, -32.855421955909463 ], [ -68.806859012145466, -32.855420014743991 ], [ -68.806855853604148, -32.855418119562771 ], [ -68.806852656567997, -32.855416270936772 ], [ -68.806849422000113, -32.855414469422811 ], [ -68.806846150874904, -32.855412715563638 ], [ -68.806842844177837, -32.855411009887604 ], [ -68.806839502905007, -32.855409352908573 ], [ -68.806836128063011, -32.855407745125689 ], [ -68.806832720668538, -32.855406187023284 ], [ -68.806829281748065, -32.855404679070766 ], [ -68.806825812337593, -32.855403221722376 ], [ -68.806822313482229, -32.855401815417203 ], [ -68.806818786236079, -32.855400460578842 ], [ -68.806815231661673, -32.855399157615444 ], [ -68.806811650829871, -32.855397906919549 ], [ -68.806808044819377, -32.855396708867922 ], [ -68.806804414716566, -32.855395563821496 ], [ -68.806800761614937, -32.855394472125198 ], [ -68.806797086615049, -32.855393434107881 ], [ -68.806793390823984, -32.855392450082299 ], [ -68.806789675355063, -32.855391520344867 ], [ -68.806785941327647, -32.855390645175653 ], [ -68.806782189866581, -32.855389824838348 ], [ -68.806778422101985, -32.855389059579998 ], [ -68.80677463916895, -32.855388349631241 ], [ -68.806770842207044, -32.855387695205877 ], [ -68.806767032360142, -32.85538709650109 ], [ -68.806763210775927, -32.855386553697244 ], [ -68.806759378605705, -32.855386066957784 ], [ -68.806755537003866, -32.855385636429446 ], [ -68.806751687127729, -32.85538526224186 ], [ -68.806747830137098, -32.85538494450779 ], [ -68.806743967193853, -32.855384683322939 ], [ -68.806740099461734, -32.855384478765949 ], [ -68.806736228105891, -32.855384330898502 ], [ -68.806732354292592, -32.855384239765115 ], [ -68.806728479188763, -32.855384205393236 ] ] ] } },
{ "type": "Feature", "properties": { "fid": 40, "TIPO": null, "NAME_1": null, "NAME_2": null, "TIPO_1": null, "N": null, "JURISDIC": "DNV", "REFER": null, "JERAREFER": null }, "geometry": { "type": "MultiLineString", "coordinates": [ [ [ -68.809066144604657, -32.861618846659404 ], [ -68.809062260004552, -32.861618869183424 ], [ -68.809058376452725, -32.861618948605823 ], [ -68.809054495119156, -32.861619084902692 ], [ -68.809050617173099, -32.861619278032911 ], [ -68.809046743782758, -32.861619527938387 ], [ -68.809042876115015, -32.861619834543774 ], [ -68.809039015335017, -32.861620197756736 ], [ -68.809035162605809, -32.861620617467835 ], [ -68.809031319088035, -32.861621093550639 ], [ -68.809027485939595, -32.861621625861737 ], [ -68.809023664315177, -32.861622214240754 ], [ -68.809019855366117, -32.861622858510472 ], [ -68.809016060239784, -32.861623558476737 ], [ -68.809012280079514, -32.861624313928772 ], [ -68.809008516024079, -32.86162512463892 ], [ -68.809004769207405, -32.861625990362988 ], [ -68.809001040758261, -32.86162691084018 ], [ -68.808997331799787, -32.861627885793183 ], [ -68.808993643449341, -32.861628914928325 ], [ -68.808989976818026, -32.86162999793553 ], [ -68.808986333010452, -32.861631134488576 ], [ -68.808982713124337, -32.861632324245058 ], [ -68.808979118250122, -32.861633566846542 ], [ -68.808975549470802, -32.861634861918752 ], [ -68.808972007861442, -32.86163620907147 ], [ -68.808968494489022, -32.861637607898935 ], [ -68.80896501041191, -32.861639057979716 ], [ -68.808961556679719, -32.861640558876942 ], [ -68.80895813433284, -32.861642110138497 ], [ -68.8089547444023, -32.861643711297084 ], [ -68.808951387909332, -32.861645361870316 ], [ -68.808948065865067, -32.861647061360983 ], [ -68.808944779270263, -32.861648809257098 ], [ -68.808941529115074, -32.861650605032075 ], [ -68.80893831637853, -32.861652448144994 ], [ -68.808935142028574, -32.861654338040537 ], [ -68.808932007021397, -32.861656274149432 ], [ -68.808928912301468, -32.861658255888429 ], [ -68.808925858801089, -32.861660282660466 ], [ -68.808922847440115, -32.861662353855024 ], [ -68.808919879125739, -32.861664468848147 ], [ -68.808916954752192, -32.861666627002656 ], [ -68.808914075200391, -32.861668827668439 ], [ -68.808911241337853, -32.861671070182545 ], [ -68.808908454018294, -32.861673353869385 ], [ -68.808905714081391, -32.861675678040996 ], [ -68.808903022352524, -32.861678041997244 ], [ -68.808900379642637, -32.861680445025947 ], [ -68.808897786747849, -32.861682886403237 ], [ -68.808895244449275, -32.861685365393605 ], [ -68.808892753512765, -32.861687881250219 ], [ -68.808890314688725, -32.861690433215259 ], [ -68.808887928711897, -32.861693020519873 ], [ -68.808885596301025, -32.86169564238466 ], [ -68.808883318158806, -32.861698298019761 ], [ -68.808881094971511, -32.861700986625152 ], [ -68.808878927408855, -32.861703707390937 ], [ -68.808876816123885, -32.86170645949742 ], [ -68.808874761752591, -32.861709242115538 ], [ -68.808872764913872, -32.861712054407057 ], [ -68.808870826209315, -32.861714895524713 ], [ -68.808868946222915, -32.861717764612656 ], [ -68.80886712552109, -32.861720660806554 ], [ -68.808865364652263, -32.861723583233903 ], [ -68.808863664146941, -32.861726531014348 ], [ -68.808862024517438, -32.861729503259824 ], [ -68.808860446257682, -32.861732499074982 ], [ -68.808858929843097, -32.861735517557278 ], [ -68.808857475730591, -32.861738557797437 ], [ -68.808856084358126, -32.86174161887952 ], [ -68.808854756144953, -32.861744699881413 ], [ -68.808853491491163, -32.861747799874941 ], [ -68.808852290777736, -32.861750917926216 ], [ -68.808851154366423, -32.861754053095929 ], [ -68.808850082599562, -32.861757204439613 ], [ -68.808849075800055, -32.86176037100789 ], [ -68.808848134271173, -32.861763551846828 ], [ -68.808847258296581, -32.861766745998203 ], [ -68.808846448140159, -32.861769952499785 ], [ -68.808845704046007, -32.861773170385547 ], [ -68.808845026238259, -32.861776398686139 ], [ -68.808844414921168, -32.861779636429027 ], [ -68.808843870278849, -32.861782882638799 ], [ -68.808843392475382, -32.861786136337557 ], [ -68.808842981654749, -32.86178939654512 ], [ -68.8088426379407, -32.861792662279299 ], [ -68.808842361436788, -32.861795932556312 ], [ -68.808842152226319, -32.861799206390977 ], [ -68.808842010372331, -32.861802482797053 ], [ -68.808841935917556, -32.861805760787462 ], [ -68.808841928884434, -32.861809039374755 ], [ -68.808841989275123, -32.861812317571214 ], [ -68.80884211707135, -32.861815594389284 ], [ -68.808842312234731, -32.861818868841823 ], [ -68.808842574706404, -32.861822139942369 ], [ -68.808842904407356, -32.861825406705513 ], [ -68.808843301238227, -32.861828668147126 ], [ -68.808843765079502, -32.861831923284662 ], [ -68.808844295791445, -32.861835171137535 ], [ -68.808844893214172, -32.861838410727309 ], [ -68.808845557167757, -32.86184164107803 ], [ -68.808846287452155, -32.861844861216554 ], [ -68.808847083847411, -32.861848070172812 ], [ -68.808847946113545, -32.861851266980089 ], [ -68.808848873990854, -32.861854450675324 ], [ -68.808849867199811, -32.861857620299425 ], [ -68.80885092544122, -32.861860774897536 ], [ -68.80885204839629, -32.861863913519322 ], [ -68.808853235726701, -32.861867035219241 ], [ -68.808854487074811, -32.861870139056904 ], [ -68.808855802063619, -32.861873224097245 ], [ -68.808857180297011, -32.86187628941088 ], [ -68.808858621359803, -32.861879334074381 ], [ -68.808860124817855, -32.861882357170543 ], [ -68.808861690218265, -32.861885357788616 ], [ -68.808863317089433, -32.861888335024673 ], [ -68.808865004941268, -32.861891287981813 ], [ -68.808866753265349, -32.861894215770427 ], [ -68.80886856153495, -32.861897117508519 ], [ -68.808870429205314, -32.861899992321931 ], [ -68.808872355713845, -32.861902839344616 ], [ -68.808874340480173, -32.861905657718907 ], [ -68.808876382906362, -32.86190844659572 ], [ -68.808878482377125, -32.861911205134916 ], [ -68.808880638260007, -32.861913932505473 ], [ -68.808882849905558, -32.861916627885741 ], [ -68.808885116647474, -32.861919290463781 ], [ -68.808887437802952, -32.861921919437407 ], [ -68.808889812672675, -32.861924514014689 ], [ -68.808892240541255, -32.861927073413938 ], [ -68.808894720677301, -32.861929596864208 ], [ -68.808897252333622, -32.861932083605218 ], [ -68.80889983474755, -32.861934532887879 ], [ -68.808902467141166, -32.861936943974293 ], [ -68.808905148721422, -32.861939316138162 ], [ -68.8089078786805, -32.861941648664811 ], [ -68.808910656195948, -32.861943940851546 ], [ -68.808913480431102, -32.861946192007906 ], [ -68.8089163505351, -32.861948401455642 ], [ -68.808919265643354, -32.861950568529188 ], [ -68.80892222487762, -32.861952692575699 ], [ -68.808925227346464, -32.861954772955301 ], [ -68.808928272145351, -32.861956809041253 ], [ -68.808931358357057, -32.861958800220194 ], [ -68.808934485051836, -32.861960745892247 ], [ -68.808937651287749, -32.861962645471316 ], [ -68.808940856110937, -32.861964498385099 ], [ -68.808944098555997, -32.861966304075395 ], [ -68.808947377646064, -32.861968061998269 ], [ -68.808950692393324, -32.861969771624096 ], [ -68.808954041799197, -32.861971432437855 ], [ -68.808957424854682, -32.861973043939251 ], [ -68.808960840540578, -32.861974605642786 ], [ -68.808964287827905, -32.861976117077973 ], [ -68.80896776567819, -32.861977577789496 ], [ -68.808971273043653, -32.861978987337345 ], [ -68.808974808867717, -32.861980345296821 ], [ -68.808978372085221, -32.861981651258866 ], [ -68.808981961622663, -32.861982904830064 ], [ -68.808985576398783, -32.86198410563275 ], [ -68.808989215324502, -32.861985253305214 ], [ -68.808992877303638, -32.861986347501642 ], [ -68.808996561232988, -32.861987387892498 ], [ -68.809000266002755, -32.861988374164248 ], [ -68.809003990496834, -32.861989306019865 ], [ -68.809007733593262, -32.861990183178584 ], [ -68.809011494164366, -32.86199100537614 ], [ -68.809015271077243, -32.861991772364867 ], [ -68.809019063194114, -32.861992483913724 ], [ -68.809022869372569, -32.86199313980832 ], [ -68.809026688465977, -32.86199373985108 ], [ -68.809030519323841, -32.861994283861208 ], [ -68.80903436079204, -32.86199477167488 ], [ -68.809038211713371, -32.861995203145085 ], [ -68.809042070927688, -32.861995578141851 ], [ -68.809045937272401, -32.861995896552216 ], [ -68.809049809582774, -32.86199615828027 ], [ -68.809053686692209, -32.861996363247108 ], [ -68.809057567432703, -32.861996511391062 ], [ -68.809061450635213, -32.861996602667475 ], [ -68.809065335129887, -32.861996637048826 ], [ -68.809069219746476, -32.86199661452477 ], [ -68.809073103314745, -32.861996535102094 ], [ -68.809076984664728, -32.861996398804749 ], [ -68.809080862627141, -32.861996205673741 ], [ -68.809084736033782, -32.861995955767313 ], [ -68.809088603717726, -32.861995649160711 ], [ -68.809092464513796, -32.861995285946293 ], [ -68.809096317258948, -32.861994866233523 ], [ -68.809100160792497, -32.861994390148787 ], [ -68.809103993956583, -32.861993857835557 ], [ -68.80910781559642, -32.861993269454175 ], [ -68.809111624560714, -32.861992625181891 ], [ -68.809115419702039, -32.861991925212806 ], [ -68.809119199877046, -32.861991169757772 ], [ -68.809122963946962, -32.861990359044384 ], [ -68.809126710777861, -32.861989493316877 ], [ -68.809130439240931, -32.861988572836033 ], [ -68.809134148213005, -32.861987597879185 ], [ -68.80913783657671, -32.861986568740029 ], [ -68.809141503220928, -32.861985485728603 ], [ -68.80914514704105, -32.861984349171152 ], [ -68.809148766939359, -32.861983159410073 ], [ -68.809152361825369, -32.861981916803821 ], [ -68.809155930616086, -32.861980621726694 ], [ -68.809159472236374, -32.861979274568874 ], [ -68.809162985619338, -32.861977875736144 ], [ -68.809166469706526, -32.861976425650006 ], [ -68.809169923448351, -32.861974924747216 ], [ -68.809173345804382, -32.861973373479969 ], [ -68.809176735743591, -32.861971772315577 ], [ -68.809180092244745, -32.861970121736412 ], [ -68.809183414296669, -32.861968422239727 ], [ -68.80918670089865, -32.861966674337474 ], [ -68.809189951060503, -32.861964878556222 ], [ -68.809193163803144, -32.861963035436972 ], [ -68.809196338158742, -32.86196114553497 ], [ -68.809199473170935, -32.861959209419574 ], [ -68.809202567895369, -32.861957227674012 ], [ -68.809205621399713, -32.861955200895316 ], [ -68.809208632764054, -32.861953129694051 ], [ -68.809211601081273, -32.861951014694185 ], [ -68.809214525457108, -32.861948856532898 ], [ -68.8092174050106, -32.861946655860301 ], [ -68.809220238874275, -32.861944413339366 ], [ -68.809223026194402, -32.861942129645691 ], [ -68.809225766131291, -32.861939805467223 ], [ -68.809228457859561, -32.861937441504118 ], [ -68.809231100568283, -32.861935038468566 ], [ -68.809233693461351, -32.861932597084483 ], [ -68.809236235757666, -32.861930118087351 ], [ -68.809238726691333, -32.861927602223943 ], [ -68.809241165511921, -32.861925050252225 ], [ -68.809243551484784, -32.86192246294096 ], [ -68.809245883891094, -32.861919841069593 ], [ -68.809248162028254, -32.861917185427956 ], [ -68.809250385209964, -32.861914496816077 ], [ -68.809252552766466, -32.861911776043968 ], [ -68.809254664044772, -32.861909023931197 ], [ -68.809256718408861, -32.861906241306876 ], [ -68.809258715239864, -32.861903429009303 ], [ -68.809260653936221, -32.861900587885707 ], [ -68.809262533913937, -32.861897718791901 ], [ -68.809264354606597, -32.861894822592305 ], [ -68.809266115465789, -32.861891900159378 ], [ -68.809267815960979, -32.861888952373498 ], [ -68.809269455579937, -32.861885980122736 ], [ -68.809271033828736, -32.861882984302461 ], [ -68.809272550231924, -32.861879965815191 ], [ -68.809274004332636, -32.861876925570257 ], [ -68.809275395692893, -32.861873864483535 ], [ -68.809276723893504, -32.861870783477187 ], [ -68.809277988534362, -32.861867683479417 ], [ -68.809279189234474, -32.861864565424057 ], [ -68.809280325632201, -32.861861430250435 ], [ -68.809281397385135, -32.861858278903092 ], [ -68.809282404170432, -32.861855112331327 ], [ -68.809283345684804, -32.861851931489099 ], [ -68.809284221644646, -32.861848737334682 ], [ -68.809285031786047, -32.861845530830287 ], [ -68.809285775864979, -32.861842312941874 ], [ -68.809286453657279, -32.861839084638845 ], [ -68.809287064958738, -32.861835846893797 ], [ -68.809287609585269, -32.86183260068205 ], [ -68.809288087372778, -32.861829346981544 ], [ -68.809288498177324, -32.86182608677251 ], [ -68.809288841875187, -32.861822821037045 ], [ -68.809289118362784, -32.861819550759023 ], [ -68.809289327556897, -32.861816276923548 ], [ -68.809289469394471, -32.861813000516904 ], [ -68.809289543832776, -32.861809722526161 ], [ -68.809289550849442, -32.861806443938804 ], [ -68.809289490442325, -32.861803165742486 ], [ -68.809289362629599, -32.861799888924814 ], [ -68.809289167449847, -32.86179661447288 ], [ -68.809288904961861, -32.861793343373222 ], [ -68.809288575244679, -32.861790076611157 ], [ -68.809288178397665, -32.861786815170902 ], [ -68.809287714540361, -32.861783560034915 ], [ -68.809287183812557, -32.861780312183832 ], [ -68.809286586374114, -32.861777072596105 ], [ -68.809285922404982, -32.861773842247615 ], [ -68.80928519210525, -32.861770622111557 ], [ -68.809284395694903, -32.861767413157985 ], [ -68.809283533413875, -32.861764216353642 ], [ -68.809282605521943, -32.861761032661512 ], [ -68.809281612298633, -32.861757863040751 ], [ -68.80928055404317, -32.861754708446192 ], [ -68.809279431074359, -32.861751569828122 ], [ -68.809278243730517, -32.861748448132168 ], [ -68.809276992369334, -32.861745344298626 ], [ -68.809275677367751, -32.86174225926262 ], [ -68.809274299121981, -32.861739193953476 ], [ -68.809272858047208, -32.861736149294636 ], [ -68.809271354577575, -32.861733126203355 ], [ -68.809269789166009, -32.861730125590277 ], [ -68.809268162284084, -32.861727148359378 ], [ -68.809266474421932, -32.861724195407568 ], [ -68.809264726088017, -32.861721267624439 ], [ -68.809262917809036, -32.861718365891946 ], [ -68.809261050129734, -32.861715491084247 ], [ -68.809259123612762, -32.861712644067445 ], [ -68.809257138838547, -32.861709825699144 ], [ -68.809255096404925, -32.861707036828463 ], [ -68.809252996927228, -32.861704278295463 ], [ -68.809250841037937, -32.861701550931194 ], [ -68.809248629386545, -32.8616988555573 ], [ -68.809246362639314, -32.861696192985747 ], [ -68.809244041479062, -32.861693564018658 ], [ -68.809241666605075, -32.861690969448013 ], [ -68.8092392387328, -32.861688410055415 ], [ -68.809236758593698, -32.86168588661188 ], [ -68.809234226934834, -32.861683399877641 ], [ -68.809231644518903, -32.861680950601773 ], [ -68.809229012123865, -32.86167853952216 ], [ -68.809226330542771, -32.861676167365168 ], [ -68.809223600583437, -32.861673834845377 ], [ -68.809220823068244, -32.861671542665462 ], [ -68.809217998833972, -32.86166929151598 ], [ -68.809215128731424, -32.861667082075051 ], [ -68.809212213625187, -32.861664915008312 ], [ -68.809209254393494, -32.861662790968538 ], [ -68.809206251927776, -32.861660710595672 ], [ -68.809203207132583, -32.861658674516413 ], [ -68.809200120925126, -32.86165668334408 ], [ -68.809196994235165, -32.86165473767857 ], [ -68.809193828004595, -32.861652838106025 ], [ -68.809190623187277, -32.861650985198665 ], [ -68.809187380748625, -32.861649179514671 ], [ -68.809184101665494, -32.861647421598043 ], [ -68.809180786925666, -32.861645711978326 ], [ -68.809177437527751, -32.861644051170565 ], [ -68.809174054480735, -32.861642439675059 ], [ -68.809170638803778, -32.861640877977344 ], [ -68.80916719152583, -32.861639366547777 ], [ -68.809163713685436, -32.861637905841775 ], [ -68.80916020633029, -32.861636496299262 ], [ -68.809156670516998, -32.861635138345001 ], [ -68.809153107310692, -32.861633832387966 ], [ -68.809149517784817, -32.861632578821663 ], [ -68.809145903020749, -32.861631378023681 ], [ -68.809142264107393, -32.861630230355757 ], [ -68.809138602141019, -32.861629136163685 ], [ -68.809134918224757, -32.861628095777036 ], [ -68.809131213468461, -32.861627109509243 ], [ -68.809127488988125, -32.861626177657421 ], [ -68.809123745905794, -32.861625300502283 ], [ -68.809119985349056, -32.861624478308087 ], [ -68.809116208450789, -32.861623711322501 ], [ -68.809112416348825, -32.861622999776635 ], [ -68.809108610185461, -32.861622343884775 ], [ -68.809104791107401, -32.861621743844545 ], [ -68.809100960265084, -32.861621199836705 ], [ -68.809097118812602, -32.861620712025122 ], [ -68.80909326790713, -32.861620280556771 ], [ -68.809089408708843, -32.861619905561625 ], [ -68.809085542380274, -32.861619587152632 ], [ -68.809081670086144, -32.861619325425757 ], [ -68.809077792993051, -32.8616191204598 ], [ -68.809073912268943, -32.861618972316506 ], [ -68.809070029082861, -32.861618881040563 ], [ -68.809066144604657, -32.861618846659404 ] ] ] } },
{ "type": "Feature", "properties": { "fid": 41, "TIPO": null, "NAME_1": null, "NAME_2": null, "TIPO_1": null, "N": null, "JURISDIC": "DNV", "REFER": null, "JERAREFER": null }, "geometry": { "type": "MultiLineString", "coordinates": [ [ [ -68.812843369942087, -32.86711632681719 ], [ -68.812839534701439, -32.867116349324654 ], [ -68.812835700510405, -32.867116428315967 ], [ -68.812831868536861, -32.867116563767098 ], [ -68.812828039948059, -32.867116755636765 ], [ -68.812824215910226, -32.867117003866511 ], [ -68.812820397588183, -32.867117308380749 ], [ -68.812816586145061, -32.867117669086724 ], [ -68.812812782741773, -32.867118085874552 ], [ -68.812808988536958, -32.867118558617257 ], [ -68.812805204686313, -32.867119087170877 ], [ -68.812801432342411, -32.86711967137439 ], [ -68.812797672654398, -32.867120311049838 ], [ -68.812793926767455, -32.867121006002385 ], [ -68.8127901958226, -32.867121756020332 ], [ -68.812786480956348, -32.86712256087521 ], [ -68.812782783300264, -32.867123420321867 ], [ -68.812779103980674, -32.867124334098527 ], [ -68.81277544411833, -32.867125301926798 ], [ -68.81277180482806, -32.867126323511904 ], [ -68.812768187218424, -32.867127398542664 ], [ -68.812764592391389, -32.86712852669158 ], [ -68.812761021441915, -32.867129707615071 ], [ -68.812757475457786, -32.867130940953373 ], [ -68.812753955519142, -32.867132226330824 ], [ -68.812750462698176, -32.867133563355857 ], [ -68.812746998058827, -32.867134951621225 ], [ -68.812743562656436, -32.867136390704069 ], [ -68.81274015753749, -32.867137880165991 ], [ -68.812736783739211, -32.86713941955334 ], [ -68.812733442289257, -32.867141008397141 ], [ -68.812730134205466, -32.867142646213487 ], [ -68.812726860495559, -32.867144332503415 ], [ -68.812723622156668, -32.867146066753328 ], [ -68.812720420175296, -32.867147848434946 ], [ -68.812717255526707, -32.867149677005528 ], [ -68.812714129174935, -32.867151551908101 ], [ -68.812711042072308, -32.867153472571566 ], [ -68.81270799515913, -32.867155438410848 ], [ -68.812704989363581, -32.867157448827136 ], [ -68.812702025601197, -32.867159503208065 ], [ -68.812699104774822, -32.867161600927822 ], [ -68.812696227774111, -32.86716374134744 ], [ -68.812693395475463, -32.867165923814909 ], [ -68.812690608741605, -32.867168147665481 ], [ -68.812687868421406, -32.867170412221711 ], [ -68.8126851753496, -32.867172716793831 ], [ -68.812682530346535, -32.867175060679799 ], [ -68.812679934217897, -32.867177443165673 ], [ -68.812677387754476, -32.867179863525728 ], [ -68.81267489173193, -32.867182321022725 ], [ -68.812672446910653, -32.86718481490805 ], [ -68.812670054035294, -32.867187344422071 ], [ -68.812667713834742, -32.867189908794259 ], [ -68.812665427021898, -32.867192507243495 ], [ -68.812663194293322, -32.867195138978282 ], [ -68.812661016329102, -32.867197803196945 ], [ -68.812658893792729, -32.867200499087943 ], [ -68.812656827330699, -32.867203225830096 ], [ -68.812654817572508, -32.867205982592822 ], [ -68.812652865130318, -32.867208768536365 ], [ -68.812650970598909, -32.867211582812125 ], [ -68.812649134555343, -32.86721442456281 ], [ -68.812647357558916, -32.867217292922859 ], [ -68.812645640150919, -32.867220187018496 ], [ -68.812643982854496, -32.867223105968172 ], [ -68.812642386174502, -32.867226048882749 ], [ -68.812640850597248, -32.867229014865771 ], [ -68.812639376590553, -32.86723200301379 ], [ -68.812637964603383, -32.867235012416614 ], [ -68.812636615065884, -32.867238042157474 ], [ -68.812635328389078, -32.867241091313595 ], [ -68.812634104964971, -32.867244158956069 ], [ -68.8126329451662, -32.867247244150526 ], [ -68.812631849346047, -32.86725034595716 ], [ -68.812630817838382, -32.867253463431197 ], [ -68.812629850957322, -32.867256595622926 ], [ -68.812628948997457, -32.86725974157828 ], [ -68.812628112233554, -32.867262900339014 ], [ -68.812627340920457, -32.867266070942925 ], [ -68.812626635293142, -32.867269252424222 ], [ -68.812625995566563, -32.867272443813782 ], [ -68.812625421935564, -32.867275644139461 ], [ -68.81262491457494, -32.867278852426459 ], [ -68.812624473639204, -32.867282067697452 ], [ -68.812624099262692, -32.867285288973051 ], [ -68.81262379155946, -32.867288515272044 ], [ -68.812623550623201, -32.867291745611659 ], [ -68.812623376527355, -32.867294979007909 ], [ -68.812623269324973, -32.867298214475859 ], [ -68.812623229048654, -32.867301451029945 ], [ -68.812623255710733, -32.867304687684296 ], [ -68.812623349303053, -32.867307923453012 ], [ -68.812623509797149, -32.867311157350407 ], [ -68.812623737144136, -32.867314388391456 ], [ -68.812624031274723, -32.867317615591894 ], [ -68.812624392099409, -32.867320837968734 ], [ -68.81262481950823, -32.86732405454039 ], [ -68.812625313370972, -32.867327264327038 ], [ -68.812625873537257, -32.867330466350992 ], [ -68.812626499836469, -32.867333659636849 ], [ -68.812627192077812, -32.867336843211895 ], [ -68.812627950050413, -32.867340016106432 ], [ -68.812628773523429, -32.867343177353916 ], [ -68.812629662246025, -32.867346325991406 ], [ -68.812630615947469, -32.867349461059781 ], [ -68.812631634337251, -32.867352581604131 ], [ -68.812632717105217, -32.867355686673839 ], [ -68.812633863921519, -32.867358775323119 ], [ -68.812635074436827, -32.867361846611097 ], [ -68.812636348282425, -32.867364899602222 ], [ -68.8126376850703, -32.867367933366587 ], [ -68.81263908439324, -32.867370946979989 ], [ -68.812640545825005, -32.867373939524505 ], [ -68.812642068920454, -32.867376910088566 ], [ -68.81264365321563, -32.867379857767311 ], [ -68.812645298227935, -32.867382781662826 ], [ -68.812647003456306, -32.867385680884475 ], [ -68.812648768381294, -32.867388554549137 ], [ -68.812650592465317, -32.867391401781461 ], [ -68.812652475152703, -32.867394221714122 ], [ -68.812654415870057, -32.867397013488151 ], [ -68.812656414026122, -32.867399776253137 ], [ -68.812658469012305, -32.867402509167533 ], [ -68.812660580202632, -32.867405211398868 ], [ -68.812662746953976, -32.867407882123999 ], [ -68.812664968606384, -32.867410520529383 ], [ -68.812667244483094, -32.86741312581136 ], [ -68.812669573890858, -32.86741569717632 ], [ -68.812671956120084, -32.867418233840979 ], [ -68.812674390445196, -32.867420735032653 ], [ -68.812676876124627, -32.867423199989489 ], [ -68.812679412401195, -32.8674256279606 ], [ -68.812681998502399, -32.867428018206382 ], [ -68.812684633640401, -32.867430369998807 ], [ -68.812687317012603, -32.867432682621384 ], [ -68.812690047801524, -32.867434955369752 ], [ -68.812692825175432, -32.867437187551566 ], [ -68.812695648288283, -32.867439378486928 ], [ -68.812698516280093, -32.867441527508369 ], [ -68.812701428277279, -32.867443633961372 ], [ -68.812704383392798, -32.867445697204218 ], [ -68.812707380726522, -32.86744771660846 ], [ -68.812710419365402, -32.867449691558917 ], [ -68.812713498383829, -32.867451621454045 ], [ -68.812716616843957, -32.867453505705988 ], [ -68.812719773795806, -32.86745534374073 ], [ -68.812722968277782, -32.867457134998382 ], [ -68.812726199316771, -32.867458878933334 ], [ -68.812729465928598, -32.867460575014405 ], [ -68.812732767118206, -32.867462222724868 ], [ -68.812736101880006, -32.867463821562865 ], [ -68.812739469198206, -32.867465371041376 ], [ -68.81274286804711, -32.867466870688375 ], [ -68.812746297391357, -32.867468320047053 ], [ -68.812749756186321, -32.867469718675963 ], [ -68.812753243378438, -32.867471066149015 ], [ -68.81275675790549, -32.8674723620558 ], [ -68.812760298696844, -32.867473606001553 ], [ -68.812763864674025, -32.867474797607315 ], [ -68.812767454750727, -32.867475936510189 ], [ -68.81277106783341, -32.867477022363182 ], [ -68.812774702821471, -32.867478054835551 ], [ -68.812778358607659, -32.86747903361281 ], [ -68.812782034078367, -32.867479958396821 ], [ -68.812785728114022, -32.867480828905826 ], [ -68.81278943958938, -32.867481644874708 ], [ -68.812793167373869, -32.86748240605489 ], [ -68.812796910331954, -32.867483112214551 ], [ -68.812800667323529, -32.867483763138516 ], [ -68.812804437204122, -32.867484358628587 ], [ -68.812808218825424, -32.867484898503271 ], [ -68.812812011035504, -32.867485382598211 ], [ -68.812815812679176, -32.86748581076592 ], [ -68.812819622598454, -32.867486182875929 ], [ -68.81282343963278, -32.867486498814927 ], [ -68.812827262619422, -32.867486758486677 ], [ -68.812831090393871, -32.867486961812062 ], [ -68.812834921790156, -32.867487108729186 ], [ -68.812838755641181, -32.867487199193235 ], [ -68.812842590779098, -32.867487233176696 ], [ -68.812846426035705, -32.867487210669211 ], [ -68.812850260242698, -32.867487131677628 ], [ -68.812854092232158, -32.867486996226006 ], [ -68.812857920836819, -32.867486804355622 ], [ -68.812861744890441, -32.867486556124895 ], [ -68.812865563228172, -32.867486251609485 ], [ -68.812869374686883, -32.867485890902081 ], [ -68.812873178105605, -32.867485474112634 ], [ -68.812876972325753, -32.867485001368031 ], [ -68.812880756191532, -32.867484472812336 ], [ -68.81288452855037, -32.867483888606522 ], [ -68.812888288253134, -32.867483248928558 ], [ -68.812892034154601, -32.867482553973275 ], [ -68.812895765113737, -32.867481803952394 ], [ -68.812899479993987, -32.867480999094376 ], [ -68.812903177663856, -32.867480139644343 ], [ -68.812906856996875, -32.867479225864159 ], [ -68.812910516872378, -32.867478258032115 ], [ -68.812914156175466, -32.867477236443108 ], [ -68.812917773797579, -32.867476161408227 ], [ -68.812921368636793, -32.867475033254976 ], [ -68.812924939597991, -32.867473852327038 ], [ -68.812928485593503, -32.867472618984095 ], [ -68.812932005543118, -32.867471333601841 ], [ -68.812935498374671, -32.867469996571863 ], [ -68.812938963024152, -32.86746860830138 ], [ -68.812942398436235, -32.867467169213306 ], [ -68.81294580356446, -32.867465679745962 ], [ -68.812949177371564, -32.867464140353121 ], [ -68.812952518829846, -32.867462551503642 ], [ -68.812955826921453, -32.867460913681555 ], [ -68.81295910063875, -32.867459227385723 ], [ -68.812962338984462, -32.867457493129812 ], [ -68.812965540972229, -32.867455711442126 ], [ -68.812968705626631, -32.867453882865362 ], [ -68.812971831983717, -32.86745200795653 ], [ -68.812974919091133, -32.867450087286755 ], [ -68.81297796600856, -32.867448121441079 ], [ -68.812980971807846, -32.867446111018339 ], [ -68.812983935573385, -32.867444056630916 ], [ -68.812986856402389, -32.867441958904621 ], [ -68.812989733405175, -32.867439818478402 ], [ -68.812992565705343, -32.867437636004333 ], [ -68.812995352440154, -32.867435412147124 ], [ -68.812998092760736, -32.867433147584237 ], [ -68.813000785832386, -32.867430843005515 ], [ -68.813003430834755, -32.867428499112904 ], [ -68.813006026962128, -32.867426116620408 ], [ -68.813008573423744, -32.867423696253724 ], [ -68.813011069443888, -32.867421238750183 ], [ -68.813013514262252, -32.86741874485832 ], [ -68.813015907134144, -32.867416215337805 ], [ -68.81301824733066, -32.867413650959179 ], [ -68.813020534138971, -32.86741105250357 ], [ -68.813022766862488, -32.86740842076248 ], [ -68.81302494482108, -32.867405756537593 ], [ -68.813027067351328, -32.867403060640434 ], [ -68.813029133806722, -32.867400333892235 ], [ -68.81303114355778, -32.867397577123562 ], [ -68.813033095992324, -32.867394791174185 ], [ -68.813034990515618, -32.867391976892691 ], [ -68.813036826550601, -32.867389135136349 ], [ -68.813038603537976, -32.867386266770829 ], [ -68.813040320936452, -32.867383372669863 ], [ -68.813041978222927, -32.867380453714958 ], [ -68.813043574892561, -32.867377510795329 ], [ -68.813045110459015, -32.86737454480739 ], [ -68.813046584454497, -32.867371556654611 ], [ -68.813047996430086, -32.867368547247224 ], [ -68.813049345955633, -32.867365517501895 ], [ -68.81305063262009, -32.867362468341561 ], [ -68.813051856031535, -32.867359400695022 ], [ -68.813053015817303, -32.867356315496707 ], [ -68.813054111624098, -32.867353213686371 ], [ -68.813055143118177, -32.867350096208874 ], [ -68.813056109985311, -32.867346964013876 ], [ -68.813057011931008, -32.867343818055396 ], [ -68.813057848680501, -32.86734065929177 ], [ -68.81305861997896, -32.867337488685202 ], [ -68.813059325591411, -32.867334307201439 ], [ -68.813059965302941, -32.867331115809655 ], [ -68.813060538918677, -32.867327915481937 ], [ -68.813061046263925, -32.86732470719317 ], [ -68.813061487184115, -32.867321491920606 ], [ -68.813061861544981, -32.867318270643629 ], [ -68.813062169232509, -32.867315044343513 ], [ -68.813062410152909, -32.867311814003003 ], [ -68.813062584232881, -32.867308580606142 ], [ -68.813062691419319, -32.867305345137751 ], [ -68.813062731679693, -32.867302108583473 ], [ -68.813062705001627, -32.867298871929123 ], [ -68.813062611393363, -32.867295636160691 ], [ -68.813062450883336, -32.867292402263772 ], [ -68.813062223520504, -32.867289171223483 ], [ -68.813061929374115, -32.867285944023998 ], [ -68.81306156853374, -32.867282721648344 ], [ -68.813061141109358, -32.867279505078109 ], [ -68.81306064723114, -32.867276295293088 ], [ -68.81306008704955, -32.867273093270995 ], [ -68.81305946073519, -32.867269899987228 ], [ -68.813058768478925, -32.86726671641447 ], [ -68.813058010491574, -32.86726354352249 ], [ -68.813057187004034, -32.867260382277735 ], [ -68.813056298267156, -32.867257233643187 ], [ -68.813055344551699, -32.867254098577938 ], [ -68.813054326148162, -32.86725097803695 ], [ -68.813053243366724, -32.867247872970779 ], [ -68.813052096537291, -32.867244784325266 ], [ -68.813050886009151, -32.867241713041224 ], [ -68.813049612151062, -32.867238660054191 ], [ -68.813048275351051, -32.867235626294153 ], [ -68.813046876016344, -32.867232612685193 ], [ -68.81304541457321, -32.867229620145295 ], [ -68.813043891466791, -32.867226649586058 ], [ -68.813042307161069, -32.867223701912259 ], [ -68.813040662138604, -32.86722077802186 ], [ -68.813038956900542, -32.867217878805469 ], [ -68.813037191966274, -32.867215005146207 ], [ -68.813035367873454, -32.867212157919418 ], [ -68.813033485177712, -32.867209337992392 ], [ -68.813031544452542, -32.867206546224132 ], [ -68.813029546289087, -32.86720378346503 ], [ -68.813027491296054, -32.867201050556609 ], [ -68.81302538009939, -32.867198348331364 ], [ -68.813023213342177, -32.867195677612415 ], [ -68.813020991684454, -32.867193039213262 ], [ -68.813018715802954, -32.867190433937601 ], [ -68.813016386390956, -32.867187862579073 ], [ -68.813014004157992, -32.86718532592085 ], [ -68.813011569829754, -32.867182824735657 ], [ -68.81300908414768, -32.867180359785387 ], [ -68.813006547869037, -32.867177931820848 ], [ -68.813003961766327, -32.86717554158168 ], [ -68.813001326627344, -32.867173189795921 ], [ -68.812998643254772, -32.867170877179952 ], [ -68.812995912465965, -32.867168604438206 ], [ -68.812993135092768, -32.867166372263036 ], [ -68.812990311981224, -32.86716418133431 ], [ -68.812987443991204, -32.867162032319456 ], [ -68.812984531996406, -32.867159925873025 ], [ -68.8129815768838, -32.867157862636724 ], [ -68.812978579553572, -32.867155843238983 ], [ -68.8129755409187, -32.867153868294913 ], [ -68.812972461904792, -32.867151938406174 ], [ -68.81296934344978, -32.867150054160554 ], [ -68.812966186503502, -32.867148216132058 ], [ -68.812962992027664, -32.867146424880524 ], [ -68.812959760995298, -32.867144680951625 ], [ -68.812956494390619, -32.867142984876544 ], [ -68.812953193208656, -32.867141337171873 ], [ -68.812949858454957, -32.867139738339638 ], [ -68.812946491145325, -32.867138188866754 ], [ -68.812943092305517, -32.867136689225227 ], [ -68.812939662970777, -32.867135239871914 ], [ -68.812936204185746, -32.867133841248204 ], [ -68.812932717004003, -32.867132493780183 ], [ -68.812929202487794, -32.867131197878336 ], [ -68.812925661707595, -32.867129953937322 ], [ -68.812922095742039, -32.867128762336144 ], [ -68.812918505677274, -32.867127623437703 ], [ -68.81291489260694, -32.867126537588952 ], [ -68.812911257631541, -32.867125505120647 ], [ -68.812907601858356, -32.867124526347254 ], [ -68.812903926400992, -32.867123601566945 ], [ -68.812900232378936, -32.867122731061428 ], [ -68.812896520917505, -32.867121915095822 ], [ -68.812892793147171, -32.867121153918724 ], [ -68.812889050203481, -32.867120447761955 ], [ -68.812885293226572, -32.867119796840647 ], [ -68.812881523360815, -32.867119201353063 ], [ -68.81287774175459, -32.867118661480596 ], [ -68.812873949559759, -32.867118177387667 ], [ -68.812870147931463, -32.867117749221777 ], [ -68.812866338027703, -32.867117377113345 ], [ -68.812862521009038, -32.867117061175662 ], [ -68.812858698038141, -32.867116801505055 ], [ -68.812854870279494, -32.867116598180552 ], [ -68.812851038899126, -32.867116451264081 ], [ -68.812847205064031, -32.867116360800466 ], [ -68.812843369942087, -32.86711632681719 ] ] ] } },
{ "type": "Feature", "properties": { "fid": 42, "TIPO": null, "NAME_1": null, "NAME_2": null, "TIPO_1": null, "N": null, "JURISDIC": "DNV", "REFER": null, "JERAREFER": null }, "geometry": { "type": "MultiLineString", "coordinates": [ [ [ -68.815076272637086, -32.870055600437723 ], [ -68.815072437103794, -32.870055623014082 ], [ -68.815068602621537, -32.870055702076705 ], [ -68.81506477035839, -32.870055837601519 ], [ -68.815060941481676, -32.870056029547243 ], [ -68.815057117157636, -32.870056277855412 ], [ -68.815053298551263, -32.870056582450353 ], [ -68.815049486825671, -32.870056943239362 ], [ -68.815045683141989, -32.870057360112455 ], [ -68.815041888658826, -32.870057832942706 ], [ -68.815038104532022, -32.870058361586025 ], [ -68.815034331914276, -32.870058945881482 ], [ -68.815030571954694, -32.870059585651013 ], [ -68.81502682579864, -32.870060280699782 ], [ -68.815023094587204, -32.870061030816039 ], [ -68.815019379456942, -32.870061835771317 ], [ -68.815015681539521, -32.870062695320406 ], [ -68.815012001961364, -32.870063609201488 ], [ -68.815008341843267, -32.870064577136191 ], [ -68.815004702300172, -32.870065598829676 ], [ -68.815001084440695, -32.870066673970733 ], [ -68.814997489366846, -32.870067802231794 ], [ -68.814993918173741, -32.870068983269263 ], [ -68.814990371949193, -32.870070216723391 ], [ -68.814986851773384, -32.87007150221843 ], [ -68.814983358718635, -32.870072839362798 ], [ -68.814979893848914, -32.870074227749193 ], [ -68.814976458219675, -32.870075666954726 ], [ -68.81497305287742, -32.870077156541008 ], [ -68.814969678859455, -32.870078696054236 ], [ -68.814966337193567, -32.87008028502553 ], [ -68.81496302889758, -32.870081922970833 ], [ -68.814959754979327, -32.870083609391244 ], [ -68.814956516435984, -32.870085343773063 ], [ -68.814953314254097, -32.870087125587958 ], [ -68.814950149409043, -32.870088954293216 ], [ -68.814947022864885, -32.870090829331744 ], [ -68.814943935573979, -32.8700927501324 ], [ -68.814940888476741, -32.870094716110152 ], [ -68.814937882501383, -32.870096726666077 ], [ -68.814934918563509, -32.870098781187771 ], [ -68.814931997565964, -32.870100879049424 ], [ -68.814929120398517, -32.870103019612024 ], [ -68.814926287937624, -32.870105202223463 ], [ -68.814923501046025, -32.870107426218951 ], [ -68.814920760572647, -32.870109690921069 ], [ -68.814918067352266, -32.870111995639895 ], [ -68.814915422205246, -32.870114339673449 ], [ -68.81491282593737, -32.870116722307735 ], [ -68.814910279339458, -32.870119142816911 ], [ -68.814907783187223, -32.870121600463726 ], [ -68.814905338241019, -32.870124094499531 ], [ -68.81490294524562, -32.870126624164683 ], [ -68.814900604929932, -32.870129188688523 ], [ -68.814898318006854, -32.870131787289921 ], [ -68.814896085173046, -32.870134419177369 ], [ -68.814893907108555, -32.870137083549089 ], [ -68.814891784476956, -32.870139779593572 ], [ -68.814889717924757, -32.870142506489515 ], [ -68.814887708081457, -32.8701452634063 ], [ -68.814885755559288, -32.870148049504181 ], [ -68.814883860953032, -32.870150863934455 ], [ -68.814882024839761, -32.870153705839805 ], [ -68.814880247778802, -32.870156574354596 ], [ -68.814878530311503, -32.870159468605038 ], [ -68.814876872960966, -32.870162387709513 ], [ -68.814875276232073, -32.870165330778853 ], [ -68.814873740611205, -32.870168296916553 ], [ -68.814872266566113, -32.870171285219101 ], [ -68.814870854545859, -32.870174294776248 ], [ -68.814869504980493, -32.870177324671246 ], [ -68.814868218281163, -32.870180373981192 ], [ -68.814866994839818, -32.870183441777165 ], [ -68.814865835029096, -32.870186527124766 ], [ -68.814864739202321, -32.870189629084152 ], [ -68.814863707693291, -32.870192746710387 ], [ -68.814862740816238, -32.870195879053888 ], [ -68.814861838865667, -32.870199025160424 ], [ -68.814861002116317, -32.870202184071758 ], [ -68.814860230823101, -32.870205354825622 ], [ -68.814859525220967, -32.870208536456119 ], [ -68.814858885524842, -32.870211727994153 ], [ -68.814858311929598, -32.870214928467554 ], [ -68.814857804609971, -32.8702181369014 ], [ -68.814857363720492, -32.870221352318396 ], [ -68.814856989395466, -32.870224573739108 ], [ -68.81485668174895, -32.870227800182199 ], [ -68.814856440874621, -32.870231030664911 ], [ -68.814856266845865, -32.870234264203198 ], [ -68.814856159715731, -32.870237499812099 ], [ -68.814856119516847, -32.870240736505998 ], [ -68.814856146261462, -32.870243973298997 ], [ -68.81485623994142, -32.870247209205118 ], [ -68.814856400528228, -32.870250443238668 ], [ -68.814856627972929, -32.870253674414528 ], [ -68.814856922206317, -32.87025690174849 ], [ -68.814857283138707, -32.870260124257435 ], [ -68.814857710660178, -32.870263340959745 ], [ -68.814858204640529, -32.870266550875606 ], [ -68.814858764929298, -32.870269753027245 ], [ -68.81485939135581, -32.870272946439243 ], [ -68.814860083729229, -32.870276130138855 ], [ -68.814860841838708, -32.870279303156323 ], [ -68.814861665453293, -32.870282464525062 ], [ -68.814862554322147, -32.870285613282149 ], [ -68.814863508174469, -32.870288748468404 ], [ -68.814864526719731, -32.870291869128827 ], [ -68.814865609647711, -32.870294974312806 ], [ -68.814866756628518, -32.870298063074486 ], [ -68.814867967312765, -32.870301134473017 ], [ -68.814869241331678, -32.870304187572827 ], [ -68.814870578297217, -32.870307221443852 ], [ -68.814871977802099, -32.870310235162016 ], [ -68.814873439420012, -32.870313227809284 ], [ -68.814874962705787, -32.870316198474036 ], [ -68.814876547195396, -32.870319146251383 ], [ -68.814878192406198, -32.870322070243446 ], [ -68.814879897837045, -32.870324969559498 ], [ -68.81488166296846, -32.870327843316403 ], [ -68.814883487262733, -32.87033069063876 ], [ -68.814885370164234, -32.870333510659265 ], [ -68.814887311099383, -32.870336302518908 ], [ -68.814889309476939, -32.87033906536724 ], [ -68.814891364688194, -32.870341798362716 ], [ -68.81489347610713, -32.870344500672779 ], [ -68.814895643090566, -32.870347171474307 ], [ -68.814897864978448, -32.870349809953751 ], [ -68.814900141093972, -32.870352415307373 ], [ -68.81490247074376, -32.870354986741567 ], [ -68.814904853218238, -32.870357523473082 ], [ -68.814907287791669, -32.870360024729159 ], [ -68.814909773722434, -32.870362489747897 ], [ -68.814912310253334, -32.87036491777841 ], [ -68.814914896611683, -32.870367308081128 ], [ -68.814917532009673, -32.870369659927924 ], [ -68.814920215644534, -32.870371972602371 ], [ -68.814922946698786, -32.87037424540005 ], [ -68.814925724340554, -32.870376477628604 ], [ -68.81492854772371, -32.870378668608126 ], [ -68.814931415988255, -32.870380817671155 ], [ -68.814934328260478, -32.870382924163067 ], [ -68.814937283653265, -32.870384987442279 ], [ -68.81494028126636, -32.870387006880193 ], [ -68.814943320186671, -32.870388981861751 ], [ -68.81494639948852, -32.870390911785272 ], [ -68.814949518233917, -32.870392796062937 ], [ -68.814952675472853, -32.870394634120743 ], [ -68.814955870243608, -32.87039642539883 ], [ -68.81495910157301, -32.870398169351496 ], [ -68.814962368476785, -32.870399865447588 ], [ -68.814965669959761, -32.870401513170407 ], [ -68.814969005016295, -32.870403112018039 ], [ -68.814972372630479, -32.870404661503507 ], [ -68.814975771776531, -32.870406161154747 ], [ -68.814979201419021, -32.870407610514967 ], [ -68.814982660513209, -32.870409009142719 ], [ -68.814986148005474, -32.870410356611941 ], [ -68.814989662833455, -32.870411652512168 ], [ -68.814993203926477, -32.870412896448649 ], [ -68.814996770205923, -32.87041408804248 ], [ -68.815000360585444, -32.870415226930675 ], [ -68.815003973971343, -32.870416312766366 ], [ -68.815007609263006, -32.87041734521874 ], [ -68.81501126535305, -32.87041832397329 ], [ -68.815014941127771, -32.870419248731942 ], [ -68.815018635467524, -32.870420119212937 ], [ -68.815022347246909, -32.870420935151138 ], [ -68.815026075335339, -32.870421696298017 ], [ -68.815029818597182, -32.870422402421724 ], [ -68.815033575892187, -32.870423053307121 ], [ -68.81503734607584, -32.870423648755981 ], [ -68.815041127999706, -32.87042418858691 ], [ -68.815044920511724, -32.870424672635487 ], [ -68.815048722456723, -32.870425100754261 ], [ -68.815052532676532, -32.870425472812784 ], [ -68.815056350010565, -32.870425788697752 ], [ -68.815060173295961, -32.870426048312929 ], [ -68.815064001368142, -32.870426251579275 ], [ -68.815067833061008, -32.870426398434823 ], [ -68.815071667207405, -32.870426488834859 ], [ -68.81507550263936, -32.870426522751863 ], [ -68.81507933818861, -32.870426500175469 ], [ -68.815083172686812, -32.870426421112569 ], [ -68.815087004965889, -32.870426285587264 ], [ -68.815090833858491, -32.870426093640802 ], [ -68.815094658198319, -32.870425845331688 ], [ -68.81509847682041, -32.870425540735553 ], [ -68.815102288561562, -32.870425179945137 ], [ -68.815106092260706, -32.870424763070375 ], [ -68.81510988675916, -32.870424290238276 ], [ -68.815113670901113, -32.870423761592825 ], [ -68.815117443533822, -32.870423177295088 ], [ -68.815121203508156, -32.870422537523048 ], [ -68.815124949678719, -32.870421842471522 ], [ -68.815128680904436, -32.870421092352338 ], [ -68.815132396048725, -32.87042028739392 ], [ -68.815136093979902, -32.870419427841476 ], [ -68.815139773571531, -32.870418513956814 ], [ -68.815143433702772, -32.870417546018395 ], [ -68.815147073258686, -32.870416524320994 ], [ -68.815150691130668, -32.870415449175837 ], [ -68.815154286216639, -32.870414320910434 ], [ -68.815157857421525, -32.870413139868496 ], [ -68.815161403657441, -32.8704119064097 ], [ -68.815164923844222, -32.870410620909887 ], [ -68.815168416909557, -32.870409283760559 ], [ -68.815171881789439, -32.870407895369063 ], [ -68.815175317428384, -32.870406456158257 ], [ -68.815178722779891, -32.870404966566603 ], [ -68.815182096806652, -32.870403427047826 ], [ -68.815185438480867, -32.870401838070883 ], [ -68.815188746784699, -32.870400200119818 ], [ -68.815192020710313, -32.870398513693523 ], [ -68.81519525926052, -32.870396779305722 ], [ -68.815198461448759, -32.870394997484745 ], [ -68.81520162629964, -32.87039316877334 ], [ -68.815204752849112, -32.870391293728552 ], [ -68.815207840144808, -32.870389372921537 ], [ -68.815210887246309, -32.87038740693739 ], [ -68.815213893225376, -32.870385396375028 ], [ -68.815216857166405, -32.870383341846811 ], [ -68.815219778166579, -32.870381243978592 ], [ -68.815222655336086, -32.870379103409448 ], [ -68.815225487798514, -32.870376920791408 ], [ -68.815228274691066, -32.870374696789284 ], [ -68.815231015164855, -32.870372432080536 ], [ -68.81523370838508, -32.870370127355045 ], [ -68.815236353531361, -32.870367783314848 ], [ -68.815238949797973, -32.870365400673961 ], [ -68.815241496394094, -32.870362980158163 ], [ -68.815243992543927, -32.870360522504804 ], [ -68.815246437487218, -32.870358028462441 ], [ -68.815248830479135, -32.870355498790815 ], [ -68.815251170790802, -32.870352934260552 ], [ -68.815253457709318, -32.870350335652738 ], [ -68.815255690538081, -32.870347703758995 ], [ -68.81525786859693, -32.870345039381021 ], [ -68.815259991222419, -32.870342343330428 ], [ -68.815262057767981, -32.870339616428431 ], [ -68.815264067604147, -32.870336859505677 ], [ -68.815266020118671, -32.870334073401956 ], [ -68.815267914716827, -32.870331258965955 ], [ -68.8152697508215, -32.870328417054964 ], [ -68.815271527873364, -32.870325548534723 ], [ -68.81527324533117, -32.870322654278915 ], [ -68.815274902671746, -32.870319735169218 ], [ -68.815276499390265, -32.870316792094819 ], [ -68.815278035000333, -32.870313825952231 ], [ -68.815279509034212, -32.870310837644915 ], [ -68.815280921042898, -32.87030782808317 ], [ -68.815282270596285, -32.870304798183739 ], [ -68.81528355728328, -32.870301748869565 ], [ -68.815284780711949, -32.870298681069499 ], [ -68.815285940509668, -32.870295595718034 ], [ -68.815287036323113, -32.870292493754995 ], [ -68.815288067818486, -32.870289376125257 ], [ -68.815289034681669, -32.870286243778459 ], [ -68.815289936618058, -32.870283097668832 ], [ -68.81529077335297, -32.870279938754628 ], [ -68.815291544631549, -32.870276767998121 ], [ -68.815292250218818, -32.870273586365144 ], [ -68.815292889899865, -32.870270394824864 ], [ -68.81529346347989, -32.870267194349459 ], [ -68.815293970784111, -32.870263985913795 ], [ -68.815294411658073, -32.870260770495236 ], [ -68.815294785967438, -32.870257549073216 ], [ -68.815295093598223, -32.870254322628995 ], [ -68.815295334456707, -32.870251092145367 ], [ -68.815295508469561, -32.870247858606426 ], [ -68.81529561558375, -32.870244622997092 ], [ -68.815295655766676, -32.870241386303007 ], [ -68.815295629006101, -32.870238149510051 ], [ -68.815295535310156, -32.870234913604214 ], [ -68.815295374707446, -32.870231679571141 ], [ -68.815295147246871, -32.870228448395999 ], [ -68.81529485299771, -32.870225221063031 ], [ -68.815294492049617, -32.870221998555266 ], [ -68.815294064512543, -32.870218781854362 ], [ -68.815293570516729, -32.870215571940136 ], [ -68.815293010212685, -32.870212369790394 ], [ -68.815292383771038, -32.87020917638047 ], [ -68.81529169138264, -32.870205992683132 ], [ -68.815290933258424, -32.870202819668194 ], [ -68.815290109629288, -32.870199658302184 ], [ -68.815289220746195, -32.870196509548045 ], [ -68.815288266879818, -32.870193374364966 ], [ -68.815287248320786, -32.870190253707896 ], [ -68.815286165379376, -32.870187148527449 ], [ -68.815285018385424, -32.870184059769493 ], [ -68.815283807688331, -32.870180988374898 ], [ -68.815282533656926, -32.870177935279244 ], [ -68.81528119667928, -32.870174901412462 ], [ -68.815279797162646, -32.870171887698788 ], [ -68.815278335533307, -32.870168895056182 ], [ -68.815276812236561, -32.87016592439624 ], [ -68.815275227736379, -32.870162976623838 ], [ -68.815273582515445, -32.870160052636898 ], [ -68.815271877074906, -32.87015715332609 ], [ -68.815270111934225, -32.870154279574606 ], [ -68.815268287631142, -32.870151432257771 ], [ -68.815266404721299, -32.870148612242886 ], [ -68.81526446377832, -32.87014582038902 ], [ -68.815262465393403, -32.870143057546564 ], [ -68.81526041017527, -32.870140324557099 ], [ -68.815258298749981, -32.870137622253104 ], [ -68.815256131760705, -32.870134951457743 ], [ -68.815253909867508, -32.870132312984559 ], [ -68.815251633747224, -32.870129707637268 ], [ -68.815249304093157, -32.870127136209447 ], [ -68.815246921614971, -32.870124599484406 ], [ -68.81524448703837, -32.870122098234859 ], [ -68.815242001104991, -32.870119633222664 ], [ -68.815239464572031, -32.870117205198724 ], [ -68.815236878212161, -32.870114814902614 ], [ -68.815234242813204, -32.870112463062441 ], [ -68.815231559177946, -32.870110150394623 ], [ -68.81522882812385, -32.870107877603594 ], [ -68.815226050482792, -32.870105645381656 ], [ -68.815223227100915, -32.870103454408785 ], [ -68.815220358838175, -32.870101305352343 ], [ -68.815217446568326, -32.870099198866981 ], [ -68.81521449117848, -32.870097135594342 ], [ -68.815211493568867, -32.870095116162894 ], [ -68.815208454652549, -32.870093141187809 ], [ -68.815205375355262, -32.870091211270633 ], [ -68.815202256614953, -32.870089326999292 ], [ -68.815199099381601, -32.870087488947696 ], [ -68.815195904616999, -32.870085697675769 ], [ -68.815192673294206, -32.87008395372915 ], [ -68.815189406397607, -32.870082257638998 ], [ -68.815186104922248, -32.870080609922056 ], [ -68.815182769873829, -32.870079011080115 ], [ -68.815179402268214, -32.870077461600317 ], [ -68.815176003131228, -32.870075961954534 ], [ -68.815172573498273, -32.870074512599651 ], [ -68.815169114414019, -32.870073113977121 ], [ -68.815165626932171, -32.870071766512972 ], [ -68.81516211211499, -32.870070470617691 ], [ -68.815158571033152, -32.870069226685914 ], [ -68.815155004765316, -32.870068035096679 ], [ -68.815151414397775, -32.870066896212904 ], [ -68.815147801024168, -32.870065810381462 ], [ -68.81514416574521, -32.870064777933166 ], [ -68.815140509668169, -32.870063799182454 ], [ -68.815136833906777, -32.870062874427518 ], [ -68.815133139580652, -32.870062003949997 ], [ -68.815129427815151, -32.870061188015086 ], [ -68.815125699740904, -32.870060426871269 ], [ -68.815121956493485, -32.87005972075049 ], [ -68.815118199213131, -32.87005906986775 ], [ -68.815114429044357, -32.870058474421334 ], [ -68.815110647135569, -32.87005793459263 ], [ -68.815106854638771, -32.870057450546092 ], [ -68.815103052709176, -32.870057022429144 ], [ -68.815099242504871, -32.87005665037217 ], [ -68.815095425186513, -32.870056334488538 ], [ -68.815091601916862, -32.870056074874491 ], [ -68.815087773860526, -32.870055871609011 ], [ -68.815083942183549, -32.870055724754131 ], [ -68.81508010805311, -32.8700556343545 ], [ -68.815076272637086, -32.870055600437723 ] ] ] } },
{ "type": "Feature", "properties": { "fid": 43, "TIPO": null, "NAME_1": null, "NAME_2": null, "TIPO_1": null, "N": null, "JURISDIC": "DNV", "REFER": null, "JERAREFER": null }, "geometry": { "type": "MultiLineString", "coordinates": [ [ [ -68.842413503596816, -32.966708768428148 ], [ -68.842396250818879, -32.966709226094721 ], [ -68.842383579407212, -32.96670979608097 ], [ -68.842368537704871, -32.966710656062212 ], [ -68.842353621869648, -32.966711809188112 ], [ -68.842343635250771, -32.966712915263372 ], [ -68.842332731468844, -32.966714499614334 ], [ -68.842323320966742, -32.966715882282074 ], [ -68.842314857857531, -32.966717193465684 ], [ -68.842306423183217, -32.966718628956642 ], [ -68.842298019513009, -32.966720188317609 ], [ -68.84228964940668, -32.966721871073666 ], [ -68.842281315413899, -32.966723676712178 ], [ -68.842273020073151, -32.966725604683184 ], [ -68.842264765911338, -32.966727654399349 ], [ -68.842256555442674, -32.966729825236385 ], [ -68.842248391168098, -32.966732116533024 ], [ -68.842240275574568, -32.966734527591328 ], [ -68.842232211134075, -32.966737057676845 ], [ -68.842224200303136, -32.96673970601892 ], [ -68.842216245521882, -32.966742471810875 ], [ -68.842208349213394, -32.96674535421019 ], [ -68.842200513782956, -32.966748352338897 ], [ -68.842192741617268, -32.966751465283735 ], [ -68.842185035083801, -32.966754692096465 ], [ -68.842177396530005, -32.966758031794221 ], [ -68.842169828282636, -32.966761483359676 ], [ -68.84216233264705, -32.966765045741496 ], [ -68.842154911906476, -32.966768717854549 ], [ -68.842147568321295, -32.966772498580276 ], [ -68.842140304128421, -32.966776386767037 ], [ -68.842133121540598, -32.966780381230471 ], [ -68.842126022745717, -32.966784480753851 ], [ -68.842119009906085, -32.966788684088449 ], [ -68.842112085157879, -32.966792989953866 ], [ -68.842105250610445, -32.966797397038526 ], [ -68.842098508345629, -32.966801904000043 ], [ -68.842091860417185, -32.966806509465485 ], [ -68.842085308850159, -32.96681121203207 ], [ -68.842078855640182, -32.966816010267323 ], [ -68.842072502752998, -32.966820902709678 ], [ -68.842066252123672, -32.966825887868872 ], [ -68.842060105656302, -32.966830964226418 ], [ -68.842054065223081, -32.966836130235997 ], [ -68.842048132664047, -32.966841384323978 ], [ -68.842042309786265, -32.966846724889997 ], [ -68.842036598363478, -32.96685215030724 ], [ -68.842031000135464, -32.966857658923047 ], [ -68.842025516807439, -32.966863249059557 ], [ -68.842020150049706, -32.966868919013898 ], [ -68.842014901497066, -32.966874667058967 ], [ -68.842009772748284, -32.966880491443909 ], [ -68.84200476536563, -32.966886390394542 ], [ -68.841999880874383, -32.966892362114024 ], [ -68.841995120762462, -32.966898404783301 ], [ -68.841990486479858, -32.96690451656174 ], [ -68.841985979438192, -32.96691069558765 ], [ -68.841981601010417, -32.966916939978873 ], [ -68.841977352530222, -32.966923247833265 ], [ -68.841973235291775, -32.966929617229489 ], [ -68.841969250549255, -32.96693604622731 ], [ -68.84196539951644, -32.966942532868437 ], [ -68.841961683366463, -32.966949075176977 ], [ -68.841958103231278, -32.9669556711601 ], [ -68.84195466020148, -32.966962318808584 ], [ -68.841951355325861, -32.966969016097558 ], [ -68.841948189611145, -32.966975760986948 ], [ -68.841945164021666, -32.966982551422191 ], [ -68.841942279479085, -32.966989385334898 ], [ -68.841939536862071, -32.966996260643349 ], [ -68.84193693700611, -32.967003175253311 ], [ -68.841934480703131, -32.967010127058522 ], [ -68.841932168701447, -32.967017113941424 ], [ -68.841930001705265, -32.967024133773734 ], [ -68.841927980374763, -32.967031184417138 ], [ -68.841926105325655, -32.967038263723971 ], [ -68.84192437712916, -32.967045369537807 ], [ -68.841922796311749, -32.967052499694134 ], [ -68.841921363354942, -32.967059652021099 ], [ -68.841920078695281, -32.96706682433998 ], [ -68.841918942724149, -32.967074014466029 ], [ -68.841917955787594, -32.967081220209103 ], [ -68.841917118186259, -32.967088439374237 ], [ -68.841916430175345, -32.967095669762429 ], [ -68.84191589196449, -32.967102909171224 ], [ -68.841915503717601, -32.967110155395389 ], [ -68.841915265553055, -32.967117406227729 ], [ -68.841915177543385, -32.967124659459543 ], [ -68.841915239715476, -32.967131912881435 ], [ -68.841915452050372, -32.967139164283878 ], [ -68.841915814483485, -32.967146411458117 ], [ -68.841916326904425, -32.967153652196508 ], [ -68.841916989157141, -32.96716088429352 ], [ -68.841917801039969, -32.967168105546179 ], [ -68.841918762305568, -32.967175313754744 ], [ -68.841919872661236, -32.967182506723589 ], [ -68.841921131768743, -32.967189682261655 ], [ -68.841922539244621, -32.967196838183185 ], [ -68.841976805985595, -32.96759354514478 ] ] ] } },
{ "type": "Feature", "properties": { "fid": 44, "TIPO": null, "NAME_1": null, "NAME_2": null, "TIPO_1": null, "N": null, "JURISDIC": "DNV", "REFER": null, "JERAREFER": null }, "geometry": { "type": "MultiLineString", "coordinates": [ [ [ -68.841595161516636, -32.967901257951517 ], [ -68.841350575427512, -32.967984262518947 ], [ -68.84124837720708, -32.968026322868468 ], [ -68.841155005192405, -32.968080113858143 ], [ -68.841078053432184, -32.968139678879346 ], [ -68.84101651960421, -32.968200115804962 ], [ -68.840957024485277, -32.96828544149291 ], [ -68.840928235307103, -32.968347688364652 ], [ -68.840915007846846, -32.968413047579993 ], [ -68.840920381260716, -32.968492858861033 ], [ -68.840937030630272, -32.968546911770247 ], [ -68.840961710736863, -32.968598508990723 ], [ -68.840994990770241, -32.968647134009061 ], [ -68.841041917204407, -32.968697907203705 ], [ -68.841093912289082, -32.968741442048277 ], [ -68.841146934568471, -32.968776028742425 ], [ -68.84120653911927, -32.968805083655923 ], [ -68.841273232262111, -32.968828181259276 ], [ -68.841333873348134, -32.968843067490525 ], [ -68.841434342783032, -32.968849480989419 ], [ -68.841521436496436, -32.968843731775415 ], [ -68.841583264596366, -32.968830918759757 ], [ -68.841645358006275, -32.968811074350896 ], [ -68.841707088938179, -32.968781853853045 ], [ -68.841757196638952, -32.968749955077016 ], [ -68.841801624323026, -32.968713787451001 ], [ -68.841860668169261, -32.968644099489282 ], [ -68.84189634960434, -32.96857111473571 ], [ -68.841915812205301, -32.968494886215311 ], [ -68.841921894268097, -32.968394734914561 ], [ -68.841910946555046, -32.968297016438953 ], [ -68.841887834716417, -32.968147397694139 ], [ -68.841861073640132, -32.96796412486848 ] ] ] } },
{ "type": "Feature", "properties": { "fid": 45, "TIPO": null, "NAME_1": null, "NAME_2": null, "TIPO_1": null, "N": null, "JURISDIC": "DNV", "REFER": null, "JERAREFER": null }, "geometry": { "type": "MultiLineString", "coordinates": [ [ [ -68.840919368395021, -32.966981321111128 ], [ -68.840910714262407, -32.966981373751956 ], [ -68.840902062537694, -32.966981553701636 ], [ -68.840893415856257, -32.966981860905406 ], [ -68.840884776851851, -32.966982295269652 ], [ -68.840876148156042, -32.966982856662071 ], [ -68.840867532397169, -32.966983544911649 ], [ -68.840858932199609, -32.966984359808755 ], [ -68.840850350183018, -32.966985301105169 ], [ -68.840841788961583, -32.966986368514156 ], [ -68.840833251143039, -32.966987561710617 ], [ -68.840824739328113, -32.966988880331016 ], [ -68.840816256109477, -32.966990323973789 ], [ -68.840807804071218, -32.966991892199147 ], [ -68.840799385787875, -32.966993584529355 ], [ -68.840791003823696, -32.966995400449001 ], [ -68.840782660731875, -32.966997339404919 ], [ -68.840774359053754, -32.966999400806451 ], [ -68.840766101318081, -32.967001584025738 ], [ -68.840757890040223, -32.967003888397748 ], [ -68.840749727721374, -32.967006313220523 ], [ -68.840741616847836, -32.967008857755481 ], [ -68.840733559890225, -32.967011521227505 ], [ -68.840725559302754, -32.967014302825334 ], [ -68.840717617522401, -32.967017201701658 ], [ -68.84070973696835, -32.967020216973459 ], [ -68.840701920041042, -32.967023347722225 ], [ -68.840694169121562, -32.967026592994401 ], [ -68.840686486570903, -32.967029951801415 ], [ -68.840678874729221, -32.967033423120114 ], [ -68.840671335915104, -32.967037005893182 ], [ -68.840663872424955, -32.967040699029226 ], [ -68.840656486532239, -32.967044501403336 ], [ -68.840649180486722, -32.96704841185727 ], [ -68.840641956513849, -32.967052429199882 ], [ -68.840634816814145, -32.967056552207474 ], [ -68.840627763562409, -32.967060779624099 ], [ -68.840620798907096, -32.967065110162153 ], [ -68.84061392496973, -32.967069542502458 ], [ -68.840607143844139, -32.96707407529491 ], [ -68.840600457595897, -32.967078707158784 ], [ -68.840593868261749, -32.967083436683218 ], [ -68.84058737784882, -32.967088262427524 ], [ -68.840580988334153, -32.967093182921772 ], [ -68.840574701664067, -32.967098196667152 ], [ -68.840568519753532, -32.967103302136451 ], [ -68.840562444485627, -32.967108497774475 ], [ -68.840556477710905, -32.967113781998627 ], [ -68.840550621246948, -32.967119153199299 ], [ -68.840544876877672, -32.967124609740381 ], [ -68.84053924635289, -32.96713014995975 ], [ -68.84053373138768, -32.967135772169819 ], [ -68.840528333661993, -32.967141474658064 ], [ -68.840523054820025, -32.967147255687465 ], [ -68.840517896469777, -32.967153113497012 ], [ -68.840512860182557, -32.96715904630242 ], [ -68.840507947492455, -32.967165052296536 ], [ -68.840503159895945, -32.967171129649877 ], [ -68.840498498851389, -32.967177276511208 ], [ -68.84049396577862, -32.967183491008171 ], [ -68.840489562058423, -32.967189771247789 ], [ -68.840485289032316, -32.967196115317016 ], [ -68.840481148001814, -32.967202521283461 ], [ -68.840477140228444, -32.967208987195768 ], [ -68.84047326693296, -32.96721551108439 ], [ -68.840469529295234, -32.967222090962132 ], [ -68.840465928453838, -32.967228724824636 ], [ -68.840462465505638, -32.967235410651256 ], [ -68.840459141505505, -32.967242146405361 ], [ -68.840455957465991, -32.96724893003524 ], [ -68.840452914357002, -32.967255759474519 ], [ -68.840450013105539, -32.967262632642921 ], [ -68.840447254595361, -32.967269547446797 ], [ -68.840444639666813, -32.967276501779843 ], [ -68.840442169116386, -32.967283493523723 ], [ -68.840439843696743, -32.96729052054868 ], [ -68.84043766411618, -32.967297580714238 ], [ -68.840435631038716, -32.967304671869769 ], [ -68.840433745083658, -32.967311791855295 ], [ -68.840432006825523, -32.96731893850199 ], [ -68.840430416793808, -32.9673261096329 ], [ -68.840428975472889, -32.967333303063683 ], [ -68.840427683301897, -32.967340516603102 ], [ -68.840426540674429, -32.967347748053875 ], [ -68.840425547938594, -32.967354995213235 ], [ -68.840424705396813, -32.967362255873631 ], [ -68.840424013305764, -32.967369527823394 ], [ -68.840423471876321, -32.967376808847412 ], [ -68.840423081273443, -32.967384096727862 ], [ -68.840422841616103, -32.967391389244725 ], [ -68.840422752977403, -32.967398684176665 ], [ -68.840422815384372, -32.967405979301567 ], [ -68.840423028818023, -32.96741327239728 ], [ -68.840423393213342, -32.9674205612422 ], [ -68.840423908459428, -32.967427843616136 ], [ -68.84042457439935, -32.967435117300823 ], [ -68.840425390830262, -32.967442380080527 ], [ -68.84042635750356, -32.967449629742994 ], [ -68.84042747412478, -32.967456864079914 ], [ -68.840428740353843, -32.967464080887616 ], [ -68.840430155805066, -32.967471277967803 ], [ -68.840431720047363, -32.967478453128145 ], [ -68.840433432604215, -32.967485604183025 ], [ -68.840435292954069, -32.96749272895417 ], [ -68.840437300530226, -32.967499825271254 ], [ -68.840439454721235, -32.9675068909727 ], [ -68.840441754870895, -32.967513923906239 ], [ -68.840444200278611, -32.96752092192952 ], [ -68.840446790199536, -32.9675278829109 ], [ -68.840449523844768, -32.967534804729951 ], [ -68.84045240038165, -32.967541685278235 ], [ -68.840455418933971, -32.967548522459865 ], [ -68.8404585785823, -32.967555314192161 ], [ -68.840461878364209, -32.967562058406294 ], [ -68.840465317274578, -32.967568753047864 ], [ -68.840468894265882, -32.967575396077628 ], [ -68.840472608248547, -32.967581985472066 ], [ -68.840476458091331, -32.967588519223924 ], [ -68.840480442621555, -32.967594995342971 ], [ -68.840484560625484, -32.967601411856542 ], [ -68.840488810848754, -32.967607766810019 ], [ -68.840493191996742, -32.967614058267635 ], [ -68.840497702734936, -32.967620284312964 ], [ -68.840502341689316, -32.967626443049475 ], [ -68.84050710744684, -32.967632532601115 ], [ -68.840511998555797, -32.967638551112984 ], [ -68.840517013526366, -32.96764449675171 ], [ -68.840522150830907, -32.967650367706163 ], [ -68.840527408904606, -32.967656162188099 ], [ -68.840532786145786, -32.967661878432331 ], [ -68.840538280916476, -32.967667514697659 ], [ -68.840543891542993, -32.967673069267214 ], [ -68.840549616316196, -32.967678540448986 ], [ -68.840555453492343, -32.967683926576406 ], [ -68.840561401293357, -32.967689226008794 ], [ -68.840567457907468, -32.96769443713184 ], [ -68.840573621489781, -32.96769955835822 ], [ -68.840579890162815, -32.96770458812788 ], [ -68.840586262017041, -32.96770952490877 ], [ -68.840592735111571, -32.967714367197026 ], [ -68.840599307474591, -32.967719113517639 ], [ -68.840605977104133, -32.967723762424797 ], [ -68.840612741968542, -32.967728312502416 ], [ -68.840619600007173, -32.967732762364484 ], [ -68.840626549130945, -32.967737110655499 ], [ -68.840633587223124, -32.967741356050901 ], [ -68.840640712139816, -32.967745497257525 ], [ -68.840647921710683, -32.967749533013837 ], [ -68.840655213739637, -32.967753462090585 ], [ -68.840662586005365, -32.967757283290858 ], [ -68.840670036262281, -32.967760995450682 ], [ -68.84067756224087, -32.967764597439277 ], [ -68.840685161648665, -32.96776808815946 ], [ -68.840692832170774, -32.967771466547859 ], [ -68.840700571470691, -32.967774731575417 ], [ -68.840708377190893, -32.967777882247518 ], [ -68.84071624695369, -32.967780917604472 ], [ -68.840724178361825, -32.967783836721644 ], [ -68.840732168999295, -32.967786638709839 ], [ -68.840740216432067, -32.967789322715525 ], [ -68.840748318208767, -32.967791887921116 ], [ -68.840756471861482, -32.96779433354525 ], [ -68.840764674906538, -32.9677966588429 ], [ -68.840772924845155, -32.967798863105784 ], [ -68.840781219164256, -32.967800945662432 ], [ -68.840789555337366, -32.967802905878493 ], [ -68.840797930825076, -32.96780474315684 ], [ -68.840806343076167, -32.967806456937801 ], [ -68.840814789528125, -32.967808046699389 ], [ -68.840823267608073, -32.967809511957277 ], [ -68.840831774733417, -32.967810852265174 ], [ -68.840840308312821, -32.967812067214744 ], [ -68.84084886574685, -32.96781315643598 ], [ -68.840857444428721, -32.96781411959703 ], [ -68.840866041745315, -32.967814956404489 ], [ -68.840874655077712, -32.967815666603514 ], [ -68.840883281802235, -32.967816249977709 ], [ -68.840891919290996, -32.967816706349439 ], [ -68.840900564912971, -32.967817035579635 ], [ -68.840909216034518, -32.967817237568006 ], [ -68.840917870020434, -32.967817312253004 ], [ -68.840926524234547, -32.967817259611955 ], [ -68.840935176040702, -32.967817079660826 ], [ -68.840943822803396, -32.967816772454491 ], [ -68.841119025268839, -32.967814824020621 ], [ -68.841544702658041, -32.967776114922295 ] ] ] } },
{ "type": "Feature", "properties": { "fid": 46, "TIPO": null, "NAME_1": null, "NAME_2": null, "TIPO_1": null, "N": null, "JURISDIC": "DNV", "REFER": null, "JERAREFER": null }, "geometry": { "type": "MultiLineString", "coordinates": [ [ [ -68.824105897793004, -32.926053475837264 ], [ -68.823660817906159, -32.926242854040375 ], [ -68.823545436974456, -32.926315480992223 ], [ -68.823480483813597, -32.926370567850135 ], [ -68.823429507915208, -32.926425380644083 ], [ -68.823388398319736, -32.926477452798352 ], [ -68.823358401049433, -32.926527069032574 ], [ -68.823354334824344, -32.926534227740511 ], [ -68.823350417360558, -32.926541445206951 ], [ -68.823346649851445, -32.926548719233388 ], [ -68.82334303344463, -32.92655604760413 ], [ -68.823339569241767, -32.926563428086865 ], [ -68.823336258298085, -32.926570858433472 ], [ -68.823333101622168, -32.92657833638058 ], [ -68.823330100175639, -32.926585859650352 ], [ -68.823327254872723, -32.92659342595114 ], [ -68.823324566580268, -32.926601032978162 ], [ -68.823322036117091, -32.926608678414325 ], [ -68.823319664254115, -32.926616359930698 ], [ -68.82331745171382, -32.926624075187434 ], [ -68.823315399170212, -32.926631821834413 ], [ -68.823313507248557, -32.926639597511958 ], [ -68.823311776525216, -32.92664739985149 ], [ -68.823310207527413, -32.926655226476363 ], [ -68.823308800733116, -32.926663075002537 ], [ -68.823308371640593, -32.926728906490588 ], [ -68.823323171094941, -32.926798792802877 ], [ -68.823353318131652, -32.926880737929849 ], [ -68.823397716494711, -32.926942402323029 ], [ -68.82347171376658, -32.927021606810278 ], [ -68.823551192317794, -32.927070664260881 ], [ -68.823629026485193, -32.927111225728389 ], [ -68.823728785770172, -32.927136439613626 ], [ -68.823819775008161, -32.927146854044459 ], [ -68.823910764246094, -32.927141920893014 ], [ -68.824006138507585, -32.927126025182766 ], [ -68.8240883576985, -32.927095878146076 ], [ -68.824168658441636, -32.927053946358726 ], [ -68.82424128539364, -32.927002970460336 ], [ -68.824310349513993, -32.926937743235534 ], [ -68.824338304038918, -32.926899374279778 ], [ -68.824358156800926, -32.926860821804979 ], [ -68.824360845013018, -32.926853214755738 ], [ -68.824363375394, -32.926845569298578 ], [ -68.824365747173104, -32.92683788776241 ], [ -68.824367959627907, -32.92683017248708 ], [ -68.824370012084543, -32.926822425822749 ], [ -68.824371903917793, -32.926814650129174 ], [ -68.824373634551506, -32.926806847774856 ], [ -68.824375203458473, -32.926799021136496 ], [ -68.824376610160897, -32.926791172598186 ], [ -68.824377854230264, -32.926783304550675 ], [ -68.824378935287726, -32.926775419390623 ], [ -68.82437985300399, -32.926767519519956 ], [ -68.824380607099556, -32.926759607345012 ], [ -68.824381197344749, -32.926751685275981 ], [ -68.824381623559859, -32.926743755725958 ], [ -68.824381885615054, -32.926735821110398 ], [ -68.824381983430598, -32.926727883846233 ], [ -68.824381916976691, -32.926719946351234 ], [ -68.824381686273654, -32.926712011043264 ], [ -68.824381291391816, -32.926704080339469 ], [ -68.824380732451445, -32.926696156655623 ], [ -68.824380009622914, -32.926688242405348 ], [ -68.82437912312642, -32.926680339999407 ], [ -68.824378073232026, -32.926672451844951 ], [ -68.824376860259576, -32.926664580344806 ], [ -68.824311271188762, -32.926123186024071 ] ] ] } },
{ "type": "Feature", "properties": { "fid": 47, "TIPO": null, "NAME_1": null, "NAME_2": null, "TIPO_1": null, "N": null, "JURISDIC": "DNV", "REFER": null, "JERAREFER": null }, "geometry": { "type": "MultiLineString", "coordinates": [ [ [ -68.823508416120006, -32.925092961957489 ], [ -68.823498007551791, -32.925093023865266 ], [ -68.823487601849905, -32.925093238964294 ], [ -68.82347720218398, -32.925093607189133 ], [ -68.823466811721829, -32.925094128427524 ], [ -68.82345643362838, -32.925094802520746 ], [ -68.823446071064893, -32.925095629263481 ], [ -68.823435727187857, -32.925096608403841 ], [ -68.823425405148015, -32.925097739643661 ], [ -68.82341510808952, -32.925099022638292 ], [ -68.823404839148935, -32.925100456996937 ], [ -68.82339460145424, -32.92510204228271 ], [ -68.823384398123849, -32.925103778012691 ], [ -68.823374232265735, -32.925105663658208 ], [ -68.823364106976513, -32.92510769864483 ], [ -68.823354025340336, -32.92510988235275 ], [ -68.823343990428199, -32.925112214116758 ], [ -68.823334005296701, -32.925114693226618 ], [ -68.823324072987432, -32.925117318927157 ], [ -68.8233141965258, -32.925120090418581 ], [ -68.823304378920227, -32.92512300685668 ], [ -68.823294623161232, -32.925126067353105 ], [ -68.823284932220432, -32.925129270975589 ], [ -68.823275309049777, -32.925132616748321 ], [ -68.823265756580497, -32.925136103652143 ], [ -68.823256277722365, -32.925139730624913 ], [ -68.823246875362685, -32.925143496561887 ], [ -68.823237552365484, -32.925147400315893 ], [ -68.823228311570603, -32.925151440697846 ], [ -68.823219155792842, -32.925155616477014 ], [ -68.82321008782111, -32.925159926381433 ], [ -68.823201110417571, -32.925164369098312 ], [ -68.823192226316792, -32.925168943274358 ], [ -68.82318343822493, -32.925173647516218 ], [ -68.823174748818928, -32.925178480391011 ], [ -68.823166160745629, -32.925183440426579 ], [ -68.823157676621022, -32.925188526112102 ], [ -68.82314929902941, -32.925193735898397 ], [ -68.823141030522706, -32.92519906819858 ], [ -68.823132873619571, -32.925204521388409 ], [ -68.823124830804602, -32.925210093806754 ], [ -68.823116904527794, -32.925215783756315 ], [ -68.823109097203485, -32.925221589503828 ], [ -68.823101411209905, -32.925227509280823 ], [ -68.823093848888249, -32.925233541284165 ], [ -68.823086412542082, -32.925239683676416 ], [ -68.823079104436587, -32.925245934586556 ], [ -68.82307192679788, -32.925252292110564 ], [ -68.823064881812329, -32.925258754311891 ], [ -68.823057971625929, -32.925265319222063 ], [ -68.823051198343592, -32.925271984841459 ], [ -68.82304456402855, -32.925278749139579 ], [ -68.823038070701628, -32.925285610056044 ], [ -68.82303172034085, -32.925292565500968 ], [ -68.823025514880527, -32.925299613355669 ], [ -68.823019456210986, -32.925306751473293 ], [ -68.823013546177762, -32.925313977679586 ], [ -68.823007786581115, -32.925321289773322 ], [ -68.823002179175475, -32.925328685527255 ], [ -68.822996725668958, -32.925336162688552 ], [ -68.822991427722769, -32.925343718979619 ], [ -68.822986286950737, -32.925351352098772 ], [ -68.822981304918841, -32.925359059720869 ], [ -68.822976483144657, -32.925366839498167 ], [ -68.822971823097021, -32.925374689060838 ], [ -68.822967326195382, -32.925382606017926 ], [ -68.822962993809639, -32.925390587957757 ], [ -68.822958827259498, -32.925398632449038 ], [ -68.822954827814172, -32.925406737041335 ], [ -68.822950996691944, -32.925414899265967 ], [ -68.822947335059865, -32.925423116636594 ], [ -68.822943844033347, -32.925431386650146 ], [ -68.822940524675829, -32.925439706787614 ], [ -68.822937377998457, -32.925448074514499 ], [ -68.82293440495981, -32.925456487281956 ], [ -68.822931606465488, -32.925464942527405 ], [ -68.822928983368058, -32.925473437675294 ], [ -68.822926536466554, -32.925481970137938 ], [ -68.822924266506362, -32.925490537316271 ], [ -68.822922174179013, -32.925499136600656 ], [ -68.822920260121862, -32.925507765371705 ], [ -68.822918524918009, -32.925516421000964 ], [ -68.822916969096099, -32.925525100851885 ], [ -68.822915593130077, -32.925533802280512 ], [ -68.822914397439106, -32.925542522636313 ], [ -68.822913382387497, -32.925551259262988 ], [ -68.822912548284492, -32.925560009499222 ], [ -68.822911895384181, -32.925568770679689 ], [ -68.822911423885529, -32.925577540135635 ], [ -68.822911133932237, -32.92558631519578 ], [ -68.822911025612598, -32.925595093187162 ], [ -68.822911098959764, -32.925603871435932 ], [ -68.822911353951369, -32.925612647268146 ], [ -68.822911790509821, -32.925621418010621 ], [ -68.822912408502191, -32.925630180991647 ], [ -68.822913207740314, -32.925638933541975 ], [ -68.822914187980757, -32.925647672995488 ], [ -68.82291534892498, -32.925656396690009 ], [ -68.822916690219415, -32.925665101968306 ], [ -68.82291821145553, -32.925673786178606 ], [ -68.822919912170008, -32.92568244667558 ], [ -68.822921791844848, -32.925691080821196 ], [ -68.822923849907511, -32.925699685985421 ], [ -68.82292608573114, -32.925708259546944 ], [ -68.822928498634766, -32.925716798894236 ], [ -68.822931087883418, -32.925725301426112 ], [ -68.822933852688422, -32.925733764552589 ], [ -68.822936792207642, -32.925742185695704 ], [ -68.822939905545766, -32.925750562290311 ], [ -68.822943191754405, -32.925758891784781 ], [ -68.822946649832645, -32.92576717164183 ], [ -68.822950278727163, -32.925775399339422 ], [ -68.822954077332597, -32.925783572371188 ], [ -68.822958044491884, -32.925791688247564 ], [ -68.822962178996619, -32.925799744496381 ], [ -68.822966479587464, -32.925807738663636 ], [ -68.822970944954406, -32.925815668314137 ], [ -68.822975573737352, -32.925823531032499 ], [ -68.822980364526288, -32.925831324423584 ], [ -68.822985315861956, -32.925839046113424 ], [ -68.82299042623616, -32.925846693749968 ], [ -68.82299569409227, -32.925854265003579 ], [ -68.823001117825655, -32.925861757568029 ], [ -68.823006695784258, -32.925869169160912 ], [ -68.823012426268946, -32.925876497524648 ], [ -68.823018307534213, -32.925883740426862 ], [ -68.823024337788581, -32.925890895661304 ], [ -68.8230305151952, -32.925897961048385 ], [ -68.823036837872337, -32.925904934435898 ], [ -68.823043303894124, -32.925911813699685 ], [ -68.823049911290965, -32.925918596744218 ], [ -68.823056658050135, -32.925925281503311 ], [ -68.823063542116557, -32.925931865940662 ], [ -68.823070561393266, -32.925938348050565 ], [ -68.823077713742137, -32.925944725858542 ], [ -68.823084996984505, -32.925950997421786 ], [ -68.823092408901829, -32.92595716082986 ], [ -68.823099947236315, -32.925963214205389 ], [ -68.823107609691789, -32.925969155704372 ], [ -68.823115393934117, -32.925974983516994 ], [ -68.823123297592204, -32.925980695867992 ], [ -68.823131318258447, -32.92598629101731 ], [ -68.823139453489702, -32.925991767260598 ], [ -68.823147700807894, -32.925997122929708 ], [ -68.823156057700743, -32.926002356393234 ], [ -68.823164521622715, -32.926007466057023 ], [ -68.823173089995564, -32.926012450364524 ], [ -68.823181760209266, -32.926017307797501 ], [ -68.823190529622735, -32.926022036876347 ], [ -68.823199395564771, -32.926026636160451 ], [ -68.823208355334643, -32.926031104248828 ], [ -68.823217406203113, -32.926035439780421 ], [ -68.823226545413149, -32.926039641434613 ], [ -68.823235770180872, -32.926043707931498 ], [ -68.823245077696271, -32.926047638032337 ], [ -68.823254465124151, -32.926051430539971 ], [ -68.823263929604991, -32.926055084299193 ], [ -68.823273468255749, -32.926058598196988 ], [ -68.823283078170874, -32.92606197116293 ], [ -68.823292756423029, -32.926065202169625 ], [ -68.823302500064102, -32.926068290232834 ], [ -68.823312306126013, -32.9260712344119 ], [ -68.82332217162174, -32.926074033809989 ], [ -68.823332093546057, -32.926076687574323 ], [ -68.823342068876656, -32.926079194896566 ], [ -68.823352094574915, -32.926081555012964 ], [ -68.823362167586808, -32.926083767204538 ], [ -68.823372284844027, -32.926085830797469 ], [ -68.823382443264634, -32.92608774516313 ], [ -68.823392639754289, -32.926089509718388 ], [ -68.823402871206952, -32.926091123925744 ], [ -68.823413134505984, -32.926092587293454 ], [ -68.823423426525039, -32.926093899375786 ], [ -68.823433744129005, -32.926095059773054 ], [ -68.823444084175009, -32.926096068131741 ], [ -68.823454443513313, -32.926096924144765 ], [ -68.823464818988299, -32.926097627551322 ], [ -68.823475207439444, -32.926098178137138 ], [ -68.823485605702302, -32.926098575734507 ], [ -68.823496010609361, -32.926098820222329 ], [ -68.823506418991187, -32.926098911526104 ], [ -68.823516827677153, -32.92609884961805 ], [ -68.823527233496719, -32.92609863451699 ], [ -68.82353763328004, -32.926098266288484 ], [ -68.823548023859203, -32.926097745044665 ], [ -68.823558402069096, -32.926097070944337 ], [ -68.823568764748373, -32.92609624419282 ], [ -68.823579108740375, -32.92609526504198 ], [ -68.823589430894216, -32.926094133790045 ], [ -68.823599728065588, -32.926092850781636 ], [ -68.823609997117785, -32.92609141640758 ], [ -68.823620234922757, -32.926089831104804 ], [ -68.824081780163681, -32.925992085508014 ] ] ] } },
{ "type": "Feature", "properties": { "fid": 48, "TIPO": null, "NAME_1": null, "NAME_2": null, "TIPO_1": null, "N": null, "JURISDIC": "DNV", "REFER": null, "JERAREFER": null }, "geometry": { "type": "MultiLineString", "coordinates": [ [ [ -68.825013844167245, -32.924764441066714 ], [ -68.825004211246409, -32.924764498477487 ], [ -68.8249945809807, -32.924764697664337 ], [ -68.824984956303581, -32.924765038566498 ], [ -68.82497534014675, -32.924765521080175 ], [ -68.824965735439335, -32.924766145058378 ], [ -68.824956145107009, -32.924766910311078 ], [ -68.824946572070985, -32.924767816605147 ], [ -68.824937019247287, -32.924768863664511 ], [ -68.824927489545772, -32.924770051170228 ], [ -68.82491798586922, -32.924771378760603 ], [ -68.824908511112483, -32.924772846031225 ], [ -68.824899068161599, -32.92477445253521 ], [ -68.824889659893017, -32.924776197783132 ], [ -68.824880289172469, -32.924778081243403 ], [ -68.824870958854376, -32.924780102342332 ], [ -68.824861671780766, -32.924782260464276 ], [ -68.824852430780581, -32.924784554951813 ], [ -68.82484323866862, -32.924786985106124 ], [ -68.824834098244906, -32.924789550186873 ], [ -68.824825012293601, -32.924792249412789 ], [ -68.824815983582383, -32.924795081961648 ], [ -68.824807014861463, -32.924798046970636 ], [ -68.824798108862737, -32.924801143536627 ], [ -68.824789268299028, -32.924804370716338 ], [ -68.824780495863251, -32.924807727526812 ], [ -68.824771794227502, -32.924811212945507 ], [ -68.824763166042374, -32.924814825910744 ], [ -68.824754613936065, -32.924818565322013 ], [ -68.824746140513639, -32.924822430040251 ], [ -68.824737748356114, -32.924826418888259 ], [ -68.824729440019809, -32.924830530651015 ], [ -68.824721218035492, -32.924834764076046 ], [ -68.824713084907671, -32.924839117873795 ], [ -68.824705043113696, -32.924843590718126 ], [ -68.824697095103218, -32.924848181246546 ], [ -68.824689243297271, -32.924852888060762 ], [ -68.824681490087485, -32.924857709727057 ], [ -68.824673837835633, -32.924862644776731 ], [ -68.824666288872621, -32.924867691706531 ], [ -68.82465884549795, -32.924872848979092 ], [ -68.824651509978892, -32.924878115023539 ], [ -68.824644284549947, -32.924883488235793 ], [ -68.824637171412022, -32.92488896697909 ], [ -68.824630172731858, -32.924894549584643 ], [ -68.824623290641327, -32.924900234351888 ], [ -68.824616527236728, -32.924906019549283 ], [ -68.824609884578337, -32.924911903414525 ], [ -68.824603364689509, -32.924917884155427 ], [ -68.824596969556325, -32.924923959950171 ], [ -68.824590701126724, -32.924930128948105 ], [ -68.824584561310232, -32.924936389270002 ], [ -68.824578551977069, -32.924942739009012 ], [ -68.824572674957707, -32.924949176230896 ], [ -68.824566932042416, -32.924955698974898 ], [ -68.824561324980536, -32.92496230525412 ], [ -68.824555855480028, -32.924968993056211 ], [ -68.824550525207002, -32.924975760344061 ], [ -68.824545335785103, -32.924982605056293 ], [ -68.824540288795092, -32.924989525107954 ], [ -68.824535385774382, -32.924996518391161 ], [ -68.824530628216465, -32.925003582775688 ], [ -68.824526017570633, -32.925010716109689 ], [ -68.824521555241276, -32.925017916220284 ], [ -68.824517242587731, -32.925025180914282 ], [ -68.824513080923666, -32.925032507978806 ], [ -68.824509071516857, -32.925039895181939 ], [ -68.824505215588573, -32.925047340273487 ], [ -68.824501514313454, -32.925054840985666 ], [ -68.824497968818946, -32.925062395033663 ], [ -68.82449458018506, -32.925070000116484 ], [ -68.824491349444074, -32.925077653917533 ], [ -68.824488277580102, -32.925085354105349 ], [ -68.824485365528943, -32.9250930983345 ], [ -68.824482614177626, -32.925100884245971 ], [ -68.824480024364362, -32.925108709468091 ], [ -68.824477596877969, -32.925116571617281 ], [ -68.824475332457951, -32.925124468298627 ], [ -68.824473231794158, -32.925132397106765 ], [ -68.824471295526493, -32.925140355626468 ], [ -68.82446952424479, -32.925148341433527 ], [ -68.824467918488637, -32.925156352095414 ], [ -68.824466478747254, -32.925164385171968 ], [ -68.824465205459163, -32.925172438216244 ], [ -68.824464099012346, -32.92518050877527 ], [ -68.824463159743843, -32.925188594390598 ], [ -68.824462387939789, -32.925196692599329 ], [ -68.824461783835375, -32.925204800934665 ], [ -68.82446134761463, -32.925212916926753 ], [ -68.824461079410483, -32.925221038103338 ], [ -68.824460979304689, -32.925229161990657 ], [ -68.824461047327787, -32.925237286114111 ], [ -68.824461283459087, -32.925245407998958 ], [ -68.824461687626723, -32.925253525171215 ], [ -68.824462259707616, -32.925261635158364 ], [ -68.824462999527555, -32.925269735489998 ], [ -68.824463906861226, -32.925277823698636 ], [ -68.824464981432286, -32.925285897320542 ], [ -68.824521104269451, -32.925785572376398 ] ] ] } },
{ "type": "Feature", "properties": { "fid": 49, "TIPO": null, "NAME_1": null, "NAME_2": null, "TIPO_1": null, "N": null, "JURISDIC": "DNV", "REFER": null, "JERAREFER": null }, "geometry": { "type": "MultiLineString", "coordinates": [ [ [ -68.843022747634478, -32.970171001354686 ], [ -68.842606329068246, -32.969581345366429 ], [ -68.842536182610644, -32.969488492541046 ], [ -68.842475361982665, -32.969418751554301 ], [ -68.842415352296385, -32.969365229401674 ], [ -68.842328581533806, -32.969301165006875 ], [ -68.842224780995394, -32.969238722495483 ], [ -68.842104761622849, -32.969177901867504 ], [ -68.84198109301262, -32.969124785185727 ], [ -68.84183431256379, -32.969080994333595 ], [ -68.841694019648571, -32.969051800432155 ], [ -68.841545211845457, -32.969028891328932 ], [ -68.841377346912239, -32.968995642718994 ], [ -68.841246785297514, -32.968963205050741 ], [ -68.841133253458622, -32.968919414198595 ], [ -68.840998231664514, -32.968855958010089 ], [ -68.84084090897349, -32.968761888772121 ], [ -68.840740352201905, -32.968675928951249 ], [ -68.840581002156583, -32.968524891058458 ], [ -68.840460982784037, -32.968440553120985 ], [ -68.840347856416017, -32.968387436439237 ], [ -68.840257030944898, -32.968354187829263 ], [ -68.840140255339179, -32.96831931733589 ], [ -68.839999962423988, -32.968302287560036 ], [ -68.83985318197513, -32.968299043793216 ], [ -68.839675991212289, -32.968314451685657 ], [ -68.839427843050132, -32.968341212761949 ], [ -68.839075130685757, -32.968359571818645 ] ] ] } },
{ "type": "Feature", "properties": { "fid": 50, "TIPO": null, "NAME_1": null, "NAME_2": null, "TIPO_1": null, "N": null, "JURISDIC": "DNV", "REFER": null, "JERAREFER": null }, "geometry": { "type": "MultiLineString", "coordinates": [ [ [ -68.844458214676607, -32.967354678737891 ], [ -68.843992410398812, -32.967521608561633 ], [ -68.843838878645897, -32.967572727191211 ], [ -68.843758325012715, -32.967630092471886 ], [ -68.843683954348691, -32.967694395802738 ], [ -68.843629689420808, -32.967757247894042 ], [ -68.843587867567166, -32.967821546242469 ], [ -68.843553359337619, -32.9678954424189 ], [ -68.843525898248416, -32.96798671358173 ], [ -68.843501024782086, -32.968165230033883 ], [ -68.843478871525434, -32.968260970865153 ], [ -68.843444311539685, -32.968364059148762 ], [ -68.843401657985495, -32.968469694255681 ], [ -68.843346875739783, -32.968572544071677 ], [ -68.843245958186259, -32.968750472889731 ], [ -68.843208913523966, -32.968826790630331 ], [ -68.843172341290014, -32.968923910012414 ], [ -68.843145903524515, -32.96902575654331 ], [ -68.843119394221674, -32.969150163011108 ], [ -68.843114674449538, -32.969246150424198 ], [ -68.84311349214974, -32.969380245216406 ], [ -68.843127911545963, -32.969479917755095 ], [ -68.843143938289018, -32.969565596753526 ], [ -68.843206756050165, -32.969779716256717 ], [ -68.84333025695679, -32.970148036343318 ] ] ] } },
{ "type": "Feature", "properties": { "fid": 51, "TIPO": "PAVIMENTO", "NAME_1": "RP 10", "NAME_2": "JUAN JOSE PASO", "TIPO_1": "RP", "N": 10, "JURISDIC": "DPV", "REFER": null, "JERAREFER": null }, "geometry": { "type": "MultiLineString", "coordinates": [ [ [ -68.861718518563094, -32.963759269875339 ], [ -68.861805494558268, -32.963750802804839 ], [ -68.861858772978223, -32.963738034103216 ], [ -68.861929844100899, -32.963699629780344 ], [ -68.862059683896916, -32.963587739621367 ], [ -68.862112703454002, -32.963533072530325 ], [ -68.862310281934441, -32.963278074005871 ], [ -68.862740377368581, -32.962722415927878 ], [ -68.862892261513338, -32.962494090467956 ], [ -68.863052419686881, -32.962244661733372 ], [ -68.863126059781976, -32.962183811170505 ], [ -68.863218748305812, -32.962104808937099 ], [ -68.86330064808827, -32.962032475888748 ], [ -68.863369268351207, -32.961937412654201 ], [ -68.863415764806959, -32.961846043895818 ], [ -68.863423566894895, -32.961774720002389 ], [ -68.86341319143655, -32.961683800585455 ] ] ] } },
{ "type": "Feature", "properties": { "fid": 52, "TIPO": null, "NAME_1": null, "NAME_2": null, "TIPO_1": null, "N": null, "JURISDIC": "DNV", "REFER": null, "JERAREFER": null }, "geometry": { "type": "MultiLineString", "coordinates": [ [ [ -68.844442208714568, -32.967256641154805 ], [ -68.84383490575344, -32.967322467243349 ], [ -68.843621628084662, -32.967321656301642 ], [ -68.843504852478958, -32.967297328050449 ], [ -68.843405106649072, -32.967261646615377 ], [ -68.843315903061338, -32.967220288588358 ], [ -68.843227510415375, -32.967165144552297 ], [ -68.843153714720088, -32.967101080157512 ], [ -68.843083162791643, -32.967031339170767 ], [ -68.843016260100853, -32.966940310964219 ], [ -68.842949762880934, -32.966852729259934 ], [ -68.842884482073572, -32.966780149977204 ], [ -68.842796900369279, -32.966714463698992 ], [ -68.842710129606701, -32.966661752488086 ], [ -68.842621736960709, -32.966623638227894 ], [ -68.842519558305725, -32.966584713025988 ], [ -68.842397106108066, -32.966560384774802 ], [ -68.842168420546855, -32.966539300290435 ], [ -68.842012314268374, -32.96651071459528 ], [ -68.841889051129016, -32.966473411276787 ], [ -68.841700912653124, -32.966393128047855 ], [ -68.841556159558564, -32.966305343608141 ], [ -68.841411811934833, -32.966199110244602 ], [ -68.841295441799943, -32.966086186611989 ], [ -68.841220024221272, -32.965992117374043 ], [ -68.840799534418622, -32.965339651656024 ] ] ] } },
{ "type": "Feature", "properties": { "fid": 53, "TIPO": "PAVIMENTO", "NAME_1": "RP 10", "NAME_2": "JUAN JOSE PASO", "TIPO_1": "RP", "N": 10, "JURISDIC": "DPV", "REFER": null, "JERAREFER": null }, "geometry": { "type": "MultiLineString", "coordinates": [ [ [ -68.854445030948227, -32.965282466286993 ], [ -68.854757468524056, -32.965264943363728 ], [ -68.855090007652265, -32.965205008173591 ], [ -68.856041344256084, -32.965035073147874 ], [ -68.85702309724978, -32.96487371743828 ], [ -68.858139333237347, -32.964668144583612 ], [ -68.859024616882635, -32.96456224992567 ], [ -68.859435630671911, -32.964462230007712 ], [ -68.860253914396168, -32.964222095567933 ], [ -68.860434016626115, -32.96419877960183 ], [ -68.860654673334523, -32.964190474193011 ], [ -68.860911443327865, -32.964171462949849 ], [ -68.860985688672642, -32.964156042961868 ], [ -68.861057006317807, -32.964129676635359 ], [ -68.861142707072091, -32.964090711366588 ], [ -68.861215906744093, -32.964052137447759 ], [ -68.861302974275461, -32.963986488083151 ], [ -68.861399883463648, -32.963889841746891 ] ] ] } },
{ "type": "Feature", "properties": { "fid": 54, "TIPO": null, "NAME_1": null, "NAME_2": null, "TIPO_1": null, "N": null, "JURISDIC": "DNV", "REFER": null, "JERAREFER": null }, "geometry": { "type": "MultiLineString", "coordinates": [ [ [ -68.84051118126628, -32.965358282348681 ], [ -68.840532189585502, -32.965511565270376 ], [ -68.840586655598273, -32.965659790633737 ], [ -68.840639565439261, -32.965803736524649 ], [ -68.84068547250719, -32.965951183802112 ], [ -68.840695587623856, -32.966021989618731 ], [ -68.840707258912303, -32.96612625312892 ], [ -68.840708815084099, -32.966229349510265 ], [ -68.840705702740507, -32.966308714271754 ], [ -68.840690141022563, -32.966429317585778 ], [ -68.840668354617463, -32.966532024924177 ], [ -68.840630228408514, -32.96664795972282 ], [ -68.840578096653417, -32.966777900067619 ], [ -68.840524129119416, -32.966867007548998 ], [ -68.840464826358755, -32.966952164558506 ], [ -68.840368050303198, -32.967071899452279 ], [ -68.840297582042453, -32.967180960545129 ], [ -68.840257492593594, -32.967264650442416 ], [ -68.840231565692193, -32.967344416427849 ], [ -68.840210911589324, -32.967426346605912 ], [ -68.840181661888934, -32.967529142001091 ], [ -68.840156763140229, -32.967603838247193 ], [ -68.840136532906925, -32.967651301486903 ], [ -68.840112023201172, -32.967698764726627 ], [ -68.84007350794927, -32.967762956813147 ], [ -68.840015929592894, -32.967832984543847 ], [ -68.839936564831419, -32.96790612461816 ], [ -68.839850975382745, -32.967973040005297 ], [ -68.839686021172596, -32.968066410312936 ], [ -68.83949305587015, -32.968130213356488 ], [ -68.839046010674366, -32.968247879438643 ] ] ] } },
{ "type": "Feature", "properties": { "fid": 55, "TIPO": null, "NAME_1": null, "NAME_2": null, "TIPO_1": "RP", "N": null, "JURISDIC": "DPV", "REFER": null, "JERAREFER": null }, "geometry": { "type": "MultiLineString", "coordinates": [ [ [ -68.866118780336137, -32.96125300755304 ], [ -68.866113200837077, -32.961261936397158 ], [ -68.866108545795484, -32.961271270218894 ], [ -68.866104835145151, -32.961280969049596 ], [ -68.866102084775946, -32.961290991357437 ], [ -68.866100306465668, -32.961301294225407 ], [ -68.866099507829631, -32.961311833535106 ], [ -68.86609969228806, -32.961322564155601 ], [ -68.866100859051429, -32.961333440136727 ], [ -68.866103003123868, -32.96134441490581 ], [ -68.866106115324442, -32.96135544146717 ], [ -68.866110182326651, -32.961366472603331 ], [ -68.866115186715277, -32.961377461077163 ], [ -68.866121107061133, -32.961388359834224 ], [ -68.866127918012651, -32.96139912220422 ], [ -68.866135590404596, -32.961409702100958 ], [ -68.86614409138285, -32.961420054219431 ], [ -68.866153384545171, -32.961430134230184 ], [ -68.866163430096933, -32.961439898968905 ], [ -68.866174185021677, -32.961449306621283 ], [ -68.866185603265237, -32.961458316902146 ], [ -68.866197635933034, -32.961466891227886 ], [ -68.866210231499252, -32.961474992881797 ], [ -68.866223336027716, -32.96148258717114 ], [ -68.866236893402743, -32.961489641575909 ], [ -68.866250845569382, -32.961496125887862 ], [ -68.866265132782104, -32.961502012340127 ], [ -68.86627969386069, -32.961507275725886 ], [ -68.866294466452032, -32.961511893506383 ], [ -68.866309387297392, -32.961515845907591 ], [ -68.866324392503074, -32.961519116004595 ], [ -68.866339417814132, -32.961521689794402 ], [ -68.866354398889527, -32.961523556255578 ], [ -68.866369271577625, -32.961524707395704 ], [ -68.866383972190917, -32.961525138285502 ], [ -68.866398437778784, -32.961524847079858 ], [ -68.866412606397006, -32.961523835025893 ], [ -68.866426417373006, -32.961522106457458 ], [ -68.86643981156584, -32.961519668776702 ], [ -68.866452731619162, -32.961516532422273 ], [ -68.866465122207089, -32.961512710824664 ], [ -68.866476930270991, -32.961508220348698 ], [ -68.866488105246816, -32.961503080223508 ], [ -68.866498599281428, -32.961497312460004 ], [ -68.866508367437675, -32.961490941756892 ], [ -68.866517367886786, -32.96148399539458 ], [ -68.866525562087489, -32.96147650311871 ], [ -68.86653291495098, -32.961468497012469 ], [ -68.866539394991293, -32.961460011359385 ], [ -68.866544974460069, -32.96145108249646 ], [ -68.866549629465368, -32.961441748658594 ], [ -68.866553340073921, -32.961432049814839 ], [ -68.866556090396642, -32.961422027497171 ], [ -68.866557868656514, -32.961411724622764 ], [ -68.866558667239076, -32.961401185310187 ], [ -68.866558482725083, -32.961390454690367 ], [ -68.866557315904899, -32.961379578713469 ], [ -68.866555171775431, -32.961368603952103 ], [ -68.866552059518582, -32.961357577401799 ], [ -68.866547992461832, -32.96134654627987 ], [ -68.86654298802128, -32.96133555782319 ], [ -68.866537067627078, -32.961324659085903 ], [ -68.866530256631535, -32.961313896737963 ], [ -68.866522584200723, -32.961303316865241 ], [ -68.866514083189358, -32.961292964772248 ], [ -68.86650479000032, -32.961282884788012 ], [ -68.866494744428607, -32.961273120076456 ], [ -68.866483989491087, -32.961263712451363 ], [ -68.86647257124207, -32.961254702197508 ], [ -68.86646053857632, -32.961246127897951 ], [ -68.866447943019566, -32.961238026269044 ], [ -68.866434838507828, -32.961230432002985 ], [ -68.866421281156505, -32.961223377619483 ], [ -68.866407329020163, -32.961216893326331 ], [ -68.866393041843764, -32.961211006890153 ], [ -68.866378480806944, -32.961205743517482 ], [ -68.866363708262043, -32.96120112574679 ], [ -68.866348787467118, -32.961197173352005 ], [ -68.866333782314882, -32.961193903257893 ], [ -68.866318757059446, -32.961191329467439 ], [ -68.866303776040837, -32.96118946300205 ], [ -68.866288903409767, -32.96118831185418 ], [ -68.866274202852736, -32.961187880953311 ], [ -68.866259737319439, -32.961188172144738 ], [ -68.866245568753143, -32.961189184181535 ], [ -68.86623175782546, -32.961190912730203 ], [ -68.866218363676666, -32.961193350388903 ], [ -68.86620544366221, -32.961196486719345 ], [ -68.866193053107395, -32.961200308291474 ], [ -68.866181245070209, -32.961204798740887 ], [ -68.866170070114336, -32.961209938838934 ], [ -68.866159576092528, -32.961215706575089 ], [ -68.866149807941696, -32.961222077251279 ], [ -68.866140807490538, -32.961229023587379 ], [ -68.866132613280413, -32.961236515838266 ], [ -68.866125260400182, -32.961244521921209 ], [ -68.866118780336137, -32.96125300755304 ] ] ] } },
{ "type": "Feature", "properties": { "fid": 56, "TIPO": "PAVIMENTO", "NAME_1": "RP 82", "NAME_2": "PANAMERICANA", "TIPO_1": "RP", "N": 82, "JURISDIC": "DPV", "REFER": null, "JERAREFER": null }, "geometry": { "type": "MultiLineString", "coordinates": [ [ [ -68.876771384577253, -32.968666195148607 ], [ -68.876668349110176, -32.968529815959023 ], [ -68.876535643096659, -32.968422046445333 ], [ -68.876274961585466, -32.96825237089228 ], [ -68.875972417333529, -32.968058224848221 ], [ -68.875770990812825, -32.967919895791859 ], [ -68.875645604826047, -32.967827676420974 ], [ -68.875519409897407, -32.967729794457107 ], [ -68.874720579820419, -32.966987792545069 ], [ -68.874307817241402, -32.966598287044235 ], [ -68.873950871650038, -32.966282193016291 ], [ -68.873772702207546, -32.966138403602436 ], [ -68.873590690291252, -32.966006546080877 ], [ -68.873445080758245, -32.96591129317801 ], [ -68.873245069885812, -32.965782873659307 ], [ -68.873037778536698, -32.965650409431355 ], [ -68.872829071539371, -32.96551774296794 ], [ -68.872641194794696, -32.965380425088881 ], [ -68.87252066245901, -32.965281127476771 ], [ -68.872395883178626, -32.965161606318418 ], [ -68.872243802110802, -32.964994155355427 ], [ -68.872103652935266, -32.964816390383859 ], [ -68.871970177530017, -32.964624266694464 ], [ -68.871798681857769, -32.964379359549348 ], [ -68.871653679031155, -32.964198561045841 ], [ -68.871538809288424, -32.964081264477592 ], [ -68.871423939545707, -32.963979337804467 ], [ -68.871291273082278, -32.963887320668995 ], [ -68.871156179793331, -32.963798337065491 ], [ -68.871018457443341, -32.963716836174086 ], [ -68.870859095898851, -32.963636750930945 ], [ -68.870569899187458, -32.963515814124342 ], [ -68.870348249120497, -32.963423594753415 ], [ -68.870194550168975, -32.963359688347253 ], [ -68.870026290264136, -32.963281220987795 ], [ -68.86987987178928, -32.963208416221292 ], [ -68.869733251078955, -32.963130151097289 ], [ -68.868405170796507, -32.962398867664788 ], [ -68.867458708831833, -32.961866583927396 ], [ -68.866990331500617, -32.961614194070151 ], [ -68.866905392606327, -32.961581836396157 ], [ -68.8667904322308, -32.961556156139778 ], [ -68.86659960854243, -32.961537595807776 ], [ -68.866426417373006, -32.961522106457458 ] ] ] } },
{ "type": "Feature", "properties": { "fid": 57, "TIPO": null, "NAME_1": null, "NAME_2": null, "TIPO_1": "RP", "N": null, "JURISDIC": "DPV", "REFER": null, "JERAREFER": null }, "geometry": { "type": "MultiLineString", "coordinates": [ [ [ -68.86609969228806, -32.961322564155601 ], [ -68.866002864315732, -32.961157225439393 ], [ -68.865922761386841, -32.96104771917215 ], [ -68.86577945808358, -32.960945343667092 ], [ -68.865506012324261, -32.960790637333233 ], [ -68.864921234975483, -32.960469465332174 ], [ -68.864256076707861, -32.960104328503093 ], [ -68.863550066426185, -32.959714829197132 ], [ -68.861811715056348, -32.958764848653892 ], [ -68.861475552195529, -32.95859062756201 ], [ -68.861103923240336, -32.958436162580917 ], [ -68.859465022274989, -32.957535570951613 ] ] ] } },
{ "type": "Feature", "properties": { "fid": 58, "TIPO": "PAVIMENTO", "NAME_1": "RP 10", "NAME_2": "JUAN JOSE PASO", "TIPO_1": "RP", "N": 10, "JURISDIC": "DPV", "REFER": null, "JERAREFER": null }, "geometry": { "type": "MultiLineString", "coordinates": [ [ [ -68.863649033898298, -32.961311042118041 ], [ -68.863737363334479, -32.961244527759746 ], [ -68.863792264211682, -32.961183792948361 ], [ -68.863830817665573, -32.961123850889365 ], [ -68.86405970847737, -32.960698428107989 ], [ -68.864095366718843, -32.960597983727219 ], [ -68.864131090317031, -32.960454780604643 ], [ -68.86416379426673, -32.960297426806328 ] ] ] } },
{ "type": "Feature", "properties": { "fid": 59, "TIPO": null, "NAME_1": null, "NAME_2": null, "TIPO_1": null, "N": null, "JURISDIC": "DNV", "REFER": null, "JERAREFER": null }, "geometry": { "type": "MultiLineString", "coordinates": [ [ [ -68.84220011861764, -32.967656553428611 ], [ -68.842411269731656, -32.967583796506403 ], [ -68.842521545733419, -32.967544539860327 ], [ -68.84260212825987, -32.967511101824286 ], [ -68.84266893850311, -32.967476604339772 ], [ -68.842676202730388, -32.967472716122799 ], [ -68.842683385350057, -32.967468721628663 ], [ -68.842690484174199, -32.967464622074161 ], [ -68.842697497040447, -32.967460418708015 ], [ -68.842704421812599, -32.967456112810673 ], [ -68.842711256381293, -32.967451705693747 ], [ -68.842717998664625, -32.967447198699688 ], [ -68.842724646608815, -32.967442593201454 ], [ -68.842731198188858, -32.967437890601836 ], [ -68.842737651409067, -32.967433092333394 ], [ -68.842744004303739, -32.967428199857693 ], [ -68.84275025493767, -32.967423214665089 ], [ -68.842756401406874, -32.96741813827407 ], [ -68.842762441839099, -32.967412972231024 ], [ -68.842768374394353, -32.96740771810957 ], [ -68.842774197265527, -32.967402377510169 ], [ -68.842779908678935, -32.967396952059673 ], [ -68.842785506894785, -32.967391443410683 ], [ -68.84279099020786, -32.967385853241282 ], [ -68.842796356947872, -32.967380183254228 ], [ -68.842801605480062, -32.967374435176716 ], [ -68.842806734205709, -32.967368610759642 ], [ -68.842811741562542, -32.967362711777227 ], [ -68.842816626025297, -32.967356740026403 ], [ -68.842821386106152, -32.967350697326161 ], [ -68.842826020355119, -32.96734458551721 ], [ -68.842830527360576, -32.967338406461309 ], [ -68.842834905749669, -32.967332162040655 ], [ -68.842839154188752, -32.967325854157352 ], [ -68.842843271383671, -32.967319484732855 ], [ -68.842847256080333, -32.967313055707407 ], [ -68.842851107064988, -32.967306569039351 ], [ -68.842854823164615, -32.967300026704571 ], [ -68.842858403247263, -32.96729343069596 ], [ -68.842861846222448, -32.967286783022729 ], [ -68.84286515104138, -32.967280085709831 ], [ -68.842868316697462, -32.967273340797362 ], [ -68.842871342226417, -32.9672665503399 ], [ -68.842874226706655, -32.967259716405856 ], [ -68.842876969259564, -32.967252841076963 ], [ -68.842879569049785, -32.967245926447525 ], [ -68.842882025285405, -32.967238974623783 ], [ -68.842884337218266, -32.967231987723352 ], [ -68.84288650414419, -32.967224967874508 ], [ -68.842888525403097, -32.967217917215592 ], [ -68.842890400379332, -32.967210837894299 ], [ -68.842892128501845, -32.967203732067048 ], [ -68.842893709244194, -32.967196601898401 ], [ -68.842895142124931, -32.967189449560223 ], [ -68.842896426707668, -32.967182277231217 ], [ -68.842897562601081, -32.967175087096166 ], [ -68.842898549459221, -32.967167881345219 ], [ -68.842899386981514, -32.967160662173349 ], [ -68.842900074912905, -32.967153431779586 ], [ -68.842900613043838, -32.967146192366378 ], [ -68.84290100121045, -32.967138946138917 ], [ -68.842901239294576, -32.967131695304488 ], [ -68.842901327223657, -32.967124442071764 ], [ -68.842901264971005, -32.967117188650143 ], [ -68.84290105255559, -32.96710993724907 ], [ -68.842900690042157, -32.967102690077439 ], [ -68.842900177541182, -32.96709544934275 ], [ -68.842899515208785, -32.967088217250634 ], [ -68.842898703246803, -32.967080996004057 ], [ -68.842897741902561, -32.967073787802676 ], [ -68.842896631468918, -32.967066594842159 ], [ -68.842895372284204, -32.967059419313578 ], [ -68.842893964731999, -32.967052263402579 ], [ -68.84289240924106, -32.967045129289055 ], [ -68.842890706285274, -32.967038019146024 ], [ -68.842888856383411, -32.967030935139327 ], [ -68.842886860099028, -32.96702387942679 ], [ -68.842884718040168, -32.967016854157663 ], [ -68.842882430859419, -32.967009861471915 ], [ -68.842879999253483, -32.967002903499584 ], [ -68.842877423963088, -32.96699598236011 ], [ -68.842874705772729, -32.966989100161719 ], [ -68.842871845510402, -32.966982259000794 ], [ -68.842868844047416, -32.966975460961223 ], [ -68.842865702298084, -32.966968708113725 ], [ -68.842862421219422, -32.966962002515309 ], [ -68.842859001810936, -32.966955346208508 ], [ -68.842855445114168, -32.966948741220918 ], [ -68.842851752212624, -32.966942189564442 ], [ -68.842847924231179, -32.966935693234817 ], [ -68.84284396233592, -32.966929254210818 ], [ -68.842839867733659, -32.966922874453871 ], [ -68.842835641671684, -32.966916555907247 ], [ -68.842831285437356, -32.966910300495698 ], [ -68.842826800357614, -32.966904110124574 ], [ -68.84282218779866, -32.966897986679584 ], [ -68.842817449165565, -32.966891932025952 ], [ -68.84281258590174, -32.966885948007956 ], [ -68.842807599488651, -32.96688003644838 ], [ -68.842802491445184, -32.966874199147931 ], [ -68.842797263327299, -32.966868437884699 ], [ -68.842791916727577, -32.966862754413597 ], [ -68.842786453274627, -32.966857150465849 ], [ -68.84278087463268, -32.966851627748454 ], [ -68.842775182501072, -32.966846187943695 ], [ -68.842769378613667, -32.966840832708563 ], [ -68.842763464738383, -32.96683556367428 ], [ -68.842757442676643, -32.966830382445821 ], [ -68.842751314262827, -32.966825290601463 ], [ -68.842745081363745, -32.966820289692208 ], [ -68.842738745877952, -32.966815381241354 ], [ -68.842732309735339, -32.966810566744009 ], [ -68.842725774896365, -32.966805847666777 ], [ -68.842719143351616, -32.966801225447099 ], [ -68.84271241712112, -32.966796701492868 ], [ -68.842705598253772, -32.966792277182151 ], [ -68.842698688826616, -32.966787953862649 ], [ -68.842691690944363, -32.966783732851276 ], [ -68.842684606738572, -32.96677961543373 ], [ -68.842677438367161, -32.966775602864232 ], [ -68.842670188013699, -32.966771696365029 ], [ -68.84266285788668, -32.966767897126054 ], [ -68.842655450218913, -32.966764206304589 ], [ -68.842647967266842, -32.966760625024882 ], [ -68.842640411309802, -32.966757154377824 ], [ -68.842632784649425, -32.966753795420587 ], [ -68.842625089608816, -32.966750549176268 ], [ -68.842617328531944, -32.966747416633794 ], [ -68.84260950378291, -32.966744398747295 ], [ -68.842601617745146, -32.966741496436065 ], [ -68.842593672820797, -32.966738710584146 ], [ -68.842585671429973, -32.966736042040132 ], [ -68.842577616009905, -32.96673349161685 ], [ -68.842569509014368, -32.966731060091213 ], [ -68.842561352912767, -32.966728748203863 ], [ -68.842553150189488, -32.966726556659019 ], [ -68.842544903343196, -32.966724486124207 ], [ -68.842536614885844, -32.966722537230169 ], [ -68.842528287342219, -32.966720710570534 ], [ -68.842519923248886, -32.96671900670168 ], [ -68.842511525153625, -32.966717426142679 ], [ -68.842503095614546, -32.96671596937491 ], [ -68.842494637199323, -32.96671463684217 ], [ -68.84248615248444, -32.966713428950314 ], [ -68.842477644054384, -32.966712346067304 ], [ -68.842469114500901, -32.96671138852296 ], [ -68.842460566422076, -32.966710556608966 ], [ -68.842452002421766, -32.966709850578717 ], [ -68.84244342510857, -32.966709270647307 ], [ -68.842427911704718, -32.966708839875331 ], [ -68.842413503596816, -32.966708768428148 ] ] ] } },
{ "type": "Feature", "properties": { "fid": 60, "TIPO": null, "NAME_1": null, "NAME_2": null, "TIPO_1": null, "N": null, "JURISDIC": "DNV", "REFER": null, "JERAREFER": null }, "geometry": { "type": "MultiLineString", "coordinates": [ [ [ -68.841682154562676, -32.967632565527481 ], [ -68.841480429860937, -32.967353598646447 ], [ -68.841397150280343, -32.967248051013115 ], [ -68.841327623001533, -32.967159936537101 ], [ -68.841322608003765, -32.967153990930385 ], [ -68.841317470674724, -32.967148120008268 ], [ -68.84131221257924, -32.967142325559074 ], [ -68.84130683531906, -32.967136609347875 ], [ -68.841301340532141, -32.967130973115808 ], [ -68.841295729892209, -32.967125418579776 ], [ -68.841290005108391, -32.967119947431684 ], [ -68.841284167924456, -32.967114561338072 ], [ -68.841278220118511, -32.967109261939619 ], [ -68.841272163502325, -32.967104050850523 ], [ -68.841265999920751, -32.96709892965815 ], [ -68.841259731251341, -32.967093899922403 ], [ -68.841253359403524, -32.967088963175414 ], [ -68.841246886318302, -32.967084120920951 ], [ -68.841240313967361, -32.967079374633983 ], [ -68.841233644352712, -32.96707472576027 ], [ -68.841226879506024, -32.96707017571584 ], [ -68.841220021487857, -32.967065725886705 ], [ -68.841213072387276, -32.967061377628305 ], [ -68.841206034321019, -32.967057132265161 ], [ -68.841198909432961, -32.967052991090434 ], [ -68.841191699893329, -32.967048955365556 ], [ -68.841184407898254, -32.967045026319795 ], [ -68.841177035668949, -32.967041205149997 ], [ -68.841169585451013, -32.967037493020108 ], [ -68.841162059513849, -32.967033891060844 ], [ -68.841154460149923, -32.967030400369424 ], [ -68.841146789674013, -32.967027022009113 ], [ -68.841139050422655, -32.967023757008981 ], [ -68.841131244753257, -32.967020606363519 ], [ -68.841123375043466, -32.967017571032514 ], [ -68.841115443690455, -32.967014651940488 ], [ -68.841107453110155, -32.967011849976657 ], [ -68.841099405736585, -32.96700916599449 ], [ -68.841091304020992, -32.967006600811516 ], [ -68.841083150431217, -32.967004155209139 ], [ -68.841074947450878, -32.967001829932308 ], [ -68.841066697578697, -32.966999625689297 ], [ -68.841058403327594, -32.966997543151514 ], [ -68.84105006722406, -32.966995582953388 ], [ -68.84104169180732, -32.966993745691937 ], [ -68.84103327962859, -32.966992031926786 ], [ -68.841024833250231, -32.96699044218002 ], [ -68.841016355245117, -32.966988976935824 ], [ -68.841007848195616, -32.966987636640567 ], [ -68.840999314693093, -32.966986421702501 ], [ -68.840990757336868, -32.966985332491696 ], [ -68.840982178733555, -32.966984369339912 ], [ -68.840973581496286, -32.96698353254056 ], [ -68.840964968243767, -32.96698282234852 ], [ -68.840956341599664, -32.966982238980115 ], [ -68.84094770419172, -32.966981782613054 ], [ -68.840939058650918, -32.966981453386317 ], [ -68.840930407610742, -32.966981251400242 ], [ -68.840919368395021, -32.966981321111128 ] ] ] } },
{ "type": "Feature", "properties": { "fid": 61, "TIPO": null, "NAME_1": null, "NAME_2": null, "TIPO_1": null, "N": null, "JURISDIC": "DNV", "REFER": null, "JERAREFER": null }, "geometry": { "type": "MultiLineString", "coordinates": [ [ [ -68.842160716600631, -32.967945067738391 ], [ -68.842514548527063, -32.968383985423948 ], [ -68.842576127886829, -32.968439890483104 ], [ -68.842620568120367, -32.968467647119702 ], [ -68.842667538831563, -32.96849391535531 ], [ -68.842733216848586, -32.968519354801622 ], [ -68.842805477391778, -32.968539049289156 ], [ -68.842884833179994, -32.968548950897244 ], [ -68.84295662328411, -32.96854882809825 ], [ -68.84302944033935, -32.968539757112893 ], [ -68.843099240209526, -32.968521519777546 ], [ -68.843166527871233, -32.968494436353922 ], [ -68.843223716316587, -32.968460521600306 ], [ -68.843279407037116, -32.968415844309888 ], [ -68.843325007933032, -32.968359008675314 ], [ -68.843359991068894, -32.96830269241304 ], [ -68.843383870646207, -32.968235708127729 ], [ -68.843391525197163, -32.96819539199219 ], [ -68.843394118885129, -32.968158052656122 ], [ -68.843394438119148, -32.968120390845399 ], [ -68.843391725503892, -32.968081872905842 ], [ -68.843385218945485, -32.968044628699857 ], [ -68.843372654152574, -32.968002582555677 ], [ -68.843352504589419, -32.967961325954796 ], [ -68.843328302118792, -32.967924858607908 ], [ -68.843295246953076, -32.967891469836452 ], [ -68.843262187484854, -32.967860531491723 ], [ -68.843230127769232, -32.967836040118158 ], [ -68.843196547070349, -32.967813997267896 ], [ -68.843162203628154, -32.967794457162292 ], [ -68.843123812355074, -32.967776829699829 ], [ -68.843090213623242, -32.967765014725956 ], [ -68.843051304951217, -32.967754098668784 ], [ -68.842989900421657, -32.967742355266857 ], [ -68.842949716191725, -32.967738043111297 ], [ -68.842901946350622, -32.967734999893374 ], [ -68.84283774138909, -32.967734492960837 ], [ -68.842667860701667, -32.967741950040086 ], [ -68.84230988708012, -32.967763659132572 ] ] ] } },
{ "type": "Feature", "properties": { "fid": 62, "TIPO": "PAVIMENTO", "NAME_1": "RP 10", "NAME_2": "JUAN JOSE PASO", "TIPO_1": "RP", "N": 10, "JURISDIC": "DPV", "REFER": null, "JERAREFER": null }, "geometry": { "type": "MultiLineString", "coordinates": [ [ [ -68.85420174317882, -32.965225284966714 ], [ -68.854193495950398, -32.965225336010981 ], [ -68.854185251034821, -32.965225508380563 ], [ -68.854177010943545, -32.965225802022985 ], [ -68.854168778186548, -32.965226216848777 ], [ -68.854160555271577, -32.965226752731603 ], [ -68.854152344703351, -32.96522740950823 ], [ -68.854144148982883, -32.965228186978592 ], [ -68.85413597060662, -32.965229084905857 ], [ -68.854127812065755, -32.965230103016502 ], [ -68.854119675845411, -32.965231241000424 ], [ -68.854111564423931, -32.965232498510979 ], [ -68.854103480272116, -32.965233875165133 ], [ -68.854095425852449, -32.965235370543574 ], [ -68.854087403618323, -32.965236984190717 ], [ -68.854079416013391, -32.965238715615108 ], [ -68.854071465470682, -32.965240564289338 ], [ -68.854063554412036, -32.965242529650276 ], [ -68.854055685247161, -32.965244611099259 ], [ -68.8540478603731, -32.965246808002249 ], [ -68.854040082173299, -32.965249119690128 ], [ -68.854032353017075, -32.965251545458656 ], [ -68.854024675258799, -32.965254084568954 ], [ -68.854017051237136, -32.965256736247618 ], [ -68.854009483274453, -32.96525949968693 ], [ -68.854001973675935, -32.965262374045111 ], [ -68.853994524729117, -32.965265358446572 ], [ -68.853987138702962, -32.965268451982368 ], [ -68.853979817847346, -32.965271653710083 ], [ -68.853972564392208, -32.965274962654497 ], [ -68.85396538054701, -32.965278377807657 ], [ -68.853958268500023, -32.965281898129291 ], [ -68.853951230417636, -32.965285522547127 ], [ -68.853944268443669, -32.965289249957102 ], [ -68.853937384698796, -32.965293079223834 ], [ -68.853930581279897, -32.965297009180915 ], [ -68.853923860259314, -32.965301038631253 ], [ -68.853917223684306, -32.965305166347434 ], [ -68.853910673576493, -32.965309391072111 ], [ -68.853904211931024, -32.965313711518483 ], [ -68.853897840716215, -32.965318126370434 ], [ -68.853891561872771, -32.965322634283226 ], [ -68.853885377313276, -32.965327233883691 ], [ -68.853879288921604, -32.965331923770762 ], [ -68.853873298552372, -32.96533670251587 ], [ -68.853867408030283, -32.965341568663398 ], [ -68.85386161914964, -32.965346520731039 ], [ -68.853855933673785, -32.965351557210383 ], [ -68.853850353334579, -32.965356676567282 ], [ -68.853844879831826, -32.965361877242351 ], [ -68.85383951483287, -32.965367157651414 ], [ -68.85383425997189, -32.965372516186058 ], [ -68.85382911684961, -32.965377951214023 ], [ -68.853824087032663, -32.965383461079711 ], [ -68.853819172053193, -32.965389044104832 ], [ -68.853814373408355, -32.965394698588753 ], [ -68.853809692559878, -32.965400422809026 ], [ -68.853805130933637, -32.96540621502205 ], [ -68.853800689919098, -32.96541207346349 ], [ -68.853796370869105, -32.965417996348762 ], [ -68.853792175099272, -32.965423981873798 ], [ -68.85378810388768, -32.96543002821528 ], [ -68.853784158474483, -32.965436133531497 ], [ -68.853780340061519, -32.965442295962667 ], [ -68.853776649811948, -32.965448513631735 ], [ -68.853773088849834, -32.965454784644727 ], [ -68.853769658259964, -32.965461107091393 ], [ -68.853766359087274, -32.96546747904592 ], [ -68.853763192336785, -32.965473898567375 ], [ -68.853760158973174, -32.965480363700273 ], [ -68.8537572599204, -32.965486872475282 ], [ -68.853754496061626, -32.965493422909766 ], [ -68.853751868238703, -32.965500013008459 ], [ -68.853749377252171, -32.965506640763962 ], [ -68.853747023860848, -32.965513304157355 ], [ -68.853744808781613, -32.965520001158929 ], [ -68.853742732689199, -32.965526729728715 ], [ -68.853740796216044, -32.965533487817169 ], [ -68.8537389999521, -32.965540273365683 ], [ -68.853737344444482, -32.965547084307325 ], [ -68.85373583019755, -32.965553918567423 ], [ -68.853734457672573, -32.965560774064215 ], [ -68.853733227287691, -32.965567648709417 ], [ -68.853732139417701, -32.965574540409015 ], [ -68.853731194393987, -32.965581447063663 ], [ -68.853730392504502, -32.96558836656957 ], [ -68.853729733993504, -32.965595296818961 ], [ -68.853729219061634, -32.965602235700835 ], [ -68.853728847865767, -32.965609181101598 ], [ -68.853728620519007, -32.965616130905531 ], [ -68.853728537090646, -32.965623082995677 ], [ -68.853728597606136, -32.965630035254399 ], [ -68.853728802047044, -32.965636985563954 ], [ -68.853729150351199, -32.965643931807179 ], [ -68.853729642412446, -32.965650871868228 ], [ -68.853730278081002, -32.965657803633029 ], [ -68.85373105716323, -32.965664724990177 ], [ -68.853731979421909, -32.965671633831299 ], [ -68.853733044576046, -32.965678528051896 ], [ -68.85373425230128, -32.965685405551916 ], [ -68.853735602229762, -32.965692264236452 ], [ -68.853737093950315, -32.965699102016224 ], [ -68.853738727008562, -32.965705916808389 ], [ -68.853740500907094, -32.965712706537118 ], [ -68.8537424151056, -32.965719469134115 ], [ -68.853744469021024, -32.9657262025395 ], [ -68.853746662027774, -32.965732904702151 ], [ -68.853748993457828, -32.965739573580571 ], [ -68.853751462601053, -32.965746207143297 ], [ -68.853754068705385, -32.965752803369675 ], [ -68.853756810976961, -32.965759360250459 ], [ -68.85375968858051, -32.965765875788314 ], [ -68.853762700639507, -32.965772347998595 ], [ -68.853765846236485, -32.965778774909715 ], [ -68.853769124413276, -32.965785154563996 ], [ -68.853772534171327, -32.965791485018137 ], [ -68.853776074472023, -32.965797764343783 ], [ -68.853779744236988, -32.965803990628253 ], [ -68.853783542348381, -32.965810161974865 ], [ -68.853787467649326, -32.965816276503787 ], [ -68.853791518944078, -32.965822332352452 ], [ -68.853795694998638, -32.965828327676192 ], [ -68.853799994540978, -32.965834260648762 ], [ -68.853804416261369, -32.965840129462904 ], [ -68.853808958812991, -32.965845932330879 ], [ -68.853813620812105, -32.965851667485119 ], [ -68.853818400838634, -32.965857333178597 ], [ -68.853823297436605, -32.965862927685471 ], [ -68.853828309114391, -32.965868449301595 ], [ -68.853833434345475, -32.965873896345045 ], [ -68.85383867156861, -32.965879267156495 ], [ -68.853844019188529, -32.965884560100029 ], [ -68.853849475576268, -32.965889773563319 ], [ -68.853855039069813, -32.965894905958258 ], [ -68.853860707974448, -32.965899955721483 ], [ -68.853866480563369, -32.965904921314767 ], [ -68.853872355078153, -32.965909801225514 ], [ -68.85387832972944, -32.965914593967234 ], [ -68.853884402697233, -32.965919298080031 ], [ -68.853890572131661, -32.965923912130947 ], [ -68.853896836153481, -32.965928434714499 ], [ -68.85390319285456, -32.965932864453045 ], [ -68.853909640298596, -32.965937199997207 ], [ -68.853916176521622, -32.96594144002637 ], [ -68.853922799532683, -32.965945583248917 ], [ -68.853929507314248, -32.965949628402811 ], [ -68.853936297823111, -32.965953574255806 ], [ -68.853943168990824, -32.965957419605971 ], [ -68.853950118724285, -32.965961163281975 ], [ -68.853957144906573, -32.96596480414339 ], [ -68.853964245397378, -32.965968341081222 ], [ -68.853971418033879, -32.96597177301804 ], [ -68.853978660631157, -32.965975098908451 ], [ -68.853985970983032, -32.965978317739321 ], [ -68.853993346862666, -32.965981428530171 ], [ -68.854000786023306, -32.965984430333386 ], [ -68.854008286198891, -32.965987322234618 ], [ -68.854015845104769, -32.965990103352908 ], [ -68.85402346043837, -32.965992772841147 ], [ -68.854031129879999, -32.965995329886098 ], [ -68.854038851093406, -32.965997773708928 ], [ -68.854046621726681, -32.96600010356515 ], [ -68.854054439412735, -32.966002318745112 ], [ -68.854062301770171, -32.966004418574009 ], [ -68.854070206404074, -32.966006402412219 ], [ -68.85407815090656, -32.966008269655447 ], [ -68.854086132857645, -32.96601001973486 ], [ -68.854094149825897, -32.966011652117395 ], [ -68.854102199369237, -32.966013166305814 ], [ -68.854110279035666, -32.966014561838861 ], [ -68.854118386364036, -32.966015838291426 ], [ -68.854126518884726, -32.966016995274721 ], [ -68.854134674120445, -32.966018032436246 ], [ -68.854142849587035, -32.966018949460143 ], [ -68.854151042794086, -32.966019746067019 ], [ -68.854159251245889, -32.966020422014275 ], [ -68.854167472441986, -32.96602097709593 ], [ -68.854175703878141, -32.966021411142954 ], [ -68.854183943046891, -32.966021724023093 ], [ -68.854192187438514, -32.966021915641072 ], [ -68.854200434541639, -32.966021985938518 ], [ -68.854208681844057, -32.966021934894009 ], [ -68.854216926833573, -32.966021762523113 ], [ -68.854225166998631, -32.96602146887831 ], [ -68.854233399829155, -32.966021054049037 ], [ -68.854241622817312, -32.96602051816172 ], [ -68.854249833458283, -32.966019861379507 ], [ -68.854258029250985, -32.966019083902509 ], [ -68.854266207698856, -32.966018185967584 ], [ -68.854274366310634, -32.966017167848221 ], [ -68.854282502601123, -32.966016029854558 ], [ -68.854290614091866, -32.966014772333253 ], [ -68.854298698311993, -32.966013395667339 ], [ -68.854306752798962, -32.966011900276179 ], [ -68.85431477509924, -32.966010286615301 ], [ -68.854322762769129, -32.966008555176259 ], [ -68.854330713375504, -32.966006706486446 ], [ -68.854338624496492, -32.966004741109018 ], [ -68.854346493722261, -32.966002659642626 ], [ -68.854354318655723, -32.966000462721354 ], [ -68.85436209691332, -32.965998151014361 ], [ -68.854369826125691, -32.965995725225881 ], [ -68.854377503938423, -32.965993186094806 ], [ -68.854385128012737, -32.965990534394599 ], [ -68.854392696026238, -32.96598777093299 ], [ -68.854400205673642, -32.965984896551795 ], [ -68.854407654667398, -32.965981912126601 ], [ -68.854415040738459, -32.965978818566434 ], [ -68.854422361636907, -32.965975616813694 ], [ -68.854429615132744, -32.965972307843636 ], [ -68.854436799016455, -32.965968892664264 ], [ -68.854443911099708, -32.965965372315871 ], [ -68.854450949216115, -32.965961747870764 ], [ -68.854457911221772, -32.96595802043305 ], [ -68.854464794995977, -32.965954191138096 ], [ -68.854471598441833, -32.965950261152429 ], [ -68.85447831948693, -32.965946231673136 ], [ -68.854484956084008, -32.965942103927603 ], [ -68.854491506211446, -32.965937879173275 ], [ -68.854497967873982, -32.96593355869701 ], [ -68.854504339103357, -32.965929143814911 ], [ -68.854510617958837, -32.965924635871808 ], [ -68.854516802527783, -32.965920036240831 ], [ -68.854522890926333, -32.965915346323158 ], [ -68.854528881299913, -32.965910567547347 ], [ -68.854534771823737, -32.96590570136911 ], [ -68.854540560703583, -32.965900749270702 ], [ -68.854546246175985, -32.96589571276062 ], [ -68.854551826509208, -32.96589059337304 ], [ -68.854557300003364, -32.965885392667403 ], [ -68.854562664991178, -32.965880112227907 ], [ -68.854567919838473, -32.96587475366303 ], [ -68.854573062944539, -32.965869318605037 ], [ -68.85457809274277, -32.965863808709564 ], [ -68.854583007701038, -32.965858225654941 ], [ -68.854587806322186, -32.965852571141873 ], [ -68.854592487144544, -32.965846846892767 ], [ -68.854597048742306, -32.965841054651307 ], [ -68.854601489725951, -32.965835196181899 ], [ -68.854605808742761, -32.965829273269044 ], [ -68.854610004477109, -32.965823287717008 ], [ -68.854614075650929, -32.965817241349008 ], [ -68.854618021024194, -32.965811136006828 ], [ -68.854621839395051, -32.965804973550277 ], [ -68.854625529600455, -32.965798755856476 ], [ -68.854629090516312, -32.965792484819438 ], [ -68.854632521057979, -32.965786162349339 ], [ -68.854635820180505, -32.965779790372125 ], [ -68.854638986878967, -32.965773370828742 ], [ -68.854642020188763, -32.965766905674663 ], [ -68.854644919185944, -32.965760396879254 ], [ -68.854647682987505, -32.965753846425137 ], [ -68.854650310751566, -32.965747256307736 ], [ -68.854652801677702, -32.965740628534355 ], [ -68.854655155007208, -32.96573396512396 ], [ -68.854657370023247, -32.965727268106306 ], [ -68.85465944605113, -32.965720539521307 ], [ -68.854661382458502, -32.965713781418671 ], [ -68.854663178655571, -32.965706995856912 ], [ -68.854664834095232, -32.965700184902978 ], [ -68.854666348273213, -32.965693350631561 ], [ -68.85466772072833, -32.965686495124487 ], [ -68.854668951042569, -32.965679620470013 ], [ -68.854670038841178, -32.965672728762193 ], [ -68.854670983792857, -32.965665822100341 ], [ -68.854671785609781, -32.965658902588281 ], [ -68.854672444047708, -32.965651972333774 ], [ -68.854672958906193, -32.965645033447849 ], [ -68.854673330028334, -32.96563808804413 ], [ -68.854673557301197, -32.965631138238273 ], [ -68.854673640655548, -32.965624186147302 ], [ -68.854673580066077, -32.965617233888828 ], [ -68.854673375551172, -32.965610283580617 ], [ -68.854673027173263, -32.965603337339772 ], [ -68.854672535038517, -32.965596397282198 ], [ -68.854671899296747, -32.965589465521887 ], [ -68.854671120141774, -32.965582544170331 ], [ -68.854670197810904, -32.965575635335853 ], [ -68.854669132585116, -32.965568741122908 ], [ -68.854667924788956, -32.965561863631599 ], [ -68.854666574790357, -32.965555004956805 ], [ -68.854665083000526, -32.965548167187784 ], [ -68.854663449873968, -32.965541352407378 ], [ -68.854661675908162, -32.965534562691396 ], [ -68.854659761643489, -32.965527800108106 ], [ -68.854657707663122, -32.965521066717358 ], [ -68.854655514592679, -32.965514364570311 ], [ -68.854653183100297, -32.965507695708432 ], [ -68.854650713896177, -32.965501062163085 ], [ -68.854648107732459, -32.965494465954976 ], [ -68.854645365403059, -32.965487909093319 ], [ -68.854642487743362, -32.965481393575402 ], [ -68.854639475629909, -32.965474921385933 ], [ -68.854636329980266, -32.965468494496328 ], [ -68.854633051752671, -32.965462114864337 ], [ -68.854629641945721, -32.965455784433246 ], [ -68.8546261015981, -32.965449505131247 ], [ -68.854622431788215, -32.965443278871206 ], [ -68.85461863363399, -32.965437107549633 ], [ -68.854614708292388, -32.965430993046333 ], [ -68.85461065695911, -32.965424937223872 ], [ -68.85460648086827, -32.96541894192687 ], [ -68.854602181291924, -32.965413008981606 ], [ -68.854597759539828, -32.965407140195211 ], [ -68.854593216958904, -32.965401337355424 ], [ -68.854588554932818, -32.965395602229776 ], [ -68.854583774881732, -32.965389936565309 ], [ -68.854578878261734, -32.965384342087752 ], [ -68.854573866564337, -32.96537882050125 ], [ -68.854568741316186, -32.965373373487736 ], [ -68.85456350407847, -32.965368002706363 ], [ -68.854558156446515, -32.965362709793183 ], [ -68.854552700049311, -32.965357496360397 ], [ -68.854547136548859, -32.965352363996054 ], [ -68.854541467639933, -32.965347314263539 ], [ -68.854535695049265, -32.965342348701029 ], [ -68.854529820535305, -32.965337468821005 ], [ -68.854523845887442, -32.965332676110023 ], [ -68.854517772925661, -32.965327972027886 ], [ -68.854511603499802, -32.965323358007538 ], [ -68.854505339489123, -32.965318835454418 ], [ -68.854498982801729, -32.965314405746106 ], [ -68.854492535373893, -32.965310070231979 ], [ -68.854485999169583, -32.965305830232595 ], [ -68.854479376179768, -32.965301687039535 ], [ -68.854472668421835, -32.965297641914852 ], [ -68.854465877939091, -32.965293696090654 ], [ -68.854459006799914, -32.965289850768897 ], [ -68.854452057097305, -32.965286107120932 ], [ -68.854445030948227, -32.965282466286993 ], [ -68.854437930492921, -32.96527892937624 ], [ -68.85443075789415, -32.965275497465925 ], [ -68.854423515336833, -32.965272171601477 ], [ -68.85441620502705, -32.965268952795952 ], [ -68.854408829191584, -32.965265842029844 ], [ -68.854401390077157, -32.965262840250702 ], [ -68.854393889949804, -32.965259948372903 ], [ -68.854386331094105, -32.965257167277301 ], [ -68.85437871581253, -32.965254497811031 ], [ -68.854371046424717, -32.965251940787248 ], [ -68.854363325266874, -32.965249496984804 ], [ -68.854355554690841, -32.965247167148149 ], [ -68.854347737063648, -32.965244951986939 ], [ -68.854339874766566, -32.965242852175926 ], [ -68.854331970194508, -32.965240868354705 ], [ -68.854324025755218, -32.965239001127586 ], [ -68.854316043868707, -32.965237251063336 ], [ -68.85430802696618, -32.965235618695019 ], [ -68.854299977489745, -32.965234104519865 ], [ -68.854291897891272, -32.965232708999103 ], [ -68.854283790631854, -32.965231432557829 ], [ -68.854275658180995, -32.96523027558483 ], [ -68.854267503015933, -32.965229238432563 ], [ -68.854259327620738, -32.96522832141693 ], [ -68.854251134485722, -32.965227524817244 ], [ -68.85424292610648, -32.965226848876171 ], [ -68.854234704983426, -32.965226293799589 ], [ -68.854226473620713, -32.965225859756629 ], [ -68.854218234525646, -32.965225546879417 ], [ -68.854209990207934, -32.965225355263357 ], [ -68.85420174317882, -32.965225284966714 ] ] ] } },
{ "type": "Feature", "properties": { "fid": 63, "TIPO": "PAVIMENTO", "NAME_1": "RP 10", "NAME_2": "JUAN JOSE PASO", "TIPO_1": "RP", "N": 10, "JURISDIC": "DPV", "REFER": null, "JERAREFER": null }, "geometry": { "type": "MultiLineString", "coordinates": [ [ [ -68.861634312825714, -32.963746657128624 ], [ -68.861630014979539, -32.963746683985562 ], [ -68.861625718343916, -32.963746774069499 ], [ -68.861621424227721, -32.963746927352958 ], [ -68.861617133938893, -32.96374714378922 ], [ -68.861612848784333, -32.963747423312405 ], [ -68.861608570069308, -32.963747765837354 ], [ -68.861604299097152, -32.963748171259709 ], [ -68.861600037168827, -32.963748639456036 ], [ -68.861595785582608, -32.963749170283641 ], [ -68.861591545633473, -32.963749763580886 ], [ -68.861587318613019, -32.963750419167013 ], [ -68.861583105808748, -32.963751136842355 ], [ -68.861578908504001, -32.963751916388262 ], [ -68.861574727977256, -32.963752757567335 ], [ -68.861570565501935, -32.963753660123274 ], [ -68.861566422345973, -32.963754623781263 ], [ -68.861562299771407, -32.96375564824762 ], [ -68.861558199033993, -32.963756733210381 ], [ -68.861554121382866, -32.963757878339045 ], [ -68.861550068060097, -32.963759083284785 ], [ -68.861546040300368, -32.963760347680577 ], [ -68.861542039330587, -32.96376167114127 ], [ -68.861538066369434, -32.963763053263719 ], [ -68.86153412262712, -32.963764493626897 ], [ -68.861530209304959, -32.963765991792151 ], [ -68.861526327594987, -32.963767547302993 ], [ -68.861522478679575, -32.963769159685683 ], [ -68.861518663731161, -32.9637708284491 ], [ -68.861514883911781, -32.963772553084866 ], [ -68.861511140372841, -32.963774333067718 ], [ -68.861507434254605, -32.963776167855372 ], [ -68.861503766686027, -32.963778056888955 ], [ -68.861500138784265, -32.9637799995931 ], [ -68.861496551654398, -32.963781995375996 ], [ -68.861493006389111, -32.963784043629751 ], [ -68.861489504068345, -32.963786143730452 ], [ -68.86148604575888, -32.963788295038341 ], [ -68.86148263251421, -32.963790496898177 ], [ -68.861479265373987, -32.963792748639186 ], [ -68.861475945363892, -32.963795049575538 ], [ -68.861472673495257, -32.963797399006282 ], [ -68.861469450764702, -32.963799796215824 ], [ -68.861466278153898, -32.963802240473917 ], [ -68.861463156629242, -32.963804731036028 ], [ -68.861460087141594, -32.963807267143537 ], [ -68.86145707062596, -32.963809848023857 ], [ -68.861454108001169, -32.963812472890922 ], [ -68.861451200169682, -32.963815140945094 ], [ -68.861448348017277, -32.963817851373733 ], [ -68.861445552412718, -32.963820603351166 ], [ -68.861442814207592, -32.963823396039132 ], [ -68.861440134235963, -32.963826228586981 ], [ -68.861437513314215, -32.963829100131818 ], [ -68.861434952240657, -32.963832009799056 ], [ -68.861432451795437, -32.963834956702321 ], [ -68.861430012740257, -32.963837939943993 ], [ -68.86142763581806, -32.9638409586153 ], [ -68.861425321752833, -32.963844011796773 ], [ -68.861423071249547, -32.963847098558361 ], [ -68.861420884993692, -32.963850217959816 ], [ -68.861418763651201, -32.963853369050973 ], [ -68.861416707868287, -32.963856550871967 ], [ -68.861414718271178, -32.963859762453538 ], [ -68.86141279546591, -32.963863002817469 ], [ -68.861410940038212, -32.963866270976695 ], [ -68.861409152553279, -32.963869565935688 ], [ -68.861407433555556, -32.963872886690822 ], [ -68.861405783568685, -32.963876232230525 ], [ -68.861404203095319, -32.963879601535766 ], [ -68.861402692616849, -32.963882993580157 ], [ -68.861401252593396, -32.963886407330492 ], [ -68.861399883463648, -32.963889841746891 ], [ -68.861398585644608, -32.963893295783222 ], [ -68.861397359531637, -32.963896768387329 ], [ -68.861396205498224, -32.963900258501425 ], [ -68.861395123895917, -32.963903765062469 ], [ -68.861394115054168, -32.963907287002229 ], [ -68.861393179280327, -32.963910823247929 ], [ -68.861392316859408, -32.963914372722371 ], [ -68.861391528054156, -32.963917934344416 ], [ -68.861390813104819, -32.963921507029106 ], [ -68.861390172229221, -32.963925089688146 ], [ -68.861389605622577, -32.963928681230286 ], [ -68.861389113457491, -32.963932280561494 ], [ -68.861388695883875, -32.963935886585347 ], [ -68.861388353028929, -32.963939498203445 ], [ -68.861388084997145, -32.963943114315626 ], [ -68.861387891870137, -32.963946733820457 ], [ -68.861387773706738, -32.963950355615317 ], [ -68.861387730542972, -32.963953978596997 ], [ -68.861387762391999, -32.963957601661974 ], [ -68.861387869244126, -32.963961223706526 ], [ -68.861388051066797, -32.963964843627387 ], [ -68.861388307804631, -32.963968460321887 ], [ -68.861388639379456, -32.963972072688364 ], [ -68.861389045690302, -32.963975679626422 ], [ -68.861389526613337, -32.963979280037371 ], [ -68.861390082002131, -32.963982872824509 ], [ -68.861390711687505, -32.963986456893416 ], [ -68.861391415477669, -32.963990031152342 ], [ -68.861392193158224, -32.963993594512537 ], [ -68.861393044492317, -32.96399714588857 ], [ -68.861393969220615, -32.96400068419868 ], [ -68.861394967061443, -32.964004208365026 ], [ -68.861396037710904, -32.964007717314118 ], [ -68.861397180842815, -32.964011209977073 ], [ -68.861398396108967, -32.964014685290067 ], [ -68.86139968313924, -32.964018142194398 ], [ -68.861401041541583, -32.964021579637084 ], [ -68.86140247090222, -32.964024996571077 ], [ -68.86140397078573, -32.964028391955502 ], [ -68.861405540735291, -32.964031764756136 ], [ -68.861407180272636, -32.964035113945506 ], [ -68.861408888898396, -32.964038438503515 ], [ -68.861410666092084, -32.964041737417404 ], [ -68.861412511312366, -32.964045009682302 ], [ -68.861414423997189, -32.96404825430146 ], [ -68.861416403563922, -32.964051470286492 ], [ -68.861418449409584, -32.964054656657837 ], [ -68.861420560910972, -32.964057812444821 ], [ -68.861422737424931, -32.964060936686209 ], [ -68.861424978288511, -32.964064028430293 ], [ -68.861427282819022, -32.964067086735341 ], [ -68.861429650314605, -32.964070110669674 ], [ -68.861432080054016, -32.964073099312273 ], [ -68.861434571297181, -32.964076051752691 ], [ -68.861437123285256, -32.964078967091609 ], [ -68.861439735240836, -32.964081844441004 ], [ -68.861442406368326, -32.964084682924344 ], [ -68.861445135854055, -32.964087481677034 ], [ -68.861447922866645, -32.964090239846534 ], [ -68.861450766557098, -32.964092956592708 ], [ -68.861453666059234, -32.964095631087964 ], [ -68.861456620489804, -32.964098262517624 ], [ -68.861459628948879, -32.964100850080165 ], [ -68.861462690520071, -32.964103392987312 ], [ -68.86146580427075, -32.964105890464566 ], [ -68.861468969252471, -32.964108341751107 ], [ -68.861472184501153, -32.964110746100218 ], [ -68.861475449037371, -32.964113102779571 ], [ -68.861478761866749, -32.964115411071248 ], [ -68.861482121980131, -32.964117670272174 ], [ -68.861485528354024, -32.964119879694081 ], [ -68.861488979950806, -32.964122038664023 ], [ -68.861492475719032, -32.964124146524341 ], [ -68.861496014593925, -32.96412620263294 ], [ -68.861499595497463, -32.964128206363554 ], [ -68.861503217338907, -32.96413015710575 ], [ -68.861506879014954, -32.964132054265349 ], [ -68.861510579410236, -32.964133897264453 ], [ -68.861514317397592, -32.964135685541699 ], [ -68.861518091838363, -32.964137418552262 ], [ -68.861521901582847, -32.964139095768324 ], [ -68.861525745470516, -32.964140716678962 ], [ -68.861529622330508, -32.964142280790469 ], [ -68.861533530981845, -32.96414378762632 ], [ -68.861537470233955, -32.96414523672756 ], [ -68.861541438886888, -32.964146627652795 ], [ -68.861545435731728, -32.96414795997832 ], [ -68.861549459551014, -32.964149233298265 ], [ -68.861553509119034, -32.964150447224782 ], [ -68.861557583202242, -32.964151601388082 ], [ -68.861561680559632, -32.964152695436617 ], [ -68.861565799943079, -32.964153729037122 ], [ -68.861569940097795, -32.964154701874726 ], [ -68.86157409976262, -32.964155613653126 ], [ -68.861578277670517, -32.96415646409455 ], [ -68.861582472548776, -32.964157252939984 ], [ -68.861586683119654, -32.964157979949078 ], [ -68.861590908100524, -32.964158644900436 ], [ -68.861595146204436, -32.964159247591468 ], [ -68.861599396140392, -32.964159787838611 ], [ -68.861603656613809, -32.964160265477283 ], [ -68.861607926326897, -32.964160680361999 ], [ -68.861612203979092, -32.96416103236637 ], [ -68.861616488267302, -32.96416132138318 ], [ -68.861620777886543, -32.964161547324395 ], [ -68.861625071530099, -32.964161710121168 ], [ -68.861629367890089, -32.964161809723947 ], [ -68.861633665657806, -32.964161846102343 ], [ -68.861637963524089, -32.964161819245327 ], [ -68.861642260179778, -32.964161729161034 ], [ -68.861646554316025, -32.964161575876929 ], [ -68.861650844624819, -32.964161359439721 ], [ -68.86165512979926, -32.964161079915307 ], [ -68.861659408534038, -32.964160737388845 ], [ -68.861663679525819, -32.964160331964635 ], [ -68.861667941473556, -32.964159863766263 ], [ -68.861672193079045, -32.964159332936283 ], [ -68.861676433047222, -32.964158739636389 ], [ -68.861680660086492, -32.964158084047341 ], [ -68.861684872909279, -32.964157366368802 ], [ -68.86168907023233, -32.964156586819421 ], [ -68.861693250777051, -32.964155745636631 ], [ -68.86169741326998, -32.964154843076692 ], [ -68.861701556443251, -32.964153879414525 ], [ -68.861705679034728, -32.964152854943649 ], [ -68.861709779788683, -32.964151769976134 ], [ -68.861713857455925, -32.964150624842517 ], [ -68.861717910794368, -32.964149419891605 ], [ -68.861721938569346, -32.964148155490371 ], [ -68.861725939553921, -32.964146832024035 ], [ -68.86172991252937, -32.964145449895739 ], [ -68.861733856285468, -32.964144009526471 ], [ -68.861737769620902, -32.964142511355021 ], [ -68.861741651343621, -32.964140955837692 ], [ -68.86174550027124, -32.964139343448373 ], [ -68.861749315231279, -32.964137674678156 ], [ -68.861753095061673, -32.964135950035434 ], [ -68.8617568386111, -32.964134170045476 ], [ -68.86176054473917, -32.964132335250554 ], [ -68.861764212316999, -32.964130446209566 ], [ -68.861767840227344, -32.964128503497861 ], [ -68.861771427365156, -32.964126507707292 ], [ -68.861774972637747, -32.964124459445785 ], [ -68.861778474965206, -32.964122359337225 ], [ -68.861781933280639, -32.964120208021335 ], [ -68.861785346530638, -32.964118006153505 ], [ -68.86178871367548, -32.964115754404339 ], [ -68.861792033689525, -32.964113453459817 ], [ -68.861795305561444, -32.964111104020837 ], [ -68.861798528294543, -32.964108706803025 ], [ -68.861801700907222, -32.964106262536603 ], [ -68.861804822433044, -32.964103771966187 ], [ -68.86180789192116, -32.964101235850315 ], [ -68.861810908436567, -32.964098654961631 ], [ -68.861813871060406, -32.964096030086218 ], [ -68.861816778890244, -32.964093362023711 ], [ -68.861819631040319, -32.96409065158678 ], [ -68.861822426641851, -32.964087899601068 ], [ -68.861825164843268, -32.964085106904882 ], [ -68.861827844810492, -32.964082274348925 ], [ -68.861830465727152, -32.96407940279596 ], [ -68.861833026794926, -32.964076493120722 ], [ -68.861835527233694, -32.964073546209526 ], [ -68.861837966281783, -32.964070562960075 ], [ -68.861840343196263, -32.964067544281029 ], [ -68.861842657253092, -32.964064491091968 ], [ -68.86184490774734, -32.964061404322877 ], [ -68.861847093993575, -32.964058284914074 ], [ -68.861849215325805, -32.964055133815734 ], [ -68.861851271097862, -32.964051951987713 ], [ -68.861853260683532, -32.964048740399249 ], [ -68.861855183476777, -32.96404550002859 ], [ -68.861857038891927, -32.964042231862827 ], [ -68.861858826363786, -32.964038936897488 ], [ -68.861860545347881, -32.964035616136172 ], [ -68.861862195320612, -32.964032270590508 ], [ -68.861863775779369, -32.964028901279526 ], [ -68.861865286242733, -32.964025509229607 ], [ -68.861866726250625, -32.964022095473972 ], [ -68.861868095364414, -32.964018661052478 ], [ -68.861869393167055, -32.964015207011293 ], [ -68.861870619263229, -32.964011734402554 ], [ -68.861871773279447, -32.964008244284074 ], [ -68.861872854864231, -32.964004737718959 ], [ -68.861873863688132, -32.964001215775347 ], [ -68.861874799443797, -32.963997679526031 ], [ -68.861875661846256, -32.96399413004827 ], [ -68.861876450632778, -32.963990568423164 ], [ -68.861877165563143, -32.963986995735702 ], [ -68.861877806419557, -32.963983413074118 ], [ -68.861878373006803, -32.963979821529755 ], [ -68.861878865152349, -32.963976222196592 ], [ -68.861879282706255, -32.963972616171048 ], [ -68.861879625541363, -32.963969004551593 ], [ -68.861879893553208, -32.963965388438282 ], [ -68.861880086660193, -32.963961768932677 ], [ -68.861880204803512, -32.963958147137305 ], [ -68.861880247947184, -32.963954524155376 ], [ -68.861880216078063, -32.963950901090492 ], [ -68.861880109205885, -32.963947279046302 ], [ -68.861879927363177, -32.963943659126087 ], [ -68.861879670605333, -32.963940042432519 ], [ -68.861879339010642, -32.963936430067285 ], [ -68.861878932680071, -32.963932823130762 ], [ -68.861878451737411, -32.963929222721582 ], [ -68.86187789632919, -32.963925629936568 ], [ -68.861877266624532, -32.963922045870035 ], [ -68.86187656281534, -32.963918471613752 ], [ -68.86187578511597, -32.96391490825647 ], [ -68.861874933763318, -32.963911356883628 ], [ -68.861874009016773, -32.963907818576999 ], [ -68.861873011157954, -32.963904294414363 ], [ -68.8618719404909, -32.963900785469271 ], [ -68.86187079734168, -32.963897292810543 ], [ -68.861869582058574, -32.963893817502054 ], [ -68.861868295011789, -32.96389036060242 ], [ -68.86186693659333, -32.963886923164715 ], [ -68.861865507217018, -32.963883506235923 ], [ -68.861864007318232, -32.963880110856906 ], [ -68.861862437353921, -32.963876738061927 ], [ -68.861860797802251, -32.96387338887839 ], [ -68.861859089162721, -32.963870064326443 ], [ -68.861857311955731, -32.963866765418814 ], [ -68.861855466722716, -32.963863493160368 ], [ -68.8618535540257, -32.963860248547824 ], [ -68.861851574447343, -32.963857032569585 ], [ -68.861849528590625, -32.963853846205232 ], [ -68.861847417078778, -32.963850690425353 ], [ -68.86184524055497, -32.963847566191234 ], [ -68.861842999682182, -32.963844474454554 ], [ -68.861840695143044, -32.963841416157059 ], [ -68.861838327639546, -32.96383839223035 ], [ -68.861835897892774, -32.963835403595546 ], [ -68.861833406642958, -32.963832451162993 ], [ -68.861830854648929, -32.963829535832033 ], [ -68.861828242688034, -32.963826658490731 ], [ -68.861825571555897, -32.963823820015485 ], [ -68.861822842066204, -32.963821021270988 ], [ -68.861820055050359, -32.963818263109701 ], [ -68.861817211357362, -32.963815546371805 ], [ -68.861814311853351, -32.963812871884883 ], [ -68.861811357421615, -32.96381024046353 ], [ -68.861808348962072, -32.963807652909367 ], [ -68.861805287391121, -32.963805110010533 ], [ -68.861802173641351, -32.963802612541663 ], [ -68.861799008661293, -32.96380016126345 ], [ -68.861795793414956, -32.963797756922624 ], [ -68.86179252888175, -32.963795400251541 ], [ -68.861789216056081, -32.963793091968078 ], [ -68.861785855947105, -32.963790832775331 ], [ -68.861782449578314, -32.963788623361474 ], [ -68.861778997987315, -32.96378646439954 ], [ -68.861775502225512, -32.963784356547151 ], [ -68.861771963357725, -32.963782300446368 ], [ -68.861768382461918, -32.963780296723499 ], [ -68.861764760628873, -32.963778345988878 ], [ -68.86176109896185, -32.963776448836789 ], [ -68.861757398576202, -32.963774605845003 ], [ -68.861753660599106, -32.963772817574991 ], [ -68.861749886169164, -32.963771084571427 ], [ -68.861746076436148, -32.963769407362264 ], [ -68.861742232560474, -32.963767786458327 ], [ -68.861738355713058, -32.963766222353392 ], [ -68.861734447074809, -32.963764715523865 ], [ -68.861730507836299, -32.963763266428792 ], [ -68.86172653919752, -32.963761875509526 ], [ -68.861722542367289, -32.963760543189778 ], [ -68.861718518563094, -32.963759269875339 ], [ -68.86171446901065, -32.963758055954138 ], [ -68.861710394943429, -32.963756901795911 ], [ -68.861706297602453, -32.963755807752243 ], [ -68.861702178235774, -32.963754774156364 ], [ -68.861698038098254, -32.963753801323087 ], [ -68.861693878450922, -32.963752889548836 ], [ -68.861689700560916, -32.963752039111256 ], [ -68.861685505700791, -32.963751250269439 ], [ -68.861681295148372, -32.963750523263641 ], [ -68.861677070186204, -32.96374985831536 ], [ -68.861672832101277, -32.963749255627121 ], [ -68.861668582184521, -32.963748715382479 ], [ -68.861664321730487, -32.963748237746046 ], [ -68.861660052036953, -32.963747822863283 ], [ -68.861655774404497, -32.963747470860561 ], [ -68.861651490136097, -32.963747181845157 ], [ -68.861647200536822, -32.963746955905052 ], [ -68.861642906913261, -32.96374679310906 ], [ -68.861638610573337, -32.963746693506792 ], [ -68.861634312825714, -32.963746657128624 ] ] ] } },
{ "type": "Feature", "properties": { "fid": 64, "TIPO": "PAVIMENTO", "NAME_1": "RP 10", "NAME_2": "JUAN JOSE PASO", "TIPO_1": "RP", "N": 10, "JURISDIC": "DPV", "REFER": null, "JERAREFER": null }, "geometry": { "type": "MultiLineString", "coordinates": [ [ [ -68.864686485137554, -32.9606184399277 ], [ -68.864470499661792, -32.960728805623241 ], [ -68.864233140873012, -32.960861858392946 ], [ -68.86416093413537, -32.960921763988708 ], [ -68.864099833328325, -32.960993507475756 ], [ -68.863946101003123, -32.961189837412086 ], [ -68.863911397784292, -32.961247149264288 ], [ -68.86387870299427, -32.961316095623062 ], [ -68.86385942194353, -32.961395920831627 ] ] ] } },
{ "type": "Feature", "properties": { "fid": 65, "TIPO": "PAVIMENTO", "NAME_1": "RP 10", "NAME_2": "JUAN JOSE PASO", "TIPO_1": "RP", "N": 10, "JURISDIC": "DPV", "REFER": null, "JERAREFER": null }, "geometry": { "type": "MultiLineString", "coordinates": [ [ [ -68.863658116165283, -32.961784836687656 ], [ -68.863573532912923, -32.96186521320309 ], [ -68.863544490764212, -32.961924812362376 ], [ -68.863487033889754, -32.962042567685245 ], [ -68.863456453093676, -32.962138741538382 ], [ -68.863441138005228, -32.96220286298032 ], [ -68.863431844246634, -32.962332013592537 ], [ -68.863417242675965, -32.962447912806326 ], [ -68.863379731013126, -32.962554486862217 ], [ -68.86332435217102, -32.962669509110384 ], [ -68.863197970304199, -32.962833823497405 ], [ -68.863081085890641, -32.962979075300645 ], [ -68.862910886882347, -32.963160613456012 ], [ -68.862771209677859, -32.963284460553709 ], [ -68.862561746928733, -32.963435489451655 ], [ -68.862267302969656, -32.963599786438991 ], [ -68.862081977405083, -32.963721444474857 ], [ -68.861938514764574, -32.963831924329945 ], [ -68.86187789632919, -32.963925629936568 ] ] ] } },
{ "type": "Feature", "properties": { "fid": 66, "TIPO": "PAVIMENTO", "NAME_1": "RP 10", "NAME_2": "JUAN JOSE PASO", "TIPO_1": "RP", "N": 10, "JURISDIC": "DPV", "REFER": null, "JERAREFER": null }, "geometry": { "type": "MultiLineString", "coordinates": [ [ [ -68.861529622330508, -32.964142280790469 ], [ -68.861338212421927, -32.964157829544448 ], [ -68.861189009431456, -32.964188844871607 ], [ -68.861101927853127, -32.964226846053968 ], [ -68.861040813652437, -32.964261633683861 ], [ -68.860921975816581, -32.964356195094737 ], [ -68.860806435039393, -32.964449601211228 ], [ -68.860659204859786, -32.964534954603806 ], [ -68.860456165835558, -32.964628797241751 ], [ -68.860225252357367, -32.964707642790401 ], [ -68.859851074045579, -32.964768689260303 ], [ -68.859599914445084, -32.964819717733249 ], [ -68.859060779470624, -32.964947386887346 ], [ -68.858292076601046, -32.965102586680494 ], [ -68.85755764781203, -32.965233769019598 ], [ -68.856923290564097, -32.965352555428701 ], [ -68.856322162112079, -32.965464854791378 ], [ -68.855945468689811, -32.965509317632417 ], [ -68.855473668599757, -32.965553669330596 ], [ -68.855041157716869, -32.965610892474793 ], [ -68.854850847606954, -32.965641370696531 ], [ -68.854766676500105, -32.965661132439131 ], [ -68.854664834095232, -32.965700184902978 ] ] ] } },
{ "type": "Feature", "properties": { "fid": 67, "TIPO": "PAVIMENTO", "NAME_1": "RP 10", "NAME_2": "JUAN JOSE PASO", "TIPO_1": "RP", "N": 10, "JURISDIC": "DPV", "REFER": null, "JERAREFER": null }, "geometry": { "type": "MultiLineString", "coordinates": [ [ [ -68.864256076707861, -32.960104328503093 ], [ -68.864209428190193, -32.960154589136224 ], [ -68.864206277252322, -32.960159675884249 ], [ -68.86420323209984, -32.960164808216881 ], [ -68.864200293660332, -32.960169984570769 ], [ -68.864197462828912, -32.960175203369211 ], [ -68.86419474046788, -32.960180463022489 ], [ -68.86419212740654, -32.960185761928422 ], [ -68.864189624440812, -32.960191098472983 ], [ -68.864187232333194, -32.960196471030571 ], [ -68.864184951812334, -32.9602018779647 ], [ -68.864182783572943, -32.960207317628345 ], [ -68.864180728275471, -32.960212788364537 ], [ -68.864178786546034, -32.960218288506852 ], [ -68.864176958976088, -32.960223816379859 ], [ -68.864175246122386, -32.960229370299821 ], [ -68.864173648506679, -32.960234948574829 ], [ -68.864172166615646, -32.960240549505812 ], [ -68.864170800900695, -32.960246171386615 ], [ -68.864169551777849, -32.960251812504765 ], [ -68.864168419627646, -32.960257471141929 ], [ -68.864167404794955, -32.960263145574466 ], [ -68.864166507588976, -32.960268834073837 ], [ -68.864165728282956, -32.960274534907313 ], [ -68.8641650671143, -32.96028024633835 ], [ -68.864164524284504, -32.960285966627204 ], [ -68.864164099958884, -32.960291694031405 ], [ -68.86416379426673, -32.960297426806328 ], [ -68.864163607301165, -32.960303163205751 ], [ -68.864163539119204, -32.960308901482271 ], [ -68.864163589741636, -32.96031463988799 ], [ -68.864163759153016, -32.960320376674908 ], [ -68.864164047301784, -32.960326110095544 ], [ -68.864164454100219, -32.960331838403441 ], [ -68.864164979424388, -32.96033755985372 ], [ -68.864165623114317, -32.960343272703597 ], [ -68.864166384973956, -32.960348975212781 ], [ -68.864167264771268, -32.960354665644317 ], [ -68.864168262238238, -32.960360342264806 ], [ -68.864169377071121, -32.960366003345108 ], [ -68.864170608930266, -32.960371647160798 ], [ -68.864171957440519, -32.960377271992719 ], [ -68.864173422191087, -32.960382876127454 ], [ -68.864175002735863, -32.96038845785796 ], [ -68.864176698593383, -32.960394015483971 ], [ -68.864178509247125, -32.960399547312576 ], [ -68.864180434145496, -32.960405051658732 ], [ -68.864182472702268, -32.960410526845749 ], [ -68.864184624296428, -32.960415971205812 ], [ -68.864186888272613, -32.960421383080508 ], [ -68.864189263941256, -32.960426760821377 ], [ -68.864191750578655, -32.960432102790236 ], [ -68.864194347427386, -32.96043740735989 ], [ -68.864197053696486, -32.960442672914532 ], [ -68.864199868561585, -32.960447897850159 ], [ -68.864202791165255, -32.960453080575249 ], [ -68.864205820617272, -32.960458219511061 ], [ -68.864208955994826, -32.960463313092227 ], [ -68.864212196342905, -32.960468359767184 ], [ -68.864215540674451, -32.960473357998644 ], [ -68.864218987970773, -32.960478306264122 ], [ -68.864222537181774, -32.960483203056256 ], [ -68.864226187226393, -32.960488046883526 ], [ -68.864229936992757, -32.960492836270348 ], [ -68.864233785338641, -32.960497569757891 ], [ -68.86423773109189, -32.960502245904252 ], [ -68.864241773050509, -32.960506863285019 ], [ -68.864245909983367, -32.960511420493674 ], [ -68.864250140630247, -32.960515916142057 ], [ -68.864254463702494, -32.96052034886074 ], [ -68.864258877883259, -32.96052471729945 ], [ -68.864263381827939, -32.960529020127517 ], [ -68.864267974164619, -32.960533256034253 ], [ -68.864272653494396, -32.96053742372937 ], [ -68.864277418391893, -32.960541521943284 ], [ -68.864282267405727, -32.960545549427671 ], [ -68.864287199058808, -32.960549504955701 ], [ -68.864292211848905, -32.960553387322456 ], [ -68.864297304249064, -32.960557195345352 ], [ -68.864302474708097, -32.960560927864435 ], [ -68.864307721651045, -32.960564583742659 ], [ -68.864313043479612, -32.960568161866441 ], [ -68.864318438572738, -32.960571661145856 ], [ -68.864323905286994, -32.96057508051495 ], [ -68.864329441957153, -32.960578418932165 ], [ -68.864335046896713, -32.960581675380588 ], [ -68.864340718398324, -32.960584848868208 ], [ -68.864346454734417, -32.960587938428397 ], [ -68.864352254157595, -32.960590943120032 ], [ -68.864358114901293, -32.960593862027814 ], [ -68.864364035180273, -32.960596694262605 ], [ -68.864370013191177, -32.960599438961715 ], [ -68.86437604711297, -32.960602095289062 ], [ -68.864382135107732, -32.960604662435458 ], [ -68.864388275320906, -32.960607139618951 ], [ -68.864394465882143, -32.960609526084937 ], [ -68.864400704905705, -32.960611821106511 ], [ -68.864406990491162, -32.960614023984533 ], [ -68.864413320723784, -32.960616134047989 ], [ -68.86441969367533, -32.960618150654135 ], [ -68.864426107404512, -32.960620073188672 ], [ -68.864432559957663, -32.96062190106602 ], [ -68.864439049369224, -32.96062363372932 ], [ -68.864445573662451, -32.960625270650837 ], [ -68.864452130849941, -32.960626811331885 ], [ -68.864458718934301, -32.960628255303192 ], [ -68.864465335908719, -32.960629602124925 ], [ -68.864471979757596, -32.960630851386746 ], [ -68.864478648457094, -32.960632002708209 ], [ -68.864485339975872, -32.960633055738526 ], [ -68.864492052275608, -32.96063401015698 ], [ -68.864498783311646, -32.960634865672851 ], [ -68.864505531033601, -32.960635622025471 ], [ -68.864512293386042, -32.960636278984538 ], [ -68.864519068309065, -32.960636836349849 ], [ -68.864525853738968, -32.960637293951663 ], [ -68.864532647608797, -32.960637651650593 ], [ -68.864539447849054, -32.960637909337663 ], [ -68.864546252388294, -32.960638066934365 ], [ -68.864553059153764, -32.960638124392773 ], [ -68.864559866072042, -32.960638081695286 ], [ -68.864566671069667, -32.960637938854958 ], [ -68.864573472073701, -32.960637695915288 ], [ -68.864580267012528, -32.960637352950307 ], [ -68.864587053816265, -32.96063691006443 ], [ -68.86459383041759, -32.960636367392588 ], [ -68.864600594752275, -32.960635725100119 ], [ -68.864607344759804, -32.960634983382626 ], [ -68.864614078384008, -32.960634142466112 ], [ -68.864620793573806, -32.960633202606651 ], [ -68.864627488283588, -32.96063216409059 ], [ -68.864634160474097, -32.960631027234236 ], [ -68.864640808112924, -32.960629792383941 ], [ -68.864647429175051, -32.96062845991581 ], [ -68.864654021643659, -32.960627030235749 ], [ -68.864660583510599, -32.960625503779255 ], [ -68.864667112777013, -32.960623881011323 ], [ -68.864673607454037, -32.960622162426247 ], [ -68.864680065563292, -32.960620348547529 ], [ -68.864686485137554, -32.9606184399277 ], [ -68.864692864221382, -32.960616437148175 ], [ -68.86469920087157, -32.960614340818985 ], [ -68.864705493157928, -32.960612151578744 ], [ -68.864711739163724, -32.960609870094288 ], [ -68.864717936986381, -32.960607497060593 ], [ -68.864724084737929, -32.960605033200508 ], [ -68.864730180545749, -32.960602479264615 ], [ -68.864736222552935, -32.960599836030795 ], [ -68.864742208919012, -32.96059710430422 ], [ -68.864748137820484, -32.960594284917093 ], [ -68.864754007451353, -32.960591378728132 ], [ -68.86475981602365, -32.960588386622639 ], [ -68.864765561767982, -32.960585309512076 ], [ -68.864771242934182, -32.960582148333728 ], [ -68.864776857791668, -32.960578904050536 ], [ -68.864782404630091, -32.960575577650772 ], [ -68.864787881759852, -32.96057217014765 ], [ -68.864793287512555, -32.960568682579229 ], [ -68.864798620241515, -32.960565116007757 ], [ -68.864803878322348, -32.960561471519711 ], [ -68.864809060153377, -32.960557750225263 ], [ -68.864814164156186, -32.960553953257921 ], [ -68.864819188776025, -32.960550081774322 ], [ -68.864824132482354, -32.960546136953759 ], [ -68.864828993769237, -32.960542119997854 ], [ -68.864833771155915, -32.960538032130216 ], [ -68.864921234975483, -32.960469465332174 ] ] ] } },
{ "type": "Feature", "properties": { "fid": 68, "TIPO": null, "NAME_1": null, "NAME_2": null, "TIPO_1": null, "N": null, "JURISDIC": "DNV", "REFER": null, "JERAREFER": null }, "geometry": { "type": "MultiLineString", "coordinates": [ [ [ -68.824816271602643, -32.925805996072576 ], [ -68.825181772350533, -32.92568311400349 ], [ -68.825254063874951, -32.925648658471069 ], [ -68.825262692121342, -32.925645045472628 ], [ -68.8252712442861, -32.925641306027266 ], [ -68.825279717764104, -32.925637441274127 ], [ -68.82528810997421, -32.925633452390436 ], [ -68.825296418360097, -32.925629340591236 ], [ -68.825304640390854, -32.925625107129065 ], [ -68.82531277356199, -32.925620753293472 ], [ -68.825320815396026, -32.925616280410772 ], [ -68.825328763443352, -32.925611689843386 ], [ -68.825336615282851, -32.925606982989663 ], [ -68.825344368522806, -32.925602161283422 ], [ -68.825352020801489, -32.925597226193368 ], [ -68.825359569787892, -32.925592179222825 ], [ -68.825367013182571, -32.925587021909166 ], [ -68.825374348718128, -32.925581755823387 ], [ -68.82538157416009, -32.925576382569574 ], [ -68.825388687307523, -32.925570903784546 ], [ -68.825395685993698, -32.925565321137171 ], [ -68.825402568086758, -32.925559636327975 ], [ -68.825409331490306, -32.925553851088686 ], [ -68.825415974144192, -32.925547967181508 ], [ -68.825422494024949, -32.925541986398798 ], [ -68.825428889146579, -32.925535910562367 ], [ -68.825435157561088, -32.925529741522986 ], [ -68.825441297359077, -32.925523481159814 ], [ -68.825447306670284, -32.925517131379834 ], [ -68.825453183664195, -32.925510694117314 ], [ -68.825458926550709, -32.925504171333088 ], [ -68.825464533580444, -32.925497565014069 ], [ -68.825470003045496, -32.925490877172642 ], [ -68.825475333279797, -32.925484109846018 ], [ -68.825480522659731, -32.925477265095552 ], [ -68.825485569604595, -32.925470345006339 ], [ -68.825490472577059, -32.925463351686219 ], [ -68.825495230083618, -32.925456287265497 ], [ -68.82549984067515, -32.925449153896054 ], [ -68.825504302947266, -32.925441953750862 ], [ -68.825508615540684, -32.925434689023085 ], [ -68.825512777141796, -32.925427361925671 ], [ -68.825516786483007, -32.925419974690591 ], [ -68.825520642343037, -32.925412529568035 ], [ -68.825524343547357, -32.925405028825857 ], [ -68.82552788896858, -32.925397474748905 ], [ -68.825531277526792, -32.925389869638245 ], [ -68.825534508189861, -32.925382215810465 ], [ -68.825537579973712, -32.925374515596985 ], [ -68.825540491942661, -32.925366771343398 ], [ -68.825543243209751, -32.925358985408707 ], [ -68.825545832936967, -32.925351160164553 ], [ -68.825548260335495, -32.92534329799463 ], [ -68.825550524665914, -32.925335401293808 ], [ -68.825552625238615, -32.925327472467536 ], [ -68.825554561413725, -32.925319513931001 ], [ -68.825556332601494, -32.925311528108459 ], [ -68.82555793826252, -32.925303517432511 ], [ -68.825559377907652, -32.925295484343224 ], [ -68.825560651098485, -32.925287431287607 ], [ -68.825561757447176, -32.925279360718726 ], [ -68.825562696616814, -32.9252712750949 ], [ -68.825563468321334, -32.925263176879113 ], [ -68.825564072325719, -32.925255068538199 ], [ -68.825564508446035, -32.925246952541997 ], [ -68.82556477654947, -32.925238831362748 ], [ -68.825564876554424, -32.925230707474213 ], [ -68.825564808430443, -32.925222583351015 ], [ -68.82556457219836, -32.925214461467888 ], [ -68.825564167930182, -32.925206344298786 ], [ -68.825563595749074, -32.925198234316269 ], [ -68.825562855829375, -32.925190133990768 ], [ -68.82556194839654, -32.92518204578964 ], [ -68.825560873727028, -32.925173972176701 ], [ -68.825559632148213, -32.925165915611217 ], [ -68.825558224038332, -32.925157878547253 ], [ -68.825556649826396, -32.925149863433049 ], [ -68.825554909991936, -32.925141872710014 ], [ -68.825553005064947, -32.925133908812235 ], [ -68.82555093562577, -32.92512597416556 ], [ -68.825548702304815, -32.925118071186965 ], [ -68.825546305782396, -32.925110202283733 ], [ -68.825543746788568, -32.925102369852858 ], [ -68.82554102610284, -32.925094576280131 ], [ -68.825538144554045, -32.92508682393953 ], [ -68.825535103019959, -32.925079115192482 ], [ -68.825531902427059, -32.925071452387172 ], [ -68.825528543750352, -32.925063837857728 ], [ -68.825525028012905, -32.925056273923573 ], [ -68.825521356285748, -32.925048762888778 ], [ -68.825517529687346, -32.925041307041255 ], [ -68.825513549383302, -32.92503390865209 ], [ -68.825509416586115, -32.925026569974911 ], [ -68.82550513255471, -32.925019293245157 ], [ -68.825500698594084, -32.92501208067933 ], [ -68.825496116054879, -32.925004934474487 ], [ -68.825491386332985, -32.924997856807344 ], [ -68.825486510869155, -32.924990849833868 ], [ -68.825481491148523, -32.924983915688394 ], [ -68.825476328700219, -32.924977056483151 ], [ -68.825471025096718, -32.924970274307455 ], [ -68.825465581953594, -32.924963571227266 ], [ -68.825460000928913, -32.924956949284365 ], [ -68.825454283722721, -32.924950410495818 ], [ -68.825448432076556, -32.924943956853376 ], [ -68.825442447772843, -32.924937590322926 ], [ -68.825436332634538, -32.924931312843704 ], [ -68.825430088524357, -32.924925126327871 ], [ -68.825423717344322, -32.924919032659908 ], [ -68.825417221035138, -32.924913033695994 ], [ -68.825410601575683, -32.924907131263417 ], [ -68.825403860982306, -32.9249013271601 ], [ -68.825397001308247, -32.924895623154072 ], [ -68.825390024643028, -32.924890020982687 ], [ -68.82538293311184, -32.924884522352507 ], [ -68.825375728874747, -32.924879128938429 ], [ -68.825368414126316, -32.924873842383299 ], [ -68.825360991094627, -32.924868664297463 ], [ -68.825353462040852, -32.924863596258135 ], [ -68.825345829258339, -32.924858639809116 ], [ -68.825338095072127, -32.924853796460184 ], [ -68.825330261838104, -32.924849067686637 ], [ -68.825322331942331, -32.924844454928873 ], [ -68.82531430780034, -32.924839959591978 ], [ -68.825306191856328, -32.924835583045251 ], [ -68.825297986582456, -32.924831326621813 ], [ -68.825289694478144, -32.924827191618192 ], [ -68.825281318069202, -32.924823179293966 ], [ -68.82527285990713, -32.924819290871241 ], [ -68.825264322568358, -32.924815527534527 ], [ -68.825255708653444, -32.924811890430107 ], [ -68.825247020786193, -32.924808380665901 ], [ -68.825238261612981, -32.924804999310979 ], [ -68.825229433801965, -32.924801747395314 ], [ -68.825220540042082, -32.924798625909467 ], [ -68.825211583042488, -32.924795635804273 ], [ -68.825202565531498, -32.924792777990511 ], [ -68.825193490255927, -32.924790053338683 ], [ -68.825184359980142, -32.924787462678736 ], [ -68.825175177485235, -32.924785006799823 ], [ -68.825165945568301, -32.924782686450008 ], [ -68.825156667041441, -32.924780502336077 ], [ -68.825147344730894, -32.924778455123288 ], [ -68.825137981476345, -32.924776545435293 ], [ -68.8251285801298, -32.924774773853741 ], [ -68.825119143555085, -32.924773140918262 ], [ -68.825109674626532, -32.924771647126327 ], [ -68.825100176228432, -32.924770292932891 ], [ -68.825090651254101, -32.924769078750465 ], [ -68.825081102604841, -32.924768004948888 ], [ -68.825071533189245, -32.924767071855264 ], [ -68.825061945922215, -32.924766279753783 ], [ -68.825052343724039, -32.924765628885744 ], [ -68.825042729519666, -32.924765119449418 ], [ -68.825033106237527, -32.924764751599952 ], [ -68.825023476808994, -32.924764525449433 ], [ -68.825013844167245, -32.924764441066714 ] ] ] } },
{ "type": "Feature", "properties": { "fid": 69, "TIPO": null, "NAME_1": null, "NAME_2": null, "TIPO_1": null, "N": null, "JURISDIC": "DNV", "REFER": null, "JERAREFER": null }, "geometry": { "type": "MultiLineString", "coordinates": [ [ [ -68.824226385735557, -32.92579927043748 ], [ -68.824080980680591, -32.925458106330446 ], [ -68.824078041062123, -32.925449685213522 ], [ -68.824074927627024, -32.925441308646533 ], [ -68.824071641323783, -32.925432979181082 ], [ -68.824068183153472, -32.925424699354366 ], [ -68.82406455416951, -32.925416471688528 ], [ -68.824060755477333, -32.925408298689717 ], [ -68.824056788234174, -32.925400182847561 ], [ -68.824052653648479, -32.925392126634129 ], [ -68.824048352979702, -32.925384132503495 ], [ -68.824043887537954, -32.925376202890646 ], [ -68.824039258683484, -32.925368340211079 ], [ -68.824034467826266, -32.925360546859785 ], [ -68.824029516425711, -32.92535282521068 ], [ -68.824024405990087, -32.925345177615803 ], [ -68.82401913807611, -32.925337606404746 ], [ -68.824013714288498, -32.925330113883682 ], [ -68.824008136279346, -32.92532270233491 ], [ -68.824002405747848, -32.92531537401603 ], [ -68.823996524439536, -32.925308131159326 ], [ -68.823990494146031, -32.92530097597097 ], [ -68.823984316704141, -32.925293910630543 ], [ -68.823977993995669, -32.925286937290181 ], [ -68.823971527946554, -32.925280058073945 ], [ -68.823964920526407, -32.925273275077373 ], [ -68.82395817374794, -32.925266590366562 ], [ -68.823951289666297, -32.925260005977734 ], [ -68.823944270378448, -32.925253523916531 ], [ -68.823937118022556, -32.925247146157425 ], [ -68.823929834777289, -32.925240874643137 ], [ -68.823922422861131, -32.925234711284006 ], [ -68.823914884531945, -32.925228657957398 ], [ -68.823907222085879, -32.925222716507243 ], [ -68.823899437857037, -32.925216888743265 ], [ -68.823891534216514, -32.925211176440719 ], [ -68.8238835135719, -32.925205581339569 ], [ -68.823875378366296, -32.925200105144107 ], [ -68.823867131077762, -32.925194749522426 ], [ -68.823858774218508, -32.925189516105874 ], [ -68.823850310334052, -32.925184406488576 ], [ -68.823841742002628, -32.925179422226954 ], [ -68.823833071834144, -32.92517456483926 ], [ -68.823824302469646, -32.925169835805072 ], [ -68.823815436580318, -32.92516523656483 ], [ -68.823806476866793, -32.925160768519532 ], [ -68.823797426058235, -32.925156433030189 ], [ -68.823788286911608, -32.925152231417357 ], [ -68.823779062210733, -32.925148164960909 ], [ -68.823769754765536, -32.925144234899513 ], [ -68.823760367411083, -32.925140442430234 ], [ -68.823750903006882, -32.925136788708365 ], [ -68.82374136443579, -32.925133274846758 ], [ -68.82373175460333, -32.925129901915831 ], [ -68.823722076436709, -32.925126670942944 ], [ -68.823712332883986, -32.925123582912263 ], [ -68.823702526913038, -32.925120638764454 ], [ -68.823692661510876, -32.925117839396293 ], [ -68.823682739682511, -32.925115185660481 ], [ -68.823672764450237, -32.925112678365352 ], [ -68.823662738852477, -32.925110318274676 ], [ -68.823652665943158, -32.925108106107324 ], [ -68.823642548790517, -32.925106042537124 ], [ -68.823632390476263, -32.925104128192629 ], [ -68.823622194094696, -32.925102363657039 ], [ -68.823611962751684, -32.925100749467767 ], [ -68.823601699563724, -32.925099286116513 ], [ -68.823591407657062, -32.925097974049045 ], [ -68.823581090166613, -32.925096813665 ], [ -68.823570750235163, -32.925095805317845 ], [ -68.823560391012307, -32.92509494931474 ], [ -68.82355001565351, -32.925094245916384 ], [ -68.82353962731915, -32.925093695337118 ], [ -68.823529229173573, -32.925093297744517 ], [ -68.823518824384067, -32.92509305325985 ], [ -68.823508416120006, -32.925092961957489 ] ] ] } },
{ "type": "Feature", "properties": { "fid": 70, "TIPO": null, "NAME_1": null, "NAME_2": null, "TIPO_1": null, "N": null, "JURISDIC": "DNV", "REFER": null, "JERAREFER": null }, "geometry": { "type": "MultiLineString", "coordinates": [ [ [ -68.824604627281531, -32.92609380564874 ], [ -68.824782526469178, -32.92650935117446 ], [ -68.824857107133681, -32.926610784919632 ], [ -68.82490863116, -32.926661212690078 ], [ -68.824972214000965, -32.926706159181109 ], [ -68.825034700586073, -32.926739046857492 ], [ -68.825111438497601, -32.926768645766209 ], [ -68.825187080153256, -32.926789474627917 ], [ -68.825279165647117, -32.926799340930835 ], [ -68.825360288582146, -32.926798244674949 ], [ -68.825424967679012, -32.926791667139682 ], [ -68.825503898102312, -32.926774127045618 ], [ -68.825569673455036, -32.926753298183904 ], [ -68.825634352551916, -32.926723699275172 ], [ -68.825693550369351, -32.92668533031943 ], [ -68.825748363163328, -32.926641754148221 ], [ -68.825792213398501, -32.926595711401305 ], [ -68.825827293586627, -32.926539802351471 ], [ -68.825852507471851, -32.926486085813394 ], [ -68.825872240077658, -32.926418117948892 ], [ -68.825879913868832, -32.926340283781485 ], [ -68.825876625101174, -32.9262613533582 ], [ -68.825861277518868, -32.926192289237825 ], [ -68.825827293586613, -32.926120210413764 ], [ -68.825783991479398, -32.926064027299972 ], [ -68.82574617065157, -32.926029495239781 ], [ -68.825711090463443, -32.926000718522971 ], [ -68.825636545063688, -32.925952483264275 ], [ -68.825578443502067, -32.925924802803323 ], [ -68.825511023765515, -32.925897533438359 ], [ -68.825451825948051, -32.925879993344282 ], [ -68.825372347396836, -32.925865742017855 ], [ -68.825261077425111, -32.925854231331115 ], [ -68.825107053474099, -32.925852586947308 ], [ -68.824828330417304, -32.925865193890047 ] ] ] } },
{ "type": "Feature", "properties": { "fid": 71, "TIPO": "SUELO NATURAL", "NAME_1": "RP 13", "NAME_2": null, "TIPO_1": "RP", "N": 13, "JURISDIC": "DPV", "REFER": null, "JERAREFER": null }, "geometry": { "type": "MultiLineString", "coordinates": [ [ [ -68.872867467836926, -32.833880624980111 ], [ -68.872940482894094, -32.833332502854681 ], [ -68.872977510737414, -32.833127843222329 ], [ -68.873014409285602, -32.833013901528311 ], [ -68.873065990092712, -32.832908503762425 ], [ -68.87315432900705, -32.832787635863333 ], [ -68.873242670986613, -32.832664441797355 ], [ -68.873356707061589, -32.832556005663662 ], [ -68.875132318981215, -32.830345663303568 ], [ -68.876460023476341, -32.828553552804628 ], [ -68.8770093413696, -32.827787641560946 ], [ -68.877432581465285, -32.827207305304483 ], [ -68.877540265358732, -32.827034503396504 ], [ -68.877599313849998, -32.826834515926812 ], [ -68.878666450000082, -32.821947380000211 ], [ -68.878891124106914, -32.820965450164252 ], [ -68.878961526601955, -32.820513477623678 ], [ -68.879035282034252, -32.820297220707602 ], [ -68.879132916426698, -32.82007788531623 ], [ -68.880606308867371, -32.819719527441947 ], [ -68.880757083781972, -32.81969953848666 ], [ -68.881245584835568, -32.819713959470448 ], [ -68.88175980789201, -32.819720649143861 ], [ -68.882582618809906, -32.819690408741593 ], [ -68.884393583744426, -32.819586643776375 ], [ -68.88586647919962, -32.819594198158178 ], [ -68.886770166111546, -32.819508177287332 ], [ -68.888287199542077, -32.819466119412574 ], [ -68.889679216902508, -32.81952938339149 ], [ -68.8899657166738, -32.819529635524191 ], [ -68.890413877399737, -32.819492810844203 ], [ -68.892320232064662, -32.819469653156425 ], [ -68.893073248954977, -32.819439283749574 ], [ -68.893337798990217, -32.819365073878771 ], [ -68.893742080106463, -32.819160719924746 ], [ -68.894124247495199, -32.81901837557669 ], [ -68.895104974661962, -32.81900059222842 ], [ -68.895611812438773, -32.819038233625626 ], [ -68.896170037357976, -32.819106930409184 ], [ -68.896691539719654, -32.819169391444902 ], [ -68.897165293003056, -32.819231811096991 ], [ -68.897760329154465, -32.819232298439736 ], [ -68.89833335520305, -32.819207953234525 ], [ -68.898730109213389, -32.819152448134709 ], [ -68.899126785626521, -32.819165174298277 ], [ -68.89985032976054, -32.81920917591831 ], [ -68.900224975153179, -32.819215678014956 ], [ -68.900540899982161, -32.819178711619323 ], [ -68.901367441489981, -32.819086321081819 ], [ -68.902072797759189, -32.818969018502877 ], [ -68.902381347726205, -32.818956853541508 ], [ -68.902675191879212, -32.818957082313865 ], [ -68.903237241114596, -32.818890836126698 ], [ -68.90519904475795, -32.818520159221315 ], [ -68.910595731236214, -32.817527002854504 ], [ -68.91132679875173, -32.817384854582038 ], [ -68.91215715654883, -32.817118712436411 ], [ -68.912792774016964, -32.816922212635724 ], [ -68.913343863920673, -32.81677372410671 ], [ -68.913880450000079, -32.816622170000237 ], [ -68.914012552347174, -32.816557081343824 ], [ -68.914339711637069, -32.816279722878065 ], [ -68.91508230695797, -32.815585496489554 ], [ -68.915346914139334, -32.815419746309821 ], [ -68.915721726396626, -32.8152339101526 ], [ -68.91691601208413, -32.814597353435246 ], [ -68.919719785777929, -32.813074802964472 ], [ -68.920138708237857, -32.812826952072569 ], [ -68.920745049475869, -32.812456709876393 ], [ -68.921406549600363, -32.81200430998922 ], [ -68.922060665038813, -32.811589119800018 ], [ -68.922784614001614, -32.811107287298192 ], [ -68.923034530803008, -32.810908946064721 ], [ -68.92328451577491, -32.810629965727131 ], [ -68.92352726401522, -32.810222268773828 ], [ -68.923652358384558, -32.80996182024996 ], [ -68.923718705148147, -32.809682726894259 ], [ -68.923770360851393, -32.80940362454772 ], [ -68.923917388846789, -32.809261045576214 ], [ -68.924192936717347, -32.80914490694073 ], [ -68.924494136008477, -32.809095465136629 ], [ -68.924920293604075, -32.808940647036017 ], [ -68.925449293881115, -32.808773482803446 ], [ -68.926525635025911, -32.808459318046204 ], [ -68.926804835675668, -32.80836023396715 ], [ -68.927039964335748, -32.808261123591947 ], [ -68.92715751329105, -32.808230177153931 ], [ -68.927432946665249, -32.808245844515412 ], [ -68.927780008658104, -32.808246045166428 ], [ -68.927978369820337, -32.808196535615323 ], [ -68.928198833751097, -32.808063298261139 ], [ -68.928507461789295, -32.807902197494222 ], [ -68.928865660691443, -32.807751203966866 ], [ -68.929104539308923, -32.807549742733691 ], [ -68.929310422577018, -32.807273826703401 ], [ -68.929661477052861, -32.806863077215006 ], [ -68.929981239973216, -32.806543803127795 ], [ -68.930266098850268, -32.806240791588152 ], [ -68.930493972007937, -32.806014509611558 ], [ -68.930806278165349, -32.805831694737257 ], [ -68.931212228991569, -32.805652807415022 ], [ -68.931351812877921, -32.805615666147439 ], [ -68.931506046229202, -32.805631258048884 ], [ -68.931652906138297, -32.805684063602527 ], [ -68.931759380451311, -32.805721339537627 ], [ -68.931898935838703, -32.805721415511208 ], [ -68.932056872653618, -32.80569668939313 ], [ -68.932435204454251, -32.805613153896246 ], [ -68.932855733767511, -32.805576937594573 ], [ -68.93305407922503, -32.805536724433466 ], [ -68.933193685367598, -32.805468566233273 ], [ -68.933285562735634, -32.805381773523195 ], [ -68.933399574333137, -32.805161628485855 ], [ -68.933585334191193, -32.804759308912338 ], [ -68.933691960185129, -32.804591884989399 ], [ -68.933846359307068, -32.804381840736148 ], [ -68.933985999717777, -32.8042640578226 ], [ -68.934099891449662, -32.804202088017263 ], [ -68.93423948557394, -32.804146334586882 ], [ -68.934696847351532, -32.80395195544709 ], [ -68.934994382522191, -32.803859065558086 ], [ -68.93521109661647, -32.803803351050327 ], [ -68.935354337161996, -32.803781714648125 ], [ -68.935620617450979, -32.803741532458069 ], [ -68.935730812640529, -32.803710574161997 ], [ -68.935874097447481, -32.803626907388015 ], [ -68.936057789718376, -32.803527753637596 ], [ -68.936201062849193, -32.803459593931088 ], [ -68.936346158154294, -32.803410819299174 ], [ -68.936588630059973, -32.803280679728516 ], [ -68.936805405397479, -32.803135019269092 ], [ -68.936985421036013, -32.803038963783564 ], [ -68.937299486918775, -32.802931344638125 ], [ -68.937641102019214, -32.80281365858017 ], [ -68.93784313316911, -32.802742424740444 ], [ -68.937979054602366, -32.802680462321085 ], [ -68.938160914454969, -32.802569673970467 ], [ -68.938351927505067, -32.802498433865118 ], [ -68.938572291524238, -32.802467527246449 ], [ -68.939110320113954, -32.80243057211824 ], [ -68.939481253147477, -32.802396635528872 ], [ -68.939734672068184, -32.802359539852276 ], [ -68.9399880782765, -32.802341052600816 ], [ -68.940239629519652, -32.802350477367838 ], [ -68.940463662829615, -32.802322670661233 ], [ -68.940614256850225, -32.802282422786014 ], [ -68.940746527987983, -32.802183237735697 ], [ -68.940882460929757, -32.802099561726969 ], [ -68.941101002765635, -32.802044613240689 ], [ -68.941328674805604, -32.802066430550376 ], [ -68.941486561930319, -32.80210372231307 ], [ -68.941655478433432, -32.802122410070446 ], [ -68.941952925721381, -32.802144258734018 ], [ -68.942226534881968, -32.80211647184187 ], [ -68.942483644208693, -32.802048357392671 ], [ -68.942733394510668, -32.802001949486367 ], [ -68.942979446459049, -32.801995858780224 ], [ -68.943249378551414, -32.801974270959782 ], [ -68.943455079624073, -32.801896826733476 ], [ -68.943631421108279, -32.801788354045485 ], [ -68.943897810097781, -32.80155973869693 ], [ -68.944085241161034, -32.801333413661794 ], [ -68.944305702828274, -32.801138117945683 ], [ -68.944715413943285, -32.800738982452081 ], [ -68.945005745244472, -32.800383214108948 ], [ -68.945163750885044, -32.800225107310581 ], [ -68.945332732943058, -32.800132136431571 ], [ -68.945595336475705, -32.800074097814267 ], [ -68.945815684500943, -32.800055584393185 ], [ -68.9461094966953, -32.800006087298755 ], [ -68.946552072319207, -32.799895398624336 ], [ -68.946989179399054, -32.799715697867846 ], [ -68.947371178941054, -32.799573190340432 ], [ -68.947595217638735, -32.799520558921635 ], [ -68.947745791033242, -32.799502012885057 ], [ -68.948008350086184, -32.799514528131745 ], [ -68.948210334960208, -32.799496002869645 ], [ -68.948390320268402, -32.799418539862991 ], [ -68.948574009651978, -32.799285251254084 ], [ -68.948825646943078, -32.799131055081844 ], [ -68.949079082798875, -32.799041215101951 ], [ -68.949273776506388, -32.798926538887208 ], [ -68.949584216200691, -32.798685523188077 ], [ -68.949767907528411, -32.79854292833285 ], [ -68.950003014422762, -32.79839104926252 ], [ -68.950258362106624, -32.79815931434274 ], [ -68.950401660579061, -32.798010499508898 ], [ -68.950563307501412, -32.797883402203695 ], [ -68.950746980228004, -32.797768719324054 ], [ -68.951090441120712, -32.797564930744208 ], [ -68.951354910420378, -32.797431669533438 ], [ -68.951612026201886, -32.797313912387345 ], [ -68.95182136976139, -32.797258166212586 ], [ -68.952307937643539, -32.797246721845823 ], [ -68.953042386572648, -32.797215984440562 ], [ -68.95354361086784, -32.797265795264693 ], [ -68.953826327419051, -32.797343437154581 ], [ -68.953965841005044, -32.797399315395978 ], [ -68.954400898502229, -32.797584788787042 ], [ -68.954588155887251, -32.797631379227631 ], [ -68.954834205995624, -32.797603554764009 ], [ -68.955142712545154, -32.797516823827728 ], [ -68.955385134910642, -32.797399053670873 ], [ -68.955544929459137, -32.797288232100335 ], [ -68.955717598079545, -32.797133218592329 ], [ -68.955890243131037, -32.797024727239304 ], [ -68.956114293288877, -32.796925558151003 ], [ -68.95639527748628, -32.796793067437257 ], [ -68.956707498456794, -32.796610187615769 ], [ -68.956968291901788, -32.796461405784399 ], [ -68.957148259051763, -32.796393234622144 ], [ -68.957324537505571, -32.796359178378161 ], [ -68.957513637291257, -32.796390257610874 ], [ -68.957656835590626, -32.796421321047404 ], [ -68.957862480691674, -32.796408984429775 ], [ -68.958046117724891, -32.79634391470514 ], [ -68.95852174411641, -32.796158758856237 ], [ -68.959035924638314, -32.795975939931587 ], [ -68.959680491783089, -32.795728804924863 ], [ -68.960773117187117, -32.795329834491739 ], [ -68.961066923160388, -32.795239982824491 ], [ -68.961239547299058, -32.795156296010994 ], [ -68.961404832325215, -32.795060200717892 ], [ -68.961707865802367, -32.794856370450738 ], [ -68.961939278583813, -32.794685858769469 ], [ -68.962148621384358, -32.794602181847843 ], [ -68.962324891789521, -32.794574321541248 ], [ -68.962471767426237, -32.794589873112123 ], [ -68.962660855221401, -32.794644981163664 ], [ -68.962928866458796, -32.794762917587292 ], [ -68.963371284074626, -32.7949235501179 ], [ -68.963727426838702, -32.795041510572062 ], [ -68.964105607995407, -32.795147070350751 ], [ -68.964746281782908, -32.795410104002393 ], [ -68.96490780737291, -32.795528006159699 ], [ -68.965113404619458, -32.795630412918058 ], [ -68.965743074465195, -32.795877930915175 ], [ -68.966007428442282, -32.795977250764231 ], [ -68.966156131924933, -32.796022262704525 ], [ -68.966398477413193, -32.796059545890721 ], [ -68.96667021160647, -32.79606582148908 ], [ -68.966916251366442, -32.796044176264097 ], [ -68.967171490664924, -32.795969807563097 ], [ -68.967413896390539, -32.795842709597046 ], [ -68.967630607957432, -32.795684589575657 ], [ -68.96774816888491, -32.795535748165292 ], [ -68.967939244344137, -32.795183002202748 ], [ -68.9682203335163, -32.794690711526094 ], [ -68.968370931843111, -32.794566689846071 ], [ -68.968484793950424, -32.794486079675906 ], [ -68.968561957207584, -32.794343430290773 ], [ -68.968628128876659, -32.794130219084074 ], [ -68.968727312921217, -32.794018590056425 ], [ -68.96882650429248, -32.793885250481935 ], [ -68.968914682544053, -32.793742603606567 ], [ -68.969045090554886, -32.793594539492773 ], [ -68.969188321550831, -32.793529443403031 ], [ -68.969379304390628, -32.793417836397417 ], [ -68.969471140582499, -32.793312407962205 ], [ -68.969562961766627, -32.793250400395003 ], [ -68.969810853963935, -32.793155089395931 ], [ -68.970078965734587, -32.792987672957395 ], [ -68.9702479102681, -32.792888465333895 ], [ -68.97038748577603, -32.792767540068432 ], [ -68.970510525504054, -32.792681502583477 ], [ -68.970708830523591, -32.792625722187772 ], [ -68.970998940628036, -32.79255135379173 ], [ -68.971244982643043, -32.792489380597758 ], [ -68.971503884852211, -32.792400271754559 ], [ -68.971683834713332, -32.792325876657344 ], [ -68.971805047616201, -32.792204945647669 ], [ -68.971970311937397, -32.792121242340571 ], [ -68.972062120466902, -32.792090247889256 ], [ -68.972265925115451, -32.792053850601242 ], [ -68.972387123443795, -32.791976339969501 ], [ -68.972460593934613, -32.791874006762569 ], [ -68.972508347325558, -32.791815088819945 ], [ -68.972585463790153, -32.791796496743743 ], [ -68.972706626441337, -32.791833741163131 ], [ -68.972831460193632, -32.791874087757961 ], [ -68.972912243883513, -32.79187100375858 ], [ -68.973048121679199, -32.791818307630678 ], [ -68.973128936089282, -32.791712874112342 ], [ -68.973180372058223, -32.791616738742597 ], [ -68.973356667130787, -32.79147488289658 ], [ -68.973672514971639, -32.791264047907241 ], [ -68.973913066127039, -32.791125306256482 ], [ -68.974100351639635, -32.79106331518603 ], [ -68.974302326305775, -32.790995123855609 ], [ -68.974530000457861, -32.790939343415161 ], [ -68.974761331336879, -32.790936288745797 ], [ -68.975016527845796, -32.790939441405762 ], [ -68.975346973610812, -32.79103255179097 ], [ -68.975515866962709, -32.791085310367563 ], [ -68.975774719860382, -32.791147390638287 ], [ -68.975980337006263, -32.791184648200961 ], [ -68.976138234317361, -32.791166069400525 ], [ -68.976318162221432, -32.791150596065208 ], [ -68.976465035495536, -32.791163029736566 ], [ -68.976609530000104, -32.791178470000233 ], [ -68.976782631282006, -32.791258460038854 ], [ -68.976914800298175, -32.791336021888981 ], [ -68.977035949785503, -32.791429089062575 ], [ -68.97733327697587, -32.79181838105238 ], [ -68.977527843049899, -32.792004505902696 ], [ -68.977694886713792, -32.792124718748838 ], [ -68.977827055494373, -32.792211584115201 ], [ -68.978028994073981, -32.792289157110254 ], [ -68.978414531931662, -32.792363660058776 ], [ -68.978656877814657, -32.792379209071775 ], [ -68.978915760613532, -32.792339708841538 ], [ -68.979092033680388, -32.792259099486522 ], [ -68.979194873811593, -32.792150564238327 ], [ -68.979327080684328, -32.792079251711691 ], [ -68.979450095170051, -32.792061438350714 ], [ -68.979607989064959, -32.792061464157129 ], [ -68.979747526016624, -32.792049080811729 ], [ -68.979916452471684, -32.791974672097254 ], [ -68.980067014080319, -32.791921970708344 ], [ -68.980641708296218, -32.791761558402676 ], [ -68.980825309892367, -32.791739876168741 ], [ -68.980939138146681, -32.791748422658827 ], [ -68.981141083620784, -32.791801178670816 ], [ -68.98128794434983, -32.791881839608443 ], [ -68.981477023894683, -32.792005152200581 ], [ -68.981587169576017, -32.792067198370979 ], [ -68.981748722764607, -32.79212925194556 ], [ -68.981873560388308, -32.792172691024547 ], [ -68.98200389748088, -32.792258776344376 ], [ -68.982099348537886, -32.792358037905728 ], [ -68.9822168192661, -32.792519332446339 ], [ -68.982282895814592, -32.792614712819422 ], [ -68.982352646166404, -32.792701564559486 ], [ -68.982462782357331, -32.792819436881885 ], [ -68.982855621974778, -32.793145148353041 ], [ -68.98292905477723, -32.79318237633445 ], [ -68.983037371334248, -32.793221159749812 ], [ -68.983108971206278, -32.793242879897605 ], [ -68.983179656616059, -32.793245990906293 ], [ -68.983319194924519, -32.793233603584589 ], [ -68.983431193203458, -32.793221212467181 ], [ -68.983554201737732, -32.793239837654816 ], [ -68.983634982035625, -32.793260007959056 ], [ -68.983771757642444, -32.793295305271315 ], [ -68.983887414235028, -32.793358900868476 ], [ -68.983993892363557, -32.793414741446135 ], [ -68.984065489028254, -32.793456620768772 ], [ -68.984244486931146, -32.793527590129692 ], [ -68.98439686673828, -32.793577233137654 ], [ -68.984603409210294, -32.793625331881969 ], [ -68.98473376496267, -32.793630000082366 ], [ -68.984887987257778, -32.79364397551619 ], [ -68.985114725279885, -32.793697891156363 ], [ -68.985246908212559, -32.793756835213898 ], [ -68.985344208879312, -32.793804919819792 ], [ -68.985461701245271, -32.793880920155523 ], [ -68.985602142056109, -32.793968941315605 ], [ -68.985715959105832, -32.794068202204635 ], [ -68.985827940389541, -32.794167462780976 ], [ -68.985888520194734, -32.794223296539023 ], [ -68.985932579791736, -32.794254316449624 ], [ -68.986121680283091, -32.794316367454279 ], [ -68.986271306359782, -32.794379576912839 ], [ -68.986440205904515, -32.794475741667839 ], [ -68.986590746472103, -32.794565701238888 ], [ -68.986752306735283, -32.79463395132732 ], [ -68.986939574836839, -32.794680493423691 ], [ -68.987268216587921, -32.794733252681333 ], [ -68.987789641195775, -32.794792233009751 ], [ -68.98809257826467, -32.794853516706389 ], [ -68.98827616853886, -32.794952781869497 ], [ -68.98852585137702, -32.79509237226965 ], [ -68.988804910093023, -32.795244370778001 ], [ -68.989177594954327, -32.795504153731635 ], [ -68.989368524214484, -32.795668549306974 ], [ -68.989574142240215, -32.795836047305258 ], [ -68.989867881290408, -32.796095821584018 ], [ -68.990064323771449, -32.7962377306946 ], [ -68.990222205367175, -32.796417629795258 ], [ -68.99027360674944, -32.796495171156046 ], [ -68.990394769563665, -32.796658784330134 ], [ -68.990585706145566, -32.796798366067307 ], [ -68.990692189006239, -32.796888317356533 ], [ -68.990787654342171, -32.796990673720295 ], [ -68.990899637736504, -32.797160488705572 ], [ -68.990976742462649, -32.797265945079261 ], [ -68.991042835215836, -32.797327979702061 ], [ -68.991224598452831, -32.797420262012984 ], [ -68.99139351206631, -32.797485405105427 ], [ -68.99154039227777, -32.797556749470623 ], [ -68.991687270992301, -32.797646702625208 ], [ -68.991782741702039, -32.797711840294092 ], [ -68.991896570105794, -32.797814197002815 ], [ -68.992039777134551, -32.797907250996339 ], [ -68.992219706752593, -32.79799643024451 ], [ -68.992392298340889, -32.798015049809131 ], [ -68.992535516833073, -32.797980941997857 ], [ -68.992752181594867, -32.797915823358537 ], [ -68.992880712758904, -32.797860003845578 ], [ -68.993044135518261, -32.79772742417407 ], [ -68.99312493120668, -32.797628180835858 ], [ -68.993231429127491, -32.797566156761313 ], [ -68.993352612830932, -32.797541351301703 ], [ -68.993484810957824, -32.797544459742518 ], [ -68.993628021199825, -32.797609598480321 ], [ -68.993767560550566, -32.797659229402328 ], [ -68.994039297415824, -32.797727475492501 ], [ -68.994233922173791, -32.797742992072997 ], [ -68.994450579533876, -32.797767813810268 ], [ -68.994575432344121, -32.797792631229896 ], [ -68.994619496157497, -32.797832952548497 ], [ -68.994656213218676, -32.797913592955311 ], [ -68.994670898100566, -32.797978724946816 ], [ -68.99473698608962, -32.798174121834798 ], [ -68.994773705030013, -32.798226848761715 ], [ -68.994935275924817, -32.798334632297156 ], [ -68.995111539415504, -32.798381161702473 ], [ -68.995295148332374, -32.798412183668681 ], [ -68.995726627786212, -32.79852695438899 ], [ -68.995906564003306, -32.798579685785839 ], [ -68.99613790874939, -32.798696774504641 ], [ -68.996303154978264, -32.798789824288022 ], [ -68.9965106299437, -32.798941028031955 ], [ -68.996598759073052, -32.799058887193823 ], [ -68.996678627183883, -32.799141854276257 ], [ -68.996757579267225, -32.799172871275388 ], [ -68.99682367984424, -32.799167445356538 ], [ -68.996865911404285, -32.799145735969446 ], [ -68.996916405969031, -32.799110070053125 ], [ -68.996963688041589, -32.799052112057041 ], [ -68.997003167025539, -32.798980003293842 ], [ -68.997023366104173, -32.798926503019381 ], [ -68.997053665885105, -32.798809616212615 ], [ -68.997064685883046, -32.798708817942085 ], [ -68.997053674157911, -32.7985587829465 ], [ -68.997037152004253, -32.798473491490164 ], [ -68.997011452557317, -32.79829244120257 ], [ -68.997005946844936, -32.798214903734589 ], [ -68.997009620917851, -32.798159076939491 ], [ -68.997020639281914, -32.798106351812258 ], [ -68.997101428480732, -32.798081541759835 ], [ -68.997193070000066, -32.798098920000221 ], [ -68.997226281647585, -32.798132719230573 ], [ -68.997255657491365, -32.798190097507579 ], [ -68.997277685653941, -32.798356027887941 ], [ -68.997295126080644, -32.798440931647328 ], [ -68.997330009744857, -32.798520020476261 ], [ -68.997337351358823, -32.798614616178362 ], [ -68.997335511918322, -32.798726269896342 ], [ -68.997344690591476, -32.798789850702079 ], [ -68.997408952374272, -32.798865838630903 ], [ -68.997464034825853, -32.798901506929603 ], [ -68.997500755804978, -32.798949580811254 ], [ -68.997517279049561, -32.799014712494987 ], [ -68.997517277411802, -32.799073640863249 ], [ -68.997511767368024, -32.799134119868164 ], [ -68.997517274265633, -32.799186845358619 ], [ -68.997559504395326, -32.799211658132606 ], [ -68.997610915868961, -32.799210108377459 ], [ -68.99764580289208, -32.79918374634768 ], [ -68.997666001652192, -32.799129470598047 ], [ -68.997662331155396, -32.799062788429154 ], [ -68.99763479231882, -32.798951134160973 ], [ -68.997568695095396, -32.798841029888692 ], [ -68.997519121628017, -32.798782100545978 ], [ -68.997498925852938, -32.798729374759681 ], [ -68.997508107886986, -32.798676649557699 ], [ -68.997548504086552, -32.79861306974302 ], [ -68.99760817981911, -32.798532819757753 ], [ -68.9976393957146, -32.798455283016501 ], [ -68.997639397189786, -32.798399456135812 ], [ -68.997619203124671, -32.798283149750404 ], [ -68.997619206461891, -32.798157926951355 ], [ -68.997659603160315, -32.798063332160083 ], [ -68.997753248205612, -32.797904382328383 ], [ -68.997782627315047, -32.797840802232173 ], [ -68.997795482424962, -32.797741554661037 ], [ -68.997789976334545, -32.797653161992514 ], [ -68.997823027891585, -32.797574074480053 ], [ -68.997926769533663, -32.797461259402496 ], [ -68.997987361684167, -32.79740388275431 ], [ -68.998068150415222, -32.797358912365112 ], [ -68.99816729939171, -32.79733875414486 ], [ -68.99830684172332, -32.797341857603051 ], [ -68.998429858816138, -32.797372874144813 ], [ -68.998625401130013, -32.797419398851986 ], [ -68.998840222759199, -32.797450415964278 ], [ -68.999001797944743, -32.797487635282501 ], [ -68.99919366895341, -32.797498491893251 ], [ -68.999368097549507, -32.797456622727879 ], [ -68.999469082436434, -32.797434912739682 ], [ -68.999553542418525, -32.797430260828428 ], [ -68.999626985753537, -32.797455073019613 ], [ -68.999638002052478, -32.797509349194208 ], [ -68.999612296456036, -32.79759464019704 ], [ -68.99958659087514, -32.797665974471535 ], [ -68.999586590667036, -32.797710946130799 ], [ -68.999595770999406, -32.797738859604287 ], [ -68.999644427237257, -32.797791197458096 ], [ -68.999807839495034, -32.797816009764915 ], [ -68.999960235264055, -32.797870286045175 ], [ -69.000066960119383, -32.797924123628789 ] ], [ [ -69.000066960119369, -32.803502079255146 ], [ -68.999980431063349, -32.803557259760645 ], [ -68.999901473864071, -32.803636347739101 ], [ -68.999828025149526, -32.803726290892101 ], [ -68.999783037751158, -32.803776302360305 ], [ -68.999727033072418, -32.803801889549149 ], [ -68.999644403297893, -32.803804990832475 ], [ -68.999575545175119, -32.803801889127307 ], [ -68.99950668706137, -32.803798012011605 ], [ -68.999450682428147, -32.803801113269159 ], [ -68.999427729592441, -32.803820497483287 ], [ -68.999422220744847, -32.803850736992231 ], [ -68.999431401730902, -32.803867019860355 ], [ -68.999484651899863, -32.803894933506825 ], [ -68.999560854833462, -32.803925173331159 ], [ -68.999621450006998, -32.803941456354863 ], [ -68.999710506614832, -32.803957739418237 ], [ -68.999783037310436, -32.803957739564922 ], [ -68.999835369598756, -32.803949985918059 ], [ -68.999887701898444, -32.803925949423466 ], [ -68.999917999551315, -32.803891833049732 ], [ -68.999976758566419, -32.803838332360222 ], [ -69.000016237240459, -32.803804215963645 ], [ -69.000066960119369, -32.803782299264995 ] ] ] } },
{ "type": "Feature", "properties": { "fid": 72, "TIPO": "PAVIMENTO", "NAME_1": "RP 82", "NAME_2": "PANAMERICANA", "TIPO_1": "RP", "N": 82, "JURISDIC": "DPV", "REFER": null, "JERAREFER": null }, "geometry": { "type": "MultiLineString", "coordinates": [ [ [ -68.877177236140454, -32.9686306418537 ], [ -68.87723820909352, -32.968757150606756 ], [ -68.877349034126979, -32.968861504105412 ], [ -68.877754116970223, -32.969154230888726 ], [ -68.877940481219724, -32.969293024885637 ], [ -68.878424970000069, -32.969630770000229 ], [ -68.880652772652525, -32.971035290204327 ], [ -68.88094612490498, -32.971256661038801 ], [ -68.881255090595445, -32.971532350845479 ], [ -68.881466463113711, -32.971725973887217 ], [ -68.881732822788535, -32.97208670183327 ], [ -68.882043402445063, -32.972739647830508 ], [ -68.882945200000066, -32.974679550000239 ], [ -68.883637860000078, -32.976199080000228 ], [ -68.884265390000081, -32.977539450000258 ], [ -68.884432500000088, -32.977866800000214 ], [ -68.884583400000068, -32.978090810000239 ], [ -68.884991410000097, -32.978573380000228 ], [ -68.885766810000078, -32.979352470000244 ], [ -68.886019820000072, -32.979621350000237 ], [ -68.886236090000082, -32.979866080000242 ], [ -68.886418708287181, -32.980159512535032 ], [ -68.88655532709339, -32.980432227303879 ], [ -68.886701598576977, -32.98075857504444 ], [ -68.886924810000082, -32.98133738000022 ], [ -68.887034790000087, -32.981619900000233 ], [ -68.887135815355649, -32.981883590427756 ], [ -68.887257906555533, -32.982118307304376 ], [ -68.887413940000073, -32.982319410000237 ], [ -68.887540370000096, -32.982444940000242 ], [ -68.887699650000073, -32.982598640000219 ], [ -68.887889490000077, -32.98273693000025 ], [ -68.888279470000072, -32.982964250000236 ], [ -68.889120500000089, -32.983409170000222 ], [ -68.890938230000074, -32.984338420000235 ], [ -68.891403690000075, -32.984554830000228 ], [ -68.891686560000082, -32.984665340000227 ], [ -68.89215, -32.984880870000225 ], [ -68.892388050000065, -32.985031660000217 ], [ -68.892609080000071, -32.985189610000219 ], [ -68.892796050000086, -32.985365450000259 ], [ -68.893267660000092, -32.985867810000236 ], [ -68.89360764000007, -32.986165680000241 ], [ -68.893854180000076, -32.986341580000243 ], [ -68.894392160136192, -32.986694530548164 ], [ -68.895382987274871, -32.987300127843973 ], [ -68.895679703962202, -32.987485082089172 ], [ -68.89595694125876, -32.987702789814598 ], [ -68.896154667898102, -32.98789957691713 ], [ -68.896338220753719, -32.988126143223099 ], [ -68.896572809253826, -32.988543415767104 ], [ -68.897600850748304, -32.990626673618777 ], [ -68.897826658708013, -32.991005207796199 ], [ -68.898347214970485, -32.991762331009241 ], [ -68.898739121862818, -32.992191643749265 ], [ -68.899263454781178, -32.992749164594272 ], [ -68.899666909467356, -32.993134541564686 ], [ -68.901122450000074, -32.994448550000229 ], [ -68.901493420000065, -32.994802940000241 ], [ -68.901787150000075, -32.995153440000237 ], [ -68.902106010000097, -32.995674120000217 ], [ -68.902345080000089, -32.996131920000217 ], [ -68.902443920000096, -32.99631959000024 ], [ -68.902562970000105, -32.99649100000024 ], [ -68.902641250000102, -32.996594990000219 ], [ -68.902765020000089, -32.996728940000239 ], [ -68.902866300000099, -32.996808920000248 ], [ -68.902929920000076, -32.996859170000221 ], [ -68.903318260000091, -32.997146600000235 ], [ -68.903616140000096, -32.997384610000225 ], [ -68.903839510000083, -32.997609100000233 ], [ -68.904100050000082, -32.997923350000221 ], [ -68.904722150000069, -32.998682030000232 ], [ -68.905323960000075, -32.999296820000225 ], [ -68.906282112332661, -33.000054891382682 ] ] ] } },
{ "type": "Feature", "properties": { "fid": 73, "TIPO": "PAVIMENTO", "NAME_1": "RP 82", "NAME_2": "PANAMERICANA", "TIPO_1": "RP", "N": 82, "JURISDIC": "DPV", "REFER": null, "JERAREFER": null }, "geometry": { "type": "MultiLineString", "coordinates": [ [ [ -68.876973443906465, -32.968467240945351 ], [ -68.876969878377267, -32.968467263662312 ], [ -68.876966313861402, -32.968467338830017 ], [ -68.876962751444708, -32.968467466425565 ], [ -68.876959192212325, -32.968467646410119 ], [ -68.876955637248372, -32.968467878728788 ], [ -68.8769520876358, -32.968468163310867 ], [ -68.876948544455757, -32.968468500069676 ], [ -68.876945008787587, -32.968468888902578 ], [ -68.876941481708272, -32.968469329691182 ], [ -68.876937964292168, -32.968469822301188 ], [ -68.87693445761073, -32.968470366582572 ], [ -68.876930962732104, -32.968470962369501 ], [ -68.87692748072088, -32.968471609480559 ], [ -68.876924012637687, -32.968472307718535 ], [ -68.876920559538959, -32.968473056870877 ], [ -68.876917122476485, -32.968473856709245 ], [ -68.876913702497276, -32.968474706990087 ], [ -68.876910300643047, -32.968475607454351 ], [ -68.876906917950052, -32.968476557827792 ], [ -68.876903555448678, -32.968477557820904 ], [ -68.876900214163186, -32.968478607129086 ], [ -68.876896895111315, -32.968479705432692 ], [ -68.876893599304154, -32.968480852397164 ], [ -68.876890327745542, -32.96848204767317 ], [ -68.876887081432088, -32.968483290896557 ], [ -68.876883861352653, -32.968484581688699 ], [ -68.876880668488027, -32.968485919656366 ], [ -68.87687750381086, -32.968487304392006 ], [ -68.876874368285129, -32.968488735473834 ], [ -68.876871262865876, -32.96849021246593 ], [ -68.876868188499117, -32.968491734918352 ], [ -68.876865146121276, -32.968493302367406 ], [ -68.876862136659128, -32.968494914335579 ], [ -68.876859161029373, -32.968496570331894 ], [ -68.876856220138407, -32.968498269851899 ], [ -68.876853314882027, -32.968500012377902 ], [ -68.876850446145255, -32.96850179737914 ], [ -68.876847614801875, -32.968503624311886 ], [ -68.876844821714371, -32.968505492619599 ], [ -68.876842067733563, -32.968507401733206 ], [ -68.876839353698287, -32.968509351071198 ], [ -68.876836680435304, -32.968511340039754 ], [ -68.876834048758937, -32.968513368033015 ], [ -68.87683145947075, -32.968515434433293 ], [ -68.876828913359503, -32.968517538611067 ], [ -68.876826411200753, -32.968519679925443 ], [ -68.876823953756727, -32.968521857724127 ], [ -68.876821541775925, -32.968524071343772 ], [ -68.876819175993106, -32.968526320110051 ], [ -68.876816857128887, -32.968528603338001 ], [ -68.876814585889605, -32.968530920332149 ], [ -68.876812362967129, -32.968533270386672 ], [ -68.876810189038608, -32.968535652785754 ], [ -68.87680806476618, -32.968538066803688 ], [ -68.876805990796939, -32.968540511705115 ], [ -68.876803967762669, -32.968542986745355 ], [ -68.87680199627961, -32.968545491170453 ], [ -68.876800076948257, -32.968548024217512 ], [ -68.876798210353272, -32.96855058511504 ], [ -68.876796397063274, -32.968553173082853 ], [ -68.876794637630567, -32.968555787332704 ], [ -68.87679293259113, -32.968558427068245 ], [ -68.876791282464296, -32.968561091485384 ], [ -68.876789687752748, -32.968563779772538 ], [ -68.876788148942268, -32.968566491110792 ], [ -68.876786666501545, -32.968569224674255 ], [ -68.876785240882199, -32.96857197963034 ], [ -68.876783872518459, -32.968574755139741 ], [ -68.876782561827156, -32.968577550357097 ], [ -68.876781309207558, -32.968580364430935 ], [ -68.876780115041228, -32.968583196504042 ], [ -68.876778979691892, -32.968586045713771 ], [ -68.876777903505428, -32.968588911192249 ], [ -68.876776886809637, -32.96859179206654 ], [ -68.87677592991426, -32.968594687459202 ], [ -68.876775033110704, -32.968597596488188 ], [ -68.87677419667223, -32.968600518267458 ], [ -68.876773420853581, -32.968603451906958 ], [ -68.876772705891128, -32.968606396513067 ], [ -68.876772052002622, -32.968609351188853 ], [ -68.876771459387243, -32.968612315034314 ], [ -68.876770928225554, -32.968615287146598 ], [ -68.876770458679317, -32.96861826662041 ], [ -68.876770050891608, -32.968621252548132 ], [ -68.876769704986629, -32.968624244020248 ], [ -68.87676942106971, -32.968627240125514 ], [ -68.876769199227425, -32.968630239951302 ], [ -68.876769039527304, -32.968633242583827 ], [ -68.876768942017989, -32.968636247108471 ], [ -68.876768906729239, -32.968639252610011 ], [ -68.876768933671741, -32.968642258172935 ], [ -68.876769022837365, -32.968645262881729 ], [ -68.876769174198898, -32.96864826582113 ], [ -68.876769387710283, -32.968651266076442 ], [ -68.876769663306462, -32.968654262733708 ], [ -68.876770000903505, -32.968657254880142 ], [ -68.876770400398598, -32.968660241604297 ], [ -68.876770861669996, -32.968663221996415 ], [ -68.876771384577253, -32.968666195148607 ], [ -68.876771968961094, -32.968669160155244 ], [ -68.876772614643485, -32.968672116113133 ], [ -68.876773321427791, -32.968675062121868 ], [ -68.87677408909866, -32.968677997284068 ], [ -68.876774917422324, -32.968680920705665 ], [ -68.876775806146455, -32.968683831496151 ], [ -68.876776755000307, -32.968686728768851 ], [ -68.876777763694918, -32.968689611641231 ], [ -68.876778831922977, -32.968692479235173 ], [ -68.876779959359155, -32.968695330677136 ], [ -68.876781145659947, -32.96869816509853 ], [ -68.876782390464086, -32.968700981636005 ], [ -68.876783693392355, -32.968703779431614 ], [ -68.876785054047872, -32.968706557633091 ], [ -68.87678647201615, -32.968709315394186 ], [ -68.876787946865349, -32.968712051874853 ], [ -68.876789478146122, -32.968714766241533 ], [ -68.876791065392084, -32.968717457667367 ], [ -68.876792708119751, -32.96872012533256 ], [ -68.876794405828733, -32.96872276842452 ], [ -68.876796158001852, -32.96872538613809 ], [ -68.87679796410545, -32.968727977675933 ], [ -68.876799823589309, -32.968730542248622 ], [ -68.876801735887071, -32.968733079074937 ], [ -68.87680370041619, -32.968735587382177 ], [ -68.876805716578303, -32.968738066406218 ], [ -68.876807783759205, -32.968740515391993 ], [ -68.876809901329267, -32.968742933593497 ], [ -68.876812068643417, -32.968745320274117 ], [ -68.876814285041533, -32.968747674706798 ], [ -68.876816549848414, -32.968749996174452 ], [ -68.876818862374193, -32.968752283969835 ], [ -68.876821221914511, -32.96875453739613 ], [ -68.876823627750568, -32.968756755766869 ], [ -68.876826079149538, -32.96875893840636 ], [ -68.876828575364698, -32.968761084649692 ], [ -68.876831115635696, -32.968763193843145 ], [ -68.876833699188737, -32.968765265344189 ], [ -68.876836325236837, -32.96876729852189 ], [ -68.876838992980055, -32.968769292756853 ], [ -68.876841701605812, -32.968771247441651 ], [ -68.876844450288999, -32.968773161980863 ], [ -68.876847238192383, -32.968775035791268 ], [ -68.876850064466694, -32.968776868302115 ], [ -68.876852928251012, -32.968778658955188 ], [ -68.876855828673058, -32.968780407205038 ], [ -68.87685876484926, -32.968782112519101 ], [ -68.876861735885299, -32.968783774377968 ], [ -68.87686474087613, -32.968785392275393 ], [ -68.876867778906416, -32.968786965718557 ], [ -68.87687084905069, -32.96878849422815 ], [ -68.876873950373806, -32.968789977338588 ], [ -68.876877081931084, -32.968791414598101 ], [ -68.876880242768564, -32.968792805568867 ], [ -68.876883431923446, -32.96879414982719 ], [ -68.876886648424275, -32.968795446963632 ], [ -68.876889891291285, -32.968796696582999 ], [ -68.87689315953665, -32.968797898304672 ], [ -68.876896452164829, -32.968799051762602 ], [ -68.876899768172819, -32.96880015660544 ], [ -68.876903106550586, -32.968801212496622 ], [ -68.876906466281199, -32.968802219114515 ], [ -68.876909846341206, -32.968803176152505 ], [ -68.876913245701076, -32.968804083319064 ], [ -68.876916663325304, -32.968804940337826 ], [ -68.876920098172789, -32.968805746947766 ], [ -68.876923549197272, -32.96880650290317 ], [ -68.876927015347562, -32.968807207973768 ], [ -68.876930495567805, -32.968807861944804 ], [ -68.876933988797873, -32.968808464617055 ], [ -68.876937493973713, -32.968809015806926 ], [ -68.876941010027593, -32.968809515346535 ], [ -68.876944535888498, -32.968809963083736 ], [ -68.876948070482385, -32.968810358882088 ], [ -68.876951612732626, -32.968810702621084 ], [ -68.876955161560133, -32.968810994195984 ], [ -68.876958715883944, -32.968811233517954 ], [ -68.876962274621377, -32.968811420514164 ], [ -68.876965836688399, -32.968811555127608 ], [ -68.87696940099994, -32.968811637317252 ], [ -68.876972966470262, -32.968811667058134 ], [ -68.87697653201333, -32.968811644341116 ], [ -68.876980096542979, -32.968811569173148 ], [ -68.876983658973487, -32.968811441577145 ], [ -68.876987218219611, -32.968811261591959 ], [ -68.876990773197221, -32.968811029272409 ], [ -68.876994322823407, -32.968810744689272 ], [ -68.876997866016936, -32.968810407929233 ], [ -68.877001401698493, -32.968810019094896 ], [ -68.877004928791081, -32.968809578304644 ], [ -68.877008446220273, -32.968809085692776 ], [ -68.877011952914643, -32.968808541409416 ], [ -68.877015447806031, -32.968807945620263 ], [ -68.877018929829816, -32.968807298506825 ], [ -68.877022397925373, -32.968806600266248 ], [ -68.877025851036265, -32.968805851111227 ], [ -68.877029288110634, -32.968805051269904 ], [ -68.87703270810151, -32.968804200986 ], [ -68.877036109967094, -32.968803300518445 ], [ -68.877039492671173, -32.96880235014158 ], [ -68.877042855183362, -32.968801350144886 ], [ -68.877046196479355, -32.968800300832974 ], [ -68.877049515541358, -32.968799202525474 ], [ -68.877052811358368, -32.968798055556974 ], [ -68.877056082926458, -32.968796860276797 ], [ -68.877059329249022, -32.968795617049089 ], [ -68.877062549337253, -32.9687943262525 ], [ -68.877065742210235, -32.968792988280264 ], [ -68.877068906895403, -32.968791603539941 ], [ -68.87707204242875, -32.968790172453325 ], [ -68.877075147855166, -32.968788695456333 ], [ -68.877078222228732, -32.968787172998908 ], [ -68.877081264612869, -32.96878560554476 ], [ -68.877084274080943, -32.968783993571385 ], [ -68.877087249716169, -32.968782337569813 ], [ -68.877090190612194, -32.968780638044443 ], [ -68.877093095873107, -32.968778895513019 ], [ -68.877095964614028, -32.968777110506295 ], [ -68.877098795961047, -32.968775283568014 ], [ -68.877101589051733, -32.968773415254709 ], [ -68.877104343035242, -32.968771506135461 ], [ -68.877107057072749, -32.968769556791798 ], [ -68.877109730337466, -32.968767567817537 ], [ -68.877112362015168, -32.968765539818548 ], [ -68.877114951304122, -32.968763473412565 ], [ -68.877117497415682, -32.968761369229043 ], [ -68.877119999574248, -32.968759227908933 ], [ -68.877122457017634, -32.96875705010445 ], [ -68.877124868997313, -32.968754836479107 ], [ -68.877127234778513, -32.968752587707094 ], [ -68.877129553640643, -32.968750304473481 ], [ -68.877131824877353, -32.968747987473655 ], [ -68.877134047796758, -32.968745637413527 ], [ -68.877136221721784, -32.968743255008896 ], [ -68.877138345990247, -32.968740840985447 ], [ -68.877140419955026, -32.968738396078543 ], [ -68.877142442984393, -32.968735921032945 ], [ -68.877144414462151, -32.968733416602532 ], [ -68.877146333787721, -32.968730883550222 ], [ -68.877148200376453, -32.968728322647578 ], [ -68.877150013659829, -32.96872573467472 ], [ -68.877151773085458, -32.968723120419895 ], [ -68.877153478117435, -32.968720480679522 ], [ -68.877155128236396, -32.968717816257652 ], [ -68.877156722939631, -32.968715127965879 ], [ -68.877158261741485, -32.968712416623113 ], [ -68.877159744173156, -32.968709683055273 ], [ -68.877161169783136, -32.968706928094988 ], [ -68.877162538137142, -32.968704152581459 ], [ -68.877163848818356, -32.968701357360146 ], [ -68.877165101427565, -32.968698543282521 ], [ -68.877166295583208, -32.96869571120574 ], [ -68.877167430921546, -32.968692861992501 ], [ -68.877168507096712, -32.968689996510733 ], [ -68.877169523780921, -32.968687115633259 ], [ -68.877170480664503, -32.968684220237591 ], [ -68.877171377455952, -32.968681311205785 ], [ -68.877172213882133, -32.968678389423864 ], [ -68.87717298968829, -32.968675455781927 ], [ -68.877173704638054, -32.968672511173487 ], [ -68.877174358513656, -32.968669556495584 ], [ -68.877174951115961, -32.968666592648198 ], [ -68.877175482264448, -32.968663620534194 ], [ -68.877175951797327, -32.968660641058889 ], [ -68.877176359571578, -32.968657655129803 ], [ -68.877176705463015, -32.968654663656565 ], [ -68.877176989366248, -32.968651667550333 ], [ -68.87717721119482, -32.968648667723805 ], [ -68.877177370881157, -32.968645665090747 ], [ -68.877177468376644, -32.968642660565749 ], [ -68.877177503651581, -32.968639655064074 ], [ -68.877177476695209, -32.968636649501192 ], [ -68.877177387515772, -32.968633644792668 ], [ -68.877177236140454, -32.9686306418537 ], [ -68.877177022615342, -32.96862764159907 ], [ -68.877176747005478, -32.968624644942643 ], [ -68.877176409394835, -32.96862165279726 ], [ -68.87717600988627, -32.968618666074342 ], [ -68.877175548601457, -32.968615685683666 ], [ -68.877175025680941, -32.968612712533123 ], [ -68.877174441283998, -32.968609747528305 ], [ -68.877173795588675, -32.968606791572434 ], [ -68.877173088791622, -32.96860384556588 ], [ -68.877172321108148, -32.968600910406089 ], [ -68.877171492772135, -32.968597986987049 ], [ -68.877170604035882, -32.968595076199335 ], [ -68.877169655170107, -32.968592178929548 ], [ -68.877168646463872, -32.968589296060259 ], [ -68.877167578224416, -32.968586428469585 ], [ -68.877166450777167, -32.968583577031055 ], [ -68.87716526446556, -32.96858074261322 ], [ -68.877164019650934, -32.968577926079476 ], [ -68.877162716712533, -32.968575128287746 ], [ -68.877161356047182, -32.968572350090319 ], [ -68.877159938069397, -32.968569592333409 ], [ -68.877158463211074, -32.968566855857041 ], [ -68.877156931921533, -32.968564141494824 ], [ -68.877155344667187, -32.96856145007353 ], [ -68.877153701931505, -32.96855878241302 ], [ -68.877152004214949, -32.968556139325855 ], [ -68.87715025203461, -32.968553521617174 ], [ -68.877148445924263, -32.968550930084362 ], [ -68.877146586434051, -32.968548365516767 ], [ -68.877144674130392, -32.968545828695646 ], [ -68.877142709595788, -32.9685433203937 ], [ -68.877140693428686, -32.968540841374981 ], [ -68.877138626243195, -32.968538392394606 ], [ -68.877136508669025, -32.968535974198581 ], [ -68.877134341351223, -32.968533587523559 ], [ -68.877132124949938, -32.968531233096428 ], [ -68.877129860140315, -32.968528911634422 ], [ -68.877127547612304, -32.968526623844703 ], [ -68.877125188070224, -32.968524370424142 ], [ -68.877122782232902, -32.96852215205908 ], [ -68.877120330833137, -32.968519969425358 ], [ -68.87711783461765, -32.968517823187739 ], [ -68.877115294346837, -32.968515714000048 ], [ -68.877112710794435, -32.968513642504739 ], [ -68.877110084747486, -32.968511609332786 ], [ -68.87710741700586, -32.968509615103514 ], [ -68.87710470838222, -32.968507660424414 ], [ -68.877101959701605, -32.968505745890859 ], [ -68.877099171801277, -32.968503872086067 ], [ -68.877096345530475, -32.968502039580798 ], [ -68.877093481750109, -32.968500248933225 ], [ -68.877090581332538, -32.968498500688838 ], [ -68.877087645161183, -32.968496795380155 ], [ -68.877084674130515, -32.968495133526574 ], [ -68.877081669145454, -32.968493515634393 ], [ -68.877078631121393, -32.96849194219638 ], [ -68.877075560983755, -32.968490413691825 ], [ -68.877072459667701, -32.968488930586354 ], [ -68.877069328117912, -32.968487493331672 ], [ -68.877066167288319, -32.968486102365638 ], [ -68.877062978141694, -32.968484758111906 ], [ -68.877059761649505, -32.968483460980003 ], [ -68.87705651879152, -32.968482211365 ], [ -68.877053250555562, -32.968481009647569 ], [ -68.877049957937118, -32.968479856193724 ], [ -68.877046641939188, -32.968478751354851 ], [ -68.87704330357181, -32.96847769546747 ], [ -68.877039943851912, -32.968476688853222 ], [ -68.877036563802889, -32.968475731818714 ], [ -68.877033164454332, -32.968474824655523 ], [ -68.877029746841686, -32.968473967639937 ], [ -68.877026312006024, -32.968473161032975 ], [ -68.877022860993577, -32.968472405080405 ], [ -68.877019394855608, -32.968471700012444 ], [ -68.877015914647885, -32.968471046043895 ], [ -68.877012421430507, -32.968470443373938 ], [ -68.877008916267556, -32.968469892186164 ], [ -68.87700540022675, -32.968469392648473 ], [ -68.877001874379047, -32.968468944912999 ], [ -68.876998339798504, -32.968468549116167 ], [ -68.87699479756175, -32.968468205378521 ], [ -68.8769912487478, -32.968467913804758 ], [ -68.876987694437631, -32.968467674483698 ], [ -68.876984135713926, -32.96846748748829 ], [ -68.876980573660703, -32.968467352875372 ], [ -68.876977009362989, -32.968467270686048 ], [ -68.876973443906465, -32.968467240945351 ] ] ] } },
{ "type": "Feature", "properties": { "fid": 74, "TIPO": "PAVIMENTO", "NAME_1": "RP 82", "NAME_2": "PANAMERICANA", "TIPO_1": "RP", "N": 82, "JURISDIC": "DPV", "REFER": null, "JERAREFER": null }, "geometry": { "type": "MultiLineString", "coordinates": [ [ [ -68.87697653201333, -32.968811644341116 ], [ -68.877134072368975, -32.968833842781265 ], [ -68.877228268481502, -32.968864738014496 ], [ -68.877326278648937, -32.968919144177207 ], [ -68.877448301482488, -32.968993838699987 ], [ -68.877733892734014, -32.969176097157096 ], [ -68.877940481219724, -32.969293024885637 ] ] ] } },
{ "type": "Feature", "properties": { "fid": 75, "TIPO": "PAVIMENTO", "NAME_1": "RN 40", "NAME_2": null, "TIPO_1": "RN", "N": 40, "JURISDIC": "DNV", "REFER": null, "JERAREFER": null }, "geometry": { "type": "MultiLineString", "coordinates": [ [ [ -68.818061426887198, -32.872052248431295 ], [ -68.818061642224762, -32.872029425393855 ], [ -68.81806020759403, -32.872006624830455 ], [ -68.818057129138239, -32.871983944376552 ], [ -68.818052420039862, -32.871961481153384 ], [ -68.818046100463974, -32.871939331351875 ], [ -68.818038197471978, -32.87191758982091 ], [ -68.818028744905646, -32.871896349661029 ], [ -68.818017783242382, -32.8718757018259 ], [ -68.818005359421704, -32.871855734732698 ], [ -68.817991526644249, -32.87183653388356 ], [ -68.817976344144185, -32.871818181499535 ], [ -68.817959876935262, -32.87180075616827 ], [ -68.817942195532609, -32.871784332507744 ], [ -68.817923375650665, -32.871768980846625 ], [ -68.817903497879115, -32.87175476692304 ], [ -68.817882647337612, -32.871741751603182 ], [ -68.81786091331135, -32.871729990620693 ], [ -68.817838388868793, -32.871719534337863 ], [ -68.817815170463049, -32.871710427530182 ], [ -68.8177913575189, -32.871702709194281 ], [ -68.817767052007042, -32.871696412381318 ], [ -68.817742358007365, -32.871691564055233 ], [ -68.817717381263407, -32.87168818497728 ], [ -68.817692228729413, -32.871686289617166 ], [ -68.817667008112394, -32.871685886091157 ], [ -68.817641827410895, -32.871686976127201 ], [ -68.817616794452562, -32.871689555057571 ], [ -68.817592016432343, -32.871693611838914 ], [ -68.81756759945354, -32.871699129099483 ], [ -68.817543648073382, -32.871706083213489 ], [ -68.817520264855389, -32.87171444440235 ], [ -68.817497549930096, -32.871724176862209 ], [ -68.817475600566269, -32.871735238917147 ], [ -68.817454510754459, -32.871747583197738 ], [ -68.817434370804477, -32.871761156843903 ], [ -68.817415266958719, -32.871775901731191 ], [ -68.817397281022721, -32.871791754719744 ], [ -68.817380490015083, -32.871808647924638 ], [ -68.817364965837442, -32.871826509006539 ], [ -68.817350774966712, -32.87184526148156 ], [ -68.8173379781704, -32.871864825048767 ], [ -68.817326630246313, -32.871885115933921 ], [ -68.817316779788044, -32.871906047248338 ], [ -68.817308468976762, -32.87192752936096 ], [ -68.817301733400612, -32.871949470282026 ], [ -68.817296601902413, -32.871971776057137 ], [ -68.81729309645597, -32.871994351169619 ], [ -68.817291232072165, -32.8720170989493 ], [ -68.8172910167346, -32.872039921986733 ], [ -68.817292451365361, -32.872062722550147 ], [ -68.817295529821138, -32.872085403004029 ], [ -68.817300238919501, -32.872107866227211 ], [ -68.817306558495389, -32.872130016028692 ], [ -68.817314461487385, -32.872151757559699 ], [ -68.817323914053716, -32.872172997719552 ], [ -68.81733487571698, -32.872193645554709 ], [ -68.817347299537673, -32.87221361264789 ], [ -68.817361132315128, -32.872232813497021 ], [ -68.817376314815206, -32.872251165881053 ], [ -68.817392782024129, -32.872268591212318 ], [ -68.817410463426782, -32.87228501487283 ], [ -68.817429283308698, -32.872300366533956 ], [ -68.817449161080262, -32.872314580457548 ], [ -68.817470011621751, -32.872327595777399 ], [ -68.817491745648013, -32.872339356759881 ], [ -68.817514270090598, -32.872349813042682 ], [ -68.817537488496328, -32.872358919850434 ], [ -68.817561301440492, -32.8723666381863 ], [ -68.817585606952335, -32.872372934999262 ], [ -68.817610300952012, -32.872377783325362 ], [ -68.81763527769597, -32.872381162403315 ], [ -68.817660430229964, -32.872383057763429 ], [ -68.817685650846983, -32.872383461289445 ], [ -68.817710831548482, -32.87238237125338 ], [ -68.817735864506815, -32.872379792323038 ], [ -68.817760642527048, -32.872375735541667 ], [ -68.817785059505837, -32.872370218281105 ], [ -68.817809010885995, -32.87236326416712 ], [ -68.817832394103974, -32.872354902978245 ], [ -68.817855109029281, -32.8723451705184 ], [ -68.817877058393108, -32.872334108463448 ], [ -68.817898148204932, -32.872321764182857 ], [ -68.817918288154885, -32.872308190536685 ], [ -68.817937392000673, -32.872293445649397 ], [ -68.817955377936642, -32.872277592660815 ], [ -68.817972168944294, -32.872260699455978 ], [ -68.81798769312195, -32.872242838374071 ], [ -68.818001883992665, -32.872224085899013 ], [ -68.818014680788977, -32.872204522331828 ], [ -68.818026028713064, -32.872184231446667 ], [ -68.818035879171319, -32.872163300132229 ], [ -68.818044189982615, -32.872141818019649 ], [ -68.818050925558751, -32.872119877098584 ], [ -68.818056057056978, -32.872097571323444 ], [ -68.818059562503407, -32.872074996210962 ], [ -68.818061426887198, -32.872052248431295 ] ] ] } },
{ "type": "Feature", "properties": { "fid": 76, "TIPO": "PAVIMENTO", "NAME_1": "RP 24", "NAME_2": "MATHUS HOYOS", "TIPO_1": "RP", "N": 24, "JURISDIC": "DPV", "REFER": null, "JERAREFER": null }, "geometry": { "type": "MultiLineString", "coordinates": [ [ [ -68.817231414207441, -32.872516723729206 ], [ -68.817308426183004, -32.872470132854346 ], [ -68.817374201535728, -32.872433956410333 ], [ -68.817432303097334, -32.872404357501594 ], [ -68.817511096488616, -32.872382980511951 ], [ -68.817585606952335, -32.872372934999262 ] ] ] } },
{ "type": "Feature", "properties": { "fid": 77, "TIPO": "PAVIMENTO", "NAME_1": "RP 34", "NAME_2": null, "TIPO_1": "RP", "N": 34, "JURISDIC": "DPV", "REFER": null, "JERAREFER": null }, "geometry": { "type": "MultiLineString", "coordinates": [ [ [ -68.679558277844109, -32.716472076180466 ], [ -68.679755911661985, -32.716473113628332 ], [ -68.67986380623968, -32.716460664253979 ], [ -68.679957176547319, -32.716417091443766 ], [ -68.680023573210505, -32.716350694780559 ], [ -68.680058846437845, -32.716265624055822 ], [ -68.680069220916465, -32.716166029061 ], [ -68.680040172376309, -32.715979288445745 ] ] ] } },
{ "type": "Feature", "properties": { "fid": 78, "TIPO": "PAVIMENTO", "NAME_1": "RP 10", "NAME_2": "JUAN JOSE PASO", "TIPO_1": "RP", "N": 10, "JURISDIC": "DPV", "REFER": null, "JERAREFER": null }, "geometry": { "type": "MultiLineString", "coordinates": [ [ [ -68.863644126015984, -32.961311000653581 ], [ -68.863639218022726, -32.961311031403469 ], [ -68.863634311413577, -32.961311134358361 ], [ -68.863629407683092, -32.961311309486902 ], [ -68.863624508325003, -32.961311556735744 ], [ -68.863619614831734, -32.961311876029562 ], [ -68.863614728693776, -32.961312267271104 ], [ -68.863609851399559, -32.961312730341206 ], [ -68.863604984434758, -32.961313265098781 ], [ -68.863600129281821, -32.96131387138098 ], [ -68.863595287419685, -32.96131454900307 ], [ -68.863590460323238, -32.961315297758695 ], [ -68.863585649462834, -32.961316117419784 ], [ -68.863580856303898, -32.961317007736639 ], [ -68.863576082306494, -32.961317968438017 ], [ -68.863571328924735, -32.961318999231359 ], [ -68.863566597606621, -32.961320099802649 ], [ -68.863561889793303, -32.961321269816629 ], [ -68.863557206918827, -32.961322508916915 ], [ -68.863552550409665, -32.961323816726072 ], [ -68.863547921684159, -32.961325192845734 ], [ -68.863543322152296, -32.961326636856718 ], [ -68.86353875321511, -32.961328148319168 ], [ -68.86353421626437, -32.961329726772661 ], [ -68.863529712682009, -32.961331371736428 ], [ -68.863525243839902, -32.961333082709395 ], [ -68.863520811099278, -32.961334859170364 ], [ -68.863516415810395, -32.961336700578201 ], [ -68.8635120593121, -32.96133860637206 ], [ -68.863507742931375, -32.961340575971349 ], [ -68.863503467983065, -32.961342608776164 ], [ -68.863499235769311, -32.961344704167267 ], [ -68.863495047579335, -32.961346861506414 ], [ -68.863490904688888, -32.961349080136415 ], [ -68.863486808359895, -32.961351359381517 ], [ -68.863482759840139, -32.96135369854742 ], [ -68.863478760362838, -32.96135609692157 ], [ -68.863474811146304, -32.961358553773444 ], [ -68.863470913393456, -32.961361068354634 ], [ -68.863467068291598, -32.961363639899233 ], [ -68.863463277011988, -32.961366267623845 ], [ -68.863459540709485, -32.961368950728094 ], [ -68.86345586052218, -32.961371688394671 ], [ -68.863452237571138, -32.961374479789711 ], [ -68.863448672959919, -32.96137732406288 ], [ -68.863445167774316, -32.961380220347785 ], [ -68.863441723082062, -32.961383167762236 ], [ -68.863438339932443, -32.961386165408392 ], [ -68.863435019356004, -32.961389212373142 ], [ -68.863431762364215, -32.961392307728389 ], [ -68.863428569949193, -32.961395450531263 ], [ -68.863425443083372, -32.961398639824388 ], [ -68.863422382719278, -32.961401874636294 ], [ -68.863419389789044, -32.961405153981694 ], [ -68.863416465204409, -32.961408476861614 ], [ -68.863413609856224, -32.9614118422639 ], [ -68.863410824614249, -32.961415249163409 ], [ -68.863408110326901, -32.961418696522394 ], [ -68.863405467820996, -32.961422183290686 ], [ -68.863402897901466, -32.961425708406317 ], [ -68.863400401351129, -32.961429270795392 ], [ -68.863397978930479, -32.9614328693728 ], [ -68.863395631377401, -32.961436503042449 ], [ -68.863393359406999, -32.961440170697422 ], [ -68.863391163711327, -32.961443871220538 ], [ -68.863389044959234, -32.961447603484629 ], [ -68.863387003796134, -32.961451366352748 ], [ -68.863385040843781, -32.96145515867871 ], [ -68.863383156700081, -32.961458979307352 ], [ -68.86338135193904, -32.96146282707489 ], [ -68.86337962711039, -32.961466700809268 ], [ -68.863377982739507, -32.961470599330454 ], [ -68.863376419327324, -32.961474521450988 ], [ -68.863374937350059, -32.9614784659761 ], [ -68.863373537259164, -32.961482431704326 ], [ -68.863372219481121, -32.961486417427594 ], [ -68.863370984417386, -32.961490421931849 ], [ -68.863369832444107, -32.961494443997282 ], [ -68.863368763912234, -32.961498482398746 ], [ -68.863367779147296, -32.961502535906121 ], [ -68.863366878449227, -32.961506603284604 ], [ -68.863366062092425, -32.96151068329528 ], [ -68.86336533032555, -32.961514774695374 ], [ -68.863364683371543, -32.961518876238543 ], [ -68.863364121427466, -32.96152298667544 ], [ -68.863363644664503, -32.961527104753998 ], [ -68.863363253227902, -32.961531229219815 ], [ -68.863362947236922, -32.961535358816541 ], [ -68.863362726784743, -32.961539492286242 ], [ -68.863362591938568, -32.961543628369817 ], [ -68.863362542739452, -32.961547765807403 ], [ -68.86336257920243, -32.961551903338673 ], [ -68.86336270131639, -32.961556039703318 ], [ -68.863362909044127, -32.961560173641352 ], [ -68.86336320232239, -32.961564303893525 ], [ -68.86336358106189, -32.961568429201755 ], [ -68.863364045147222, -32.961572548309363 ], [ -68.863364594437044, -32.961576659961707 ], [ -68.863365228764067, -32.961580762906301 ], [ -68.863365947935065, -32.961584855893342 ], [ -68.863366751730993, -32.961588937676069 ], [ -68.863367639907011, -32.961593007011146 ], [ -68.863368612192588, -32.961597062658988 ], [ -68.863369668291583, -32.96160110338424 ], [ -68.863370807882262, -32.961605127956005 ], [ -68.863372030617555, -32.9616091351484 ], [ -68.863373336124965, -32.961613123740761 ], [ -68.863374724006889, -32.961617092518154 ], [ -68.863376193840523, -32.961621040271609 ], [ -68.863377745178198, -32.961624965798634 ], [ -68.863379377547361, -32.961628867903471 ], [ -68.863381090450758, -32.961632745397466 ], [ -68.86338288336664, -32.961636597099528 ], [ -68.863384755748896, -32.961640421836371 ], [ -68.863386707027161, -32.961644218442935 ], [ -68.863388736607106, -32.961647985762767 ], [ -68.863390843870434, -32.96165172264827 ], [ -68.863393028175366, -32.961655427961119 ], [ -68.863395288856466, -32.96165910057271 ], [ -68.863397625225133, -32.961662739364279 ], [ -68.863400036569715, -32.9616663432274 ], [ -68.863402522155695, -32.961669911064334 ], [ -68.863405081225906, -32.96167344178825 ], [ -68.863407713000896, -32.961676934323656 ], [ -68.86341041667896, -32.961680387606698 ], [ -68.86341319143655, -32.961683800585455 ], [ -68.863416036428475, -32.96168717222033 ], [ -68.863418950788073, -32.961690501484235 ], [ -68.863421933627677, -32.961693787363096 ], [ -68.86342498403863, -32.961697028855909 ], [ -68.86342810109177, -32.961700224975395 ], [ -68.863431283837599, -32.961703374747891 ], [ -68.863434531306666, -32.961706477213959 ], [ -68.863437842509725, -32.961709531428596 ], [ -68.863441216438162, -32.961712536461405 ], [ -68.863444652064246, -32.961715491397051 ], [ -68.863448148341462, -32.961718395335382 ], [ -68.863451704204806, -32.961721247391864 ], [ -68.863455318571113, -32.961724046697761 ], [ -68.863458990339439, -32.961726792400277 ], [ -68.863462718391261, -32.961729483663106 ], [ -68.863466501591077, -32.961732119666458 ], [ -68.863470338786399, -32.961734699607369 ], [ -68.863474228808414, -32.961737222699931 ], [ -68.863478170472206, -32.961739688175605 ], [ -68.863482162577043, -32.961742095283384 ], [ -68.863486203906945, -32.96174444329003 ], [ -68.863490293230811, -32.961746731480318 ], [ -68.863494429303074, -32.961748959157219 ], [ -68.863498610863772, -32.961751125642174 ], [ -68.863502836639185, -32.961753230275228 ], [ -68.863507105342094, -32.96175527241531 ], [ -68.863511415672221, -32.961757251440346 ], [ -68.863515766316553, -32.961759166747498 ], [ -68.863520155949857, -32.961761017753375 ], [ -68.863524583235005, -32.961762803894068 ], [ -68.863529046823373, -32.961764524625565 ], [ -68.863533545355352, -32.961766179423662 ], [ -68.863538077460575, -32.961767767784345 ], [ -68.863542641758528, -32.961769289223724 ], [ -68.863547236858892, -32.961770743278372 ], [ -68.863551861361941, -32.961772129505384 ], [ -68.863556513858995, -32.961773447482457 ], [ -68.863561192932835, -32.961774696808149 ], [ -68.86356589715821, -32.9617758771019 ], [ -68.863570625102085, -32.961776988004168 ], [ -68.863575375324316, -32.961778029176585 ], [ -68.863580146377899, -32.961779000301959 ], [ -68.863584936809545, -32.961779901084483 ], [ -68.863589745160041, -32.96178073124981 ], [ -68.863594569964661, -32.961781490545 ], [ -68.863599409753746, -32.961782178738801 ], [ -68.863604263053034, -32.961782795621566 ], [ -68.863609128384141, -32.961783341005386 ], [ -68.863614004265031, -32.961783814724157 ], [ -68.863618889210457, -32.961784216633525 ], [ -68.8636237817324, -32.961784546611099 ], [ -68.86362868034054, -32.961784804556373 ], [ -68.863633583542708, -32.961784990390747 ], [ -68.863638489845329, -32.961785104057633 ], [ -68.863643397753876, -32.961785145522391 ], [ -68.863648305773324, -32.961785114772411 ], [ -68.863653212408664, -32.961785011817057 ], [ -68.863658116165283, -32.961784836687656 ], [ -68.863663015549378, -32.961784589437571 ], [ -68.863667909068596, -32.961784270142132 ], [ -68.86367279523229, -32.961783878898622 ], [ -68.863677672552072, -32.961783415826183 ], [ -68.863682539542253, -32.961782881065858 ], [ -68.863687394720301, -32.961782274780582 ], [ -68.863692236607278, -32.961781597154996 ], [ -68.863697063728225, -32.96178084839557 ], [ -68.863701874612815, -32.96178002873031 ], [ -68.863706667795583, -32.961779138408986 ], [ -68.863711441816434, -32.961778177702719 ], [ -68.863716195221144, -32.96177714690419 ], [ -68.863720926561811, -32.961776046327365 ], [ -68.863725634397184, -32.961774876307544 ], [ -68.863730317293232, -32.961773637201091 ], [ -68.863734973823455, -32.961772329385418 ], [ -68.86373960256941, -32.961770953258998 ], [ -68.863744202121154, -32.961769509240945 ], [ -68.86374877107761, -32.961767997771155 ], [ -68.863753308047009, -32.961766419309988 ], [ -68.863757811647332, -32.961764774338342 ], [ -68.863762280506748, -32.961763063357239 ], [ -68.863766713263985, -32.96176128688785 ], [ -68.863771108568741, -32.961759445471365 ], [ -68.863775465082227, -32.961757539668668 ], [ -68.863779781477362, -32.961755570060276 ], [ -68.863784056439286, -32.961753537246196 ], [ -68.863788288665859, -32.961751441845621 ], [ -68.863792476867872, -32.961749284496797 ], [ -68.863796619769559, -32.961747065856969 ], [ -68.86380071610894, -32.961744786601869 ], [ -68.863804764638203, -32.961742447425848 ], [ -68.863808764124158, -32.961740049041403 ], [ -68.863812713348537, -32.961737592179176 ], [ -68.863816611108291, -32.961735077587463 ], [ -68.863820456216189, -32.96173250603232 ], [ -68.863824247500972, -32.961729878297007 ], [ -68.863827983807695, -32.961727195182 ], [ -68.86383166399834, -32.961724457504594 ], [ -68.863835286951826, -32.961721666098732 ], [ -68.86383885156458, -32.961718821814706 ], [ -68.863842356750794, -32.961715925518902 ], [ -68.863845801442721, -32.961712978093566 ], [ -68.863849184591118, -32.961709980436538 ], [ -68.863852505165426, -32.96170693346091 ], [ -68.863855762154159, -32.961703838094842 ], [ -68.863858954565231, -32.961700695281223 ], [ -68.863862081426177, -32.961697505977369 ], [ -68.863865141784544, -32.961694271154812 ], [ -68.863868134708142, -32.961690991798896 ], [ -68.863871059285245, -32.96168766890851 ], [ -68.863873914625032, -32.9616843034959 ], [ -68.863876699857755, -32.961680896586202 ], [ -68.863879414134971, -32.96167744921717 ], [ -68.863882056629947, -32.961673962438937 ], [ -68.863884626537711, -32.961670437313586 ], [ -68.863887123075472, -32.961666874914918 ], [ -68.863889545482749, -32.961663276328125 ], [ -68.863891893021687, -32.961659642649288 ], [ -68.863894164977197, -32.96165597498532 ], [ -68.863896360657208, -32.961652274453463 ], [ -68.863898479392901, -32.961648542180853 ], [ -68.86390052053892, -32.961644779304457 ], [ -68.86390248347351, -32.961640986970458 ], [ -68.863904367598778, -32.96163716633405 ], [ -68.863906172340748, -32.961633318559002 ], [ -68.86390789714973, -32.961629444817433 ], [ -68.86390954150032, -32.961625546289277 ], [ -68.86391110489167, -32.961621624162142 ], [ -68.863912586847562, -32.961617679630677 ], [ -68.863913986916515, -32.961613713896462 ], [ -68.863915304672176, -32.961609728167502 ], [ -68.863916539713088, -32.961605723657854 ], [ -68.863917691663048, -32.961601701587398 ], [ -68.863918760171231, -32.961597663181237 ], [ -68.863919744912096, -32.961593609669549 ], [ -68.863920645585736, -32.961589542287058 ], [ -68.863921461917826, -32.961585462272723 ], [ -68.863922193659661, -32.961581370869382 ], [ -68.863922840588373, -32.961577269323307 ], [ -68.863923402506956, -32.96157315888383 ], [ -68.863923879244226, -32.961569040803113 ], [ -68.863924270654948, -32.96156491633549 ], [ -68.863924576619937, -32.961560786737351 ], [ -68.86392479704601, -32.961556653266634 ], [ -68.863924931866038, -32.961552517182369 ], [ -68.86392498103892, -32.961548379744492 ], [ -68.863924944549737, -32.961544242213328 ], [ -68.863924822409615, -32.961540105849139 ], [ -68.86392461465573, -32.961535971911985 ], [ -68.863924321351419, -32.961531841661014 ], [ -68.863923942586027, -32.961527716354404 ], [ -68.863923478474931, -32.961523597248778 ], [ -68.863922929159557, -32.961519485598785 ], [ -68.863922294807139, -32.961515382656906 ], [ -68.863921575611045, -32.96151128967297 ], [ -68.863920771790291, -32.961507207893689 ], [ -68.863919883589745, -32.961503138562421 ], [ -68.863918911279967, -32.961499082918742 ], [ -68.863917855157169, -32.961495042198017 ], [ -68.86391671554307, -32.961491017631104 ], [ -68.863915492784784, -32.961487010443911 ], [ -68.863914187254807, -32.961483021857092 ], [ -68.863912799350828, -32.96147905308554 ], [ -68.863911329495622, -32.961475105338238 ], [ -68.863909778136943, -32.961471179817693 ], [ -68.863908145747331, -32.961467277719663 ], [ -68.863906432824024, -32.961463400232724 ], [ -68.863904639888872, -32.961459548538009 ], [ -68.863902767488, -32.961455723808804 ], [ -68.863900816191716, -32.961451927210121 ], [ -68.86389878659449, -32.961448159898467 ], [ -68.863896679314507, -32.961444423021369 ], [ -68.86389449499373, -32.96144071771716 ], [ -68.863892234297452, -32.961437045114444 ], [ -68.863889897914376, -32.961433406331963 ], [ -68.863887486556166, -32.961429802478129 ], [ -68.863885000957353, -32.961426234650673 ], [ -68.863882441875106, -32.961422703936407 ], [ -68.863879810088903, -32.961419211410835 ], [ -68.863877106400466, -32.961415758137768 ], [ -68.863874331633355, -32.961412345169109 ], [ -68.86387148663276, -32.96140897354455 ], [ -68.863868572265346, -32.96140564429102 ], [ -68.863865589418808, -32.961402358422674 ], [ -68.863862539001815, -32.961399116940427 ], [ -68.86385942194353, -32.961395920831627 ], [ -68.863856239193439, -32.961392771069868 ], [ -68.863852991721032, -32.961389668614579 ], [ -68.863849680515543, -32.961386614410792 ], [ -68.8638463065856, -32.961383609388875 ], [ -68.863842870958905, -32.961380654464129 ], [ -68.863839374681973, -32.96137775053667 ], [ -68.863835818819879, -32.961374898491073 ], [ -68.863832204455704, -32.961372099196055 ], [ -68.863828532690448, -32.961369353504359 ], [ -68.863824804642533, -32.961366662252303 ], [ -68.863821021447606, -32.961364026259645 ], [ -68.863817184258011, -32.96136144632937 ], [ -68.863813294242632, -32.961358923247346 ], [ -68.863809352586372, -32.961356457782117 ], [ -68.863805360489934, -32.961354050684676 ], [ -68.863801319169283, -32.961351702688233 ], [ -68.863797229855493, -32.961349414508007 ], [ -68.863793093794214, -32.961347186841003 ], [ -68.863788912245269, -32.961345020365805 ], [ -68.863784686482433, -32.9613429157423 ], [ -68.863780417792881, -32.961340873611618 ], [ -68.863776107476923, -32.961338894595769 ], [ -68.863771756847498, -32.961336979297599 ], [ -68.86376736722984, -32.961335128300497 ], [ -68.863762939961106, -32.961333342168317 ], [ -68.863758476389805, -32.961331621445112 ], [ -68.863753977875604, -32.961329966655015 ], [ -68.863749445788812, -32.961328378302142 ], [ -68.86374488150993, -32.961326856870244 ], [ -68.86374028642922, -32.961325402822823 ], [ -68.86373566194645, -32.961324016602731 ], [ -68.863731009470271, -32.961322698632287 ], [ -68.863726330417805, -32.961321449312905 ], [ -68.863721626214357, -32.96132026902518 ], [ -68.86371689829285, -32.961319158128589 ], [ -68.863712148093498, -32.961318116961557 ], [ -68.863707377063179, -32.961317145841186 ], [ -68.863702586655222, -32.961316245063372 ], [ -68.863697778328799, -32.961315414902394 ], [ -68.863692953548579, -32.961314655611204 ], [ -68.863688113784249, -32.961313967421042 ], [ -68.863683260509987, -32.961313350541552 ], [ -68.863678395204147, -32.961312805160624 ], [ -68.863673519348779, -32.961312331444432 ], [ -68.863668634429047, -32.961311929537217 ], [ -68.863663741932967, -32.961311599561462 ], [ -68.863658843350848, -32.961311341617581 ], [ -68.863653940174757, -32.961311155784259 ], [ -68.863649033898298, -32.961311042118041 ], [ -68.863644126015984, -32.961311000653581 ] ] ] } },
{ "type": "Feature", "properties": { "fid": 79, "TIPO": "PAVIMENTO", "NAME_1": "RP 31", "NAME_2": "LOS ALAMOS", "TIPO_1": "RP", "N": 31, "JURISDIC": "DPV", "REFER": null, "JERAREFER": null }, "geometry": { "type": "MultiLineString", "coordinates": [ [ [ -68.642974989859269, -33.000054891382689 ], [ -68.642684610000089, -32.999434530000237 ], [ -68.642443760000091, -32.998884650000228 ], [ -68.642204390000089, -32.99850514000024 ], [ -68.641977580000102, -32.998209050000234 ], [ -68.641425140000067, -32.997589390000229 ], [ -68.64029881000009, -32.996340940000223 ], [ -68.639499720000103, -32.995553810000239 ], [ -68.638634360000069, -32.994670410000239 ], [ -68.636992150000097, -32.992836800000234 ], [ -68.634871040000064, -32.990602200000232 ], [ -68.631841490000085, -32.987274210000237 ], [ -68.627840960000071, -32.982671880000247 ], [ -68.625835400000085, -32.980543530000233 ], [ -68.625155510000099, -32.979692550000252 ], [ -68.623165960000094, -32.977117820000224 ], [ -68.622925990000098, -32.976684230000231 ], [ -68.62261734000009, -32.97595564000023 ], [ -68.621940140000078, -32.97448816000022 ], [ -68.620321130000079, -32.971764610000228 ], [ -68.616321480000096, -32.96507203000025 ], [ -68.614381810000083, -32.961730930000265 ], [ -68.613643980000106, -32.960475450000231 ], [ -68.613525860000081, -32.960070830000213 ], [ -68.613254450000071, -32.959079560000248 ], [ -68.612750250000104, -32.956490740000227 ], [ -68.610649890000076, -32.946125080000229 ], [ -68.610299170000076, -32.944102690000243 ], [ -68.606545890000078, -32.925525310000239 ], [ -68.605801649378407, -32.921559870916042 ] ] ] } },
{ "type": "Feature", "properties": { "fid": 80, "TIPO": "PAVIMENTO", "NAME_1": "RP 31", "NAME_2": "LOS ALAMOS", "TIPO_1": "RP", "N": 31, "JURISDIC": "DPV", "REFER": null, "JERAREFER": null }, "geometry": { "type": "MultiLineString", "coordinates": [ [ [ -68.605801649378407, -32.921559870916042 ], [ -68.605410280000086, -32.91948814000024 ], [ -68.604812860000067, -32.916403770000223 ], [ -68.604473160000083, -32.914654260000233 ], [ -68.603216920000079, -32.908859240000226 ], [ -68.602232880000102, -32.903853380000236 ], [ -68.601819930000076, -32.903876220000235 ], [ -68.599778380000117, -32.904123160000232 ], [ -68.596397680000081, -32.904608550000212 ], [ -68.594625380000082, -32.904867050000234 ], [ -68.591517810000099, -32.905296560000238 ], [ -68.59109719000007, -32.905004080000232 ] ] ] } },
{ "type": "Feature", "properties": { "fid": 81, "TIPO": "RIPIO", "NAME_1": "RP 29", "NAME_2": "VICTOR HUGO", "TIPO_1": "RP", "N": 29, "JURISDIC": "DPV", "REFER": null, "JERAREFER": null }, "geometry": { "type": "MultiLineString", "coordinates": [ [ [ -68.650425366030348, -32.917902819421741 ], [ -68.650964684472996, -32.918626575471201 ], [ -68.651743285600077, -32.919804182877044 ], [ -68.653526263297238, -32.922304541383454 ], [ -68.655337463114037, -32.925031931094608 ], [ -68.65736790372523, -32.927964154908949 ], [ -68.659079239503527, -32.930479772541624 ], [ -68.659646894566151, -32.93131272425272 ], [ -68.661493599137259, -32.93402458214959 ], [ -68.662661436622841, -32.935731162759993 ], [ -68.663815216189263, -32.93742097070183 ], [ -68.667765831505349, -32.94317849401591 ], [ -68.670440215902204, -32.947085764194092 ], [ -68.673639757772975, -32.951766023570407 ], [ -68.676408096881531, -32.955693715165197 ], [ -68.67718626000007, -32.956723140000264 ], [ -68.678328030000088, -32.958168290000238 ], [ -68.680137680000087, -32.960418210000235 ], [ -68.681725540000087, -32.962394940000252 ], [ -68.682641280000098, -32.963542920000243 ], [ -68.686326280000102, -32.968147760000228 ], [ -68.686730900000086, -32.968658980000242 ], [ -68.687422720000072, -32.969517190000232 ], [ -68.688086230000067, -32.970355070000238 ], [ -68.688802030000076, -32.971239120000227 ], [ -68.689952960000085, -32.972671290000235 ], [ -68.692006760000069, -32.975260550000215 ], [ -68.694237040000075, -32.978038070000217 ], [ -68.696073550000079, -32.980339390000239 ], [ -68.696136690000074, -32.980405860000246 ] ] ] } },
{ "type": "Feature", "properties": { "fid": 82, "TIPO": "PAVIMENTO", "NAME_1": "RP 6", "NAME_2": "CARRIL GOMEZ", "TIPO_1": "RP", "N": 6, "JURISDIC": "DPV", "REFER": null, "JERAREFER": null }, "geometry": { "type": "MultiLineString", "coordinates": [ [ [ -68.75418048571224, -32.963278168852156 ], [ -68.743212260000078, -32.965383070000236 ] ] ] } },
{ "type": "Feature", "properties": { "fid": 83, "TIPO": "RIPIO", "NAME_1": "RP 29", "NAME_2": "VICTOR HUGO", "TIPO_1": "RP", "N": 29, "JURISDIC": "DPV", "REFER": null, "JERAREFER": null }, "geometry": { "type": "MultiLineString", "coordinates": [ [ [ -68.614474167759766, -32.844826843662503 ], [ -68.614687698359759, -32.845402919186178 ], [ -68.615289680000075, -32.847328860000239 ], [ -68.61656306361543, -32.851360908862333 ], [ -68.618951830000071, -32.859070180000231 ], [ -68.619134350000067, -32.859635030000248 ], [ -68.620414147372998, -32.863844406584214 ], [ -68.621684525605005, -32.867851854509439 ], [ -68.62258451037691, -32.870763563667794 ], [ -68.623046847256049, -32.87186057761415 ], [ -68.627280840000083, -32.881162730000241 ], [ -68.628131574319269, -32.883190102436998 ] ] ] } },
{ "type": "Feature", "properties": { "fid": 84, "TIPO": "PAVIMENTO", "NAME_1": "RP 20", "NAME_2": "SARMIENTO", "TIPO_1": "RP", "N": 20, "JURISDIC": "DPV", "REFER": null, "JERAREFER": null }, "geometry": { "type": "MultiLineString", "coordinates": [ [ [ -68.62774835814372, -32.92027068695883 ], [ -68.636025080000081, -32.920344470000245 ], [ -68.636943180000088, -32.920329770000215 ], [ -68.637259380000103, -32.920340310000242 ] ] ] } },
{ "type": "Feature", "properties": { "fid": 85, "TIPO": "PAVIMENTO", "NAME_1": "RP 20", "NAME_2": "SARMIENTO", "TIPO_1": "RP", "N": 20, "JURISDIC": "DPV", "REFER": null, "JERAREFER": null }, "geometry": { "type": "MultiLineString", "coordinates": [ [ [ -68.611233085186015, -32.920767457498165 ], [ -68.61470643565923, -32.920288910265903 ], [ -68.61506215762148, -32.920245432156115 ], [ -68.615446622650708, -32.920221289367618 ], [ -68.615960741771431, -32.920212739525006 ], [ -68.625466277967135, -32.92025576550347 ], [ -68.62774835814372, -32.92027068695883 ] ] ] } },
{ "type": "Feature", "properties": { "fid": 86, "TIPO": "PAVIMENTO", "NAME_1": "RP 20", "NAME_2": "SARMIENTO", "TIPO_1": "RP", "N": 20, "JURISDIC": "DPV", "REFER": null, "JERAREFER": null }, "geometry": { "type": "MultiLineString", "coordinates": [ [ [ -68.597141890000074, -32.922766730000227 ], [ -68.59765327000008, -32.922687830000228 ], [ -68.600713070000097, -32.922233830000252 ], [ -68.605801649378407, -32.921559870916042 ], [ -68.610021559185213, -32.92094603198354 ], [ -68.611233085186015, -32.920767457498165 ] ] ] } },
{ "type": "Feature", "properties": { "fid": 87, "TIPO": "RIPIO", "NAME_1": "RP 29", "NAME_2": "VICTOR HUGO", "TIPO_1": "RP", "N": 29, "JURISDIC": "DPV", "REFER": null, "JERAREFER": null }, "geometry": { "type": "MultiLineString", "coordinates": [ [ [ -68.639770560000102, -32.903146870000249 ], [ -68.641325350000102, -32.905212840000232 ], [ -68.64267240000008, -32.90694389000025 ], [ -68.643362120000077, -32.907893040000232 ], [ -68.644818368320998, -32.90985200739631 ] ] ] } },
{ "type": "Feature", "properties": { "fid": 88, "TIPO": "PAVIMENTO", "NAME_1": "RP 20", "NAME_2": "SARMIENTO", "TIPO_1": "RP", "N": 20, "JURISDIC": "DPV", "REFER": null, "JERAREFER": null }, "geometry": { "type": "MultiLineString", "coordinates": [ [ [ -68.637259380000103, -32.920340310000242 ], [ -68.637434280000065, -32.920354310000242 ], [ -68.638202480000089, -32.920375510000248 ], [ -68.642240717531678, -32.920383919772554 ], [ -68.642757311596739, -32.920357031906882 ], [ -68.643264499660475, -32.920279462617053 ], [ -68.643990792599141, -32.920076897430221 ], [ -68.644967455143842, -32.919739290811556 ], [ -68.650425366030348, -32.917902819421741 ] ] ] } },
{ "type": "Feature", "properties": { "fid": 89, "TIPO": "PAVIMENTO", "NAME_1": "RP 20", "NAME_2": null, "TIPO_1": "RP", "N": 20, "JURISDIC": "DPV", "REFER": null, "JERAREFER": null }, "geometry": { "type": "MultiLineString", "coordinates": [ [ [ -68.66596680748323, -32.912789185095363 ], [ -68.665407553353134, -32.912938202865298 ], [ -68.664669720000077, -32.913086970000236 ], [ -68.663509105470212, -32.913317752460657 ], [ -68.662833543277443, -32.913511838461041 ], [ -68.660801280000086, -32.914256670000228 ], [ -68.652960120000074, -32.916994290000233 ], [ -68.650425366030348, -32.917902819421741 ] ] ] } },
{ "type": "Feature", "properties": { "fid": 90, "TIPO": "RIPIO", "NAME_1": "RP 29", "NAME_2": "VICTOR HUGO", "TIPO_1": "RP", "N": 29, "JURISDIC": "DPV", "REFER": null, "JERAREFER": null }, "geometry": { "type": "MultiLineString", "coordinates": [ [ [ -68.649374567369051, -32.916338766848746 ], [ -68.644818368320998, -32.90985200739631 ] ] ] } },
{ "type": "Feature", "properties": { "fid": 91, "TIPO": "RIPIO", "NAME_1": "RP 29", "NAME_2": "VICTOR HUGO", "TIPO_1": "RP", "N": 29, "JURISDIC": "DPV", "REFER": null, "JERAREFER": null }, "geometry": { "type": "MultiLineString", "coordinates": [ [ [ -68.639770560000102, -32.903146870000249 ], [ -68.635654441736477, -32.897923297921771 ], [ -68.633150768490466, -32.89470662795005 ], [ -68.632735091442157, -32.894174568241006 ], [ -68.632656407719708, -32.894037068492189 ] ] ] } },
{ "type": "Feature", "properties": { "fid": 92, "TIPO": "RIPIO", "NAME_1": "RP 29", "NAME_2": "VICTOR HUGO", "TIPO_1": "RP", "N": 29, "JURISDIC": "DPV", "REFER": null, "JERAREFER": null }, "geometry": { "type": "MultiLineString", "coordinates": [ [ [ -68.632656407719708, -32.894037068492189 ], [ -68.631277576731847, -32.890641309493631 ], [ -68.628894978862249, -32.884965214551613 ], [ -68.628131574319269, -32.883190102436998 ] ] ] } },
{ "type": "Feature", "properties": { "fid": 93, "TIPO": "RIPIO", "NAME_1": "RP 29", "NAME_2": "VICTOR HUGO", "TIPO_1": "RP", "N": 29, "JURISDIC": "DPV", "REFER": null, "JERAREFER": null }, "geometry": { "type": "MultiLineString", "coordinates": [ [ [ -68.650425366030348, -32.917902819421741 ], [ -68.649374567369051, -32.916338766848746 ] ] ] } },
{ "type": "Feature", "properties": { "fid": 94, "TIPO": "PAVIMENTO", "NAME_1": "RP 20", "NAME_2": "SARMIENTO", "TIPO_1": "RP", "N": 20, "JURISDIC": "DPV", "REFER": null, "JERAREFER": null }, "geometry": { "type": "MultiLineString", "coordinates": [ [ [ -68.558197907089905, -32.928339013330287 ], [ -68.557599209631491, -32.928436173752914 ], [ -68.547289863035431, -32.929921858742595 ], [ -68.536570402688895, -32.931434549257936 ], [ -68.531900410000077, -32.932119400000239 ], [ -68.528976720000102, -32.932532370000224 ], [ -68.526476140000085, -32.932909260000251 ], [ -68.524819870000087, -32.933074930000231 ], [ -68.523666020000064, -32.933279700000263 ], [ -68.522955400000086, -32.933362090000209 ], [ -68.522723730000067, -32.933434090000226 ], [ -68.522007660000085, -32.933487070000226 ], [ -68.521219590000072, -32.933590910000227 ], [ -68.514037980000069, -32.934620710000218 ] ] ] } },
{ "type": "Feature", "properties": { "fid": 95, "TIPO": "PAVIMENTO", "NAME_1": "RP 33", "NAME_2": null, "TIPO_1": "RP", "N": 33, "JURISDIC": "DPV", "REFER": null, "JERAREFER": null }, "geometry": { "type": "MultiLineString", "coordinates": [ [ [ -68.53502854000007, -32.787766430000246 ], [ -68.533399080000095, -32.781581430000244 ], [ -68.530541070000083, -32.770759920000259 ], [ -68.530505540000064, -32.77037934000024 ], [ -68.530607660000072, -32.769988720000242 ], [ -68.530859260000071, -32.769714900000224 ], [ -68.531273360000085, -32.769462820000228 ], [ -68.53203696000007, -32.769349430000233 ], [ -68.537983030000092, -32.768452100000239 ], [ -68.546856630000065, -32.768274190000227 ] ] ] } },
{ "type": "Feature", "properties": { "fid": 96, "TIPO": "PAVIMENTO", "NAME_1": "RP 33", "NAME_2": null, "TIPO_1": "RP", "N": 33, "JURISDIC": "DPV", "REFER": null, "JERAREFER": null }, "geometry": { "type": "MultiLineString", "coordinates": [ [ [ -68.546856630000065, -32.768274190000227 ], [ -68.547238230000104, -32.76816465000023 ], [ -68.546676080000069, -32.765293960000228 ], [ -68.545996360000089, -32.757123900000231 ], [ -68.545305040000073, -32.748541420000223 ], [ -68.544055450000087, -32.733312530000219 ] ] ] } },
{ "type": "Feature", "properties": { "fid": 97, "TIPO": "PAVIMENTO", "NAME_1": "RP 33", "NAME_2": "MARGARITA", "TIPO_1": "RP", "N": 33, "JURISDIC": "DPV", "REFER": null, "JERAREFER": null }, "geometry": { "type": "MultiLineString", "coordinates": [ [ [ -68.542837550000101, -32.851939040000225 ], [ -68.535102980000104, -32.812730340000265 ], [ -68.534928420000071, -32.811992070000244 ] ] ] } },
{ "type": "Feature", "properties": { "fid": 98, "TIPO": "PAVIMENTO", "NAME_1": "RP 52", "NAME_2": null, "TIPO_1": "RP", "N": 52, "JURISDIC": "DPV", "REFER": null, "JERAREFER": null }, "geometry": { "type": "MultiLineString", "coordinates": [ [ [ -68.881894752480861, -32.66669008944595 ], [ -68.872647869450077, -32.681807042730746 ], [ -68.868685368569032, -32.688284207632421 ], [ -68.863691709520936, -32.696437815214558 ], [ -68.862608669181938, -32.69819532378861 ], [ -68.857232379115871, -32.706965032162351 ], [ -68.849712706822004, -32.719248136366424 ], [ -68.849216583552931, -32.720089600342362 ], [ -68.842682672525711, -32.73176633166198 ], [ -68.841288339155142, -32.734285859636266 ], [ -68.839819425162403, -32.736914826566952 ], [ -68.838794752266836, -32.738761507624027 ], [ -68.837316110366885, -32.741449652657053 ], [ -68.836829715005052, -32.742297601904518 ], [ -68.835237580853985, -32.744998717480527 ], [ -68.834353962613321, -32.74651383903263 ], [ -68.834068610667728, -32.747052116566373 ], [ -68.83340711297565, -32.748561563505909 ], [ -68.832135999763409, -32.751444266683684 ], [ -68.831693379984145, -32.752638367296967 ], [ -68.831155102450396, -32.754141328965027 ], [ -68.830227708627163, -32.756706253839731 ], [ -68.829961812496023, -32.757439089518236 ], [ -68.829708886907895, -32.75820921550779 ], [ -68.829637548921482, -32.758643728697677 ], [ -68.829605122564018, -32.759070135298209 ], [ -68.82960919000007, -32.759583280000236 ], [ -68.829689431093414, -32.760055896564857 ], [ -68.829935871410072, -32.761040036513627 ], [ -68.830279590799094, -32.762341954765439 ], [ -68.830603854373635, -32.763525516812578 ], [ -68.830791927246878, -32.764757718395856 ], [ -68.830876235776259, -32.765493796710096 ], [ -68.831323719509157, -32.770549065837372 ], [ -68.83134317532361, -32.771583466640188 ], [ -68.83131074896616, -32.77745425865745 ], [ -68.83142748385302, -32.778514600546238 ], [ -68.832024840000088, -32.783361660000232 ], [ -68.832412930000075, -32.786363990000225 ], [ -68.832442340000085, -32.78683307000022 ], [ -68.832390930000088, -32.787327610000219 ], [ -68.832105190000078, -32.788956050000237 ], [ -68.831982520000082, -32.789766040000245 ], [ -68.831849610000091, -32.790644230000233 ], [ -68.831543110000098, -32.792562580000251 ], [ -68.831457240000091, -32.79526580000023 ], [ -68.83146435000009, -32.796851990000242 ], [ -68.831503040000072, -32.797747470000239 ], [ -68.831542050000081, -32.798480910000265 ], [ -68.831784860000084, -32.803589420000243 ], [ -68.831901890000097, -32.805789760000238 ], [ -68.832010210000078, -32.807256700000252 ], [ -68.832097450000077, -32.809192630000247 ], [ -68.832405180000066, -32.812024290000217 ], [ -68.83298484000008, -32.815265640000241 ], [ -68.833502660000065, -32.817643650000235 ] ] ] } },
{ "type": "Feature", "properties": { "fid": 99, "TIPO": "PAVIMENTO", "NAME_1": "RP 33", "NAME_2": "MARGARITA", "TIPO_1": "RP", "N": 33, "JURISDIC": "DPV", "REFER": null, "JERAREFER": null }, "geometry": { "type": "MultiLineString", "coordinates": [ [ [ -68.542837550000101, -32.851939040000225 ], [ -68.535102980000104, -32.812730340000265 ], [ -68.534928420000071, -32.811992070000244 ] ] ] } },
{ "type": "Feature", "properties": { "fid": 100, "TIPO": "PAVIMENTO", "NAME_1": "RP 9", "NAME_2": null, "TIPO_1": "RP", "N": 9, "JURISDIC": "DPV", "REFER": null, "JERAREFER": null }, "geometry": { "type": "MultiLineString", "coordinates": [ [ [ -68.689113490000082, -32.995199640000251 ], [ -68.691249173365691, -33.000054891382682 ] ] ] } },
{ "type": "Feature", "properties": { "fid": 101, "TIPO": "PAVIMENTO", "NAME_1": "RN 40", "NAME_2": null, "TIPO_1": "RN", "N": 40, "JURISDIC": "DNV", "REFER": null, "JERAREFER": null }, "geometry": { "type": "MultiLineString", "coordinates": [ [ [ -68.66456756439058, -32.685977918296594 ], [ -68.661397076505864, -32.679422483391569 ], [ -68.661227555143995, -32.679045931630881 ], [ -68.66108141603894, -32.678706888907122 ], [ -68.660959633451384, -32.678366871922719 ], [ -68.660873898509763, -32.678082387798192 ], [ -68.660799854696521, -32.677781828372133 ], [ -68.660739450533114, -32.677424761825456 ], [ -68.660698531583691, -32.677130535093916 ], [ -68.660625462031149, -32.676241035074462 ], [ -68.659846794917314, -32.666690089445943 ] ] ] } },
{ "type": "Feature", "properties": { "fid": 102, "TIPO": "PAVIMENTO", "NAME_1": "RP 24", "NAME_2": null, "TIPO_1": "RP", "N": 24, "JURISDIC": "DPV", "REFER": null, "JERAREFER": null }, "geometry": { "type": "MultiLineString", "coordinates": [ [ [ -68.614626568758453, -32.736554571122973 ], [ -68.614552959461918, -32.736390226308821 ], [ -68.614271600082546, -32.735897511886357 ], [ -68.612060175059966, -32.731590173866024 ] ] ] } },
{ "type": "Feature", "properties": { "fid": 103, "TIPO": "PAVIMENTO", "NAME_1": "RN 40", "NAME_2": null, "TIPO_1": "RN", "N": 40, "JURISDIC": "DNV", "REFER": null, "JERAREFER": null }, "geometry": { "type": "MultiLineString", "coordinates": [ [ [ -68.817497549930096, -32.871724176862209 ], [ -68.817337751027722, -32.871712620041919 ], [ -68.817247858045633, -32.871688502412617 ], [ -68.817120692363687, -32.871643555921565 ], [ -68.816954360000082, -32.871563010000209 ], [ -68.816685478779689, -32.871432252600869 ], [ -68.81644830000009, -32.87126983000023 ], [ -68.815281377027333, -32.870288023937128 ], [ -68.815054661127689, -32.870082213485816 ], [ -68.814765249575601, -32.86978923910214 ], [ -68.814387400000086, -32.869346770000234 ], [ -68.81398635977358, -32.868815489817621 ], [ -68.812845790000068, -32.867136040000247 ], [ -68.812602884854201, -32.866805504663439 ], [ -68.812184389172401, -32.866260117363595 ], [ -68.811643112832101, -32.865515485557772 ], [ -68.811119650649871, -32.864779897862945 ], [ -68.809906369455732, -32.863066998051977 ], [ -68.809525694601732, -32.862448983800178 ], [ -68.809357967452243, -32.862148609689335 ], [ -68.809085730000078, -32.861629200000237 ], [ -68.808751189823198, -32.860939713518739 ], [ -68.808426972146961, -32.860138350471189 ], [ -68.807402246964074, -32.857283563130196 ], [ -68.806956618949201, -32.855906391682161 ], [ -68.806754907867457, -32.85533304985745 ], [ -68.806332301226107, -32.854276533254037 ], [ -68.806117709137794, -32.853699628597703 ], [ -68.805618950000095, -32.852295400000237 ], [ -68.805388150850291, -32.851572070000472 ], [ -68.805189460000079, -32.851002640000239 ], [ -68.805038340000081, -32.850652360000247 ], [ -68.804826770000076, -32.850304120000239 ], [ -68.804389187680513, -32.849678013905496 ], [ -68.804052911189629, -32.849237867170046 ], [ -68.803653325921701, -32.848721256587083 ], [ -68.803459288631117, -32.848448562937165 ], [ -68.803105300000084, -32.847902930000231 ], [ -68.802853590000069, -32.847354310000235 ], [ -68.802707630000086, -32.846995620000236 ], [ -68.80254041000012, -32.84636542000024 ], [ -68.80246059952529, -32.84598472784905 ], [ -68.802377298817916, -32.845281648080835 ], [ -68.802344385964872, -32.844894617308952 ], [ -68.802337071997528, -32.844600839620689 ], [ -68.802340011378604, -32.844371861387025 ], [ -68.802355356915896, -32.844165963312427 ], [ -68.802378380334375, -32.843989816213188 ], [ -68.802418941801903, -32.843802356457878 ], [ -68.802468400000095, -32.843634720000239 ], [ -68.802574775936165, -32.843287372985394 ], [ -68.80280148000007, -32.842678480000245 ], [ -68.802924050000087, -32.842317580000241 ], [ -68.80329547000008, -32.840958140000239 ], [ -68.803487150000095, -32.840402300000228 ], [ -68.803813550000086, -32.839638460000231 ], [ -68.803998670000098, -32.83921967000024 ], [ -68.804232929130748, -32.838740329828894 ], [ -68.804620248802948, -32.838025582979647 ], [ -68.80492834967724, -32.837538594654063 ], [ -68.806005026619786, -32.836046850064797 ], [ -68.806191837535664, -32.83571772153438 ], [ -68.806406990074976, -32.835298692155376 ], [ -68.806609343171459, -32.83482907450226 ], [ -68.806761717491099, -32.834378656013385 ], [ -68.806837295153656, -32.83410925821628 ], [ -68.806873999611611, -32.83390140239063 ], [ -68.806928719745443, -32.833457400876853 ], [ -68.806939690696439, -32.833156613969884 ], [ -68.806933595723663, -32.83280127705649 ], [ -68.80687995996314, -32.83237462896151 ], [ -68.806812915262512, -32.831994912156944 ], [ -68.806734899610845, -32.831680411561223 ], [ -68.806669683402049, -32.831448193098119 ], [ -68.806523404055213, -32.831037696680987 ], [ -68.806418570523306, -32.830787498048124 ], [ -68.806313127494093, -32.830565336290107 ], [ -68.806168829013416, -32.830295024247064 ], [ -68.805402610000073, -32.828918990000219 ], [ -68.804871666430316, -32.827886291002216 ], [ -68.80445172280541, -32.826959855138796 ], [ -68.803937611850955, -32.825629017831069 ], [ -68.80377060959664, -32.825134715538177 ], [ -68.803677260000086, -32.824771600000247 ], [ -68.803456413749544, -32.823973013725237 ], [ -68.803242996128176, -32.823274834111096 ], [ -68.803109000300765, -32.822956677013245 ], [ -68.802922798882193, -32.822538866628797 ], [ -68.802856973176105, -32.822360588674819 ], [ -68.80279709950743, -32.822162263096132 ], [ -68.802753663387421, -32.821748501032836 ], [ -68.802732940479942, -32.821636353533577 ], [ -68.802703684610591, -32.821549804920018 ], [ -68.802657362817428, -32.821455942339135 ], [ -68.802593975100436, -32.821355984785441 ], [ -68.802517643844936, -32.821270897077071 ], [ -68.80244160078081, -32.821200562979406 ], [ -68.802338750000089, -32.821126460000244 ], [ -68.800192520000067, -32.820038810000241 ], [ -68.796368630000089, -32.81792255000024 ], [ -68.785176820000075, -32.811577990000245 ], [ -68.775649811218628, -32.806198866918038 ], [ -68.774162110983696, -32.805344009879306 ], [ -68.773439460000077, -32.804887340000221 ], [ -68.771865201415977, -32.803943973988773 ], [ -68.770082865988059, -32.802880589929636 ], [ -68.768651187937692, -32.802025732890883 ], [ -68.767593509841817, -32.801412341842138 ], [ -68.766911906596093, -32.801011886967189 ], [ -68.766337160480234, -32.800676791307573 ], [ -68.765013895731599, -32.799884959226482 ], [ -68.76443811216788, -32.7995005847934 ], [ -68.764072930520243, -32.799172751268827 ], [ -68.763759621265748, -32.798845955192121 ], [ -68.763335305089953, -32.798278989935227 ], [ -68.763109141455914, -32.797876460164538 ], [ -68.762920325944933, -32.797436582270834 ], [ -68.761480348311693, -32.792930946203683 ], [ -68.761287383009247, -32.792437121021095 ], [ -68.761019721460713, -32.791925659224866 ], [ -68.760793557826688, -32.791558402681524 ], [ -68.760518634143082, -32.791179734211688 ], [ -68.76031010712272, -32.790929709276824 ], [ -68.759957893573372, -32.790560896561665 ], [ -68.758321319570172, -32.789035329479759 ], [ -68.751656754501028, -32.78290505005986 ], [ -68.751382868265324, -32.782660212364277 ], [ -68.75109030796807, -32.782427824043083 ], [ -68.750811234493028, -32.782233821292778 ], [ -68.750474063937688, -32.782021144480971 ], [ -68.749741625746722, -32.781645588354699 ], [ -68.744558090000083, -32.779494280000236 ], [ -68.743971340735115, -32.779182687128966 ], [ -68.743402819306453, -32.778813355689891 ], [ -68.742869571105075, -32.778404601232062 ], [ -68.742155806975632, -32.777711586059866 ], [ -68.740746952778267, -32.776111841455787 ], [ -68.735551413882547, -32.77004588380337 ], [ -68.735331474935677, -32.769813495482161 ], [ -68.73511361088454, -32.769594593983157 ], [ -68.73483142506592, -32.769347681391856 ], [ -68.734441344669591, -32.769061345781786 ], [ -68.732616340000092, -32.767880420000225 ], [ -68.728127436978028, -32.764952014798162 ], [ -68.725718483041135, -32.763364719568443 ], [ -68.724988119745888, -32.762850145428608 ], [ -68.724618788306813, -32.762530611486945 ], [ -68.723705834187754, -32.761659155282381 ], [ -68.723214083900899, -32.761242101241635 ], [ -68.72280325454733, -32.760955765631579 ], [ -68.72136327691409, -32.760001313598011 ], [ -68.720643390000077, -32.759504940000234 ], [ -68.708019400000083, -32.751198330000207 ], [ -68.696483340000071, -32.743700430000231 ], [ -68.694335550000091, -32.74232579000023 ], [ -68.693781688039948, -32.741912372666327 ], [ -68.693391607643619, -32.741580389350311 ], [ -68.693033430000085, -32.741198460000255 ], [ -68.692536750604859, -32.740559540653514 ], [ -68.692242115411901, -32.740032517139355 ], [ -68.691337460875744, -32.738229432754203 ], [ -68.686620840000103, -32.729081100000229 ], [ -68.682800950000072, -32.72130615000026 ], [ -68.680613881044323, -32.717093507450166 ], [ -68.680289600000094, -32.716455320000222 ], [ -68.679593790000069, -32.715128590000226 ], [ -68.678862650000099, -32.713678580000206 ], [ -68.678233, -32.712451440000244 ], [ -68.677034760000069, -32.710092420000237 ], [ -68.675831500000086, -32.707724730000244 ], [ -68.675161380000077, -32.706398050000246 ], [ -68.672939386588993, -32.701992815689493 ] ] ] } },
{ "type": "Feature", "properties": { "fid": 104, "TIPO": "PAVIMENTO", "NAME_1": "RN 40", "NAME_2": null, "TIPO_1": "RN", "N": 40, "JURISDIC": "DNV", "REFER": null, "JERAREFER": null }, "geometry": { "type": "MultiLineString", "coordinates": [ [ [ -68.672939386588993, -32.701992815689493 ], [ -68.667038289526772, -32.690107809405504 ], [ -68.66664663672519, -32.689393676312122 ], [ -68.665778570441191, -32.688032634113704 ] ] ] } },
{ "type": "Feature", "properties": { "fid": 105, "TIPO": "PAVIMENTO", "NAME_1": "RP 30", "NAME_2": "SANTA RITA", "TIPO_1": "RP", "N": 30, "JURISDIC": "DPV", "REFER": null, "JERAREFER": null }, "geometry": { "type": "MultiLineString", "coordinates": [ [ [ -68.830695320000075, -32.822321660000227 ], [ -68.830663640000083, -32.822193490000231 ], [ -68.829980810000066, -32.819560760000236 ], [ -68.829287340000064, -32.816433830000229 ], [ -68.829104470000075, -32.815400030000234 ], [ -68.829009870000064, -32.815231150000258 ], [ -68.828810110000106, -32.815192910000228 ], [ -68.828480400000075, -32.815188240000239 ], [ -68.825362790000071, -32.815135050000258 ], [ -68.821326510000077, -32.815075260000242 ], [ -68.816275820000087, -32.815004830000234 ], [ -68.810760700000102, -32.814947570000236 ], [ -68.80517071000007, -32.814861800000237 ], [ -68.800204810000082, -32.814829920000236 ], [ -68.795742020000077, -32.814765620000223 ], [ -68.793734540000102, -32.814753310000242 ], [ -68.792293020000088, -32.814732900000237 ], [ -68.791159460000102, -32.814736390000235 ], [ -68.790969360000105, -32.814752540000235 ], [ -68.790696580000073, -32.814707350000234 ] ] ] } },
{ "type": "Feature", "properties": { "fid": 106, "TIPO": "PAVIMENTO", "NAME_1": "RN 7", "NAME_2": null, "TIPO_1": "RN", "N": 7, "JURISDIC": "DNV", "REFER": null, "JERAREFER": null }, "geometry": { "type": "MultiLineString", "coordinates": [ [ [ -68.686243970000106, -32.971261810000229 ], [ -68.687702760000064, -32.969899490000245 ], [ -68.694690680000065, -32.963316280000228 ], [ -68.697053670000074, -32.961100180000244 ], [ -68.697762330000103, -32.960499360000227 ], [ -68.69817757000007, -32.960199100000224 ], [ -68.698580460000102, -32.95994673000024 ], [ -68.699044270000073, -32.959691090000241 ], [ -68.699650270000092, -32.959418670000211 ], [ -68.700101650000079, -32.959234880000224 ], [ -68.700837490000069, -32.958993580000232 ], [ -68.701601530000076, -32.958817390000227 ], [ -68.70254814000009, -32.958689550000244 ], [ -68.703210180000085, -32.958653470000236 ], [ -68.705321810000086, -32.958661890000229 ], [ -68.707067880000068, -32.958693380000227 ], [ -68.709077930000063, -32.958718620000262 ], [ -68.710409960000092, -32.958701180000233 ], [ -68.71086487000008, -32.958671420000243 ], [ -68.711348280000067, -32.958621180000215 ], [ -68.712026770000065, -32.958520040000238 ], [ -68.712563190000068, -32.958401460000232 ], [ -68.712900570000102, -32.958299530000232 ], [ -68.713522500000067, -32.95810924000024 ], [ -68.71400636000007, -32.95791521000023 ], [ -68.714380500000075, -32.95774831000022 ], [ -68.714840080000073, -32.957526840000241 ], [ -68.715674250000106, -32.956998100000227 ], [ -68.717106930000071, -32.955967450000223 ], [ -68.718942500000082, -32.954650120000224 ], [ -68.720863510000086, -32.953261070000238 ], [ -68.723145180000088, -32.951620010000248 ], [ -68.725632155529397, -32.949828753600457 ], [ -68.727500580000083, -32.94849194000021 ], [ -68.729035700000082, -32.947401470000223 ], [ -68.731495560000084, -32.945624840000235 ], [ -68.732884090000084, -32.944639280000231 ], [ -68.735240010000084, -32.942947090000239 ], [ -68.736570510000078, -32.941994750000248 ], [ -68.738853070000076, -32.940351120000223 ], [ -68.742291970000068, -32.937883060000232 ], [ -68.743909130000077, -32.936725810000226 ], [ -68.746619930000065, -32.934761350000223 ], [ -68.747418920000072, -32.934184360000245 ], [ -68.749904570000098, -32.932390940000239 ], [ -68.752656970000103, -32.930226770000225 ], [ -68.756065290000066, -32.927527170000239 ], [ -68.758106560000073, -32.925898120000241 ], [ -68.761596910000094, -32.923139480000231 ], [ -68.764540970000098, -32.920805940000243 ], [ -68.766386620000077, -32.919358680000236 ], [ -68.766883900000067, -32.918953920000227 ], [ -68.76864412000009, -32.917547550000229 ], [ -68.770196830000074, -32.916315380000242 ], [ -68.771758660000103, -32.915072930000228 ], [ -68.772505970000068, -32.914488870000227 ], [ -68.773710860000094, -32.913525620000229 ], [ -68.774491860000069, -32.912851740000249 ], [ -68.77501378000008, -32.912308340000237 ], [ -68.775984570000105, -32.911206000000242 ], [ -68.776424090000091, -32.910736910000217 ], [ -68.776716960000073, -32.910480660000232 ], [ -68.777010745230228, -32.910206548978024 ], [ -68.777229480000088, -32.910029670000242 ], [ -68.77745472886123, -32.909870272487154 ], [ -68.777743592285347, -32.909686375563453 ], [ -68.778358591833481, -32.909346536240939 ], [ -68.778795997929222, -32.90914372890331 ], [ -68.779471291550678, -32.908865279910046 ], [ -68.780274000000105, -32.908586910000231 ], [ -68.781516860000082, -32.90820650000024 ], [ -68.782260030000089, -32.908022930000222 ], [ -68.783575510000077, -32.907817230000212 ], [ -68.784729720000087, -32.907585570000236 ], [ -68.786158010000065, -32.907295310000244 ], [ -68.787498010000064, -32.907007450000236 ], [ -68.789127330000071, -32.906655870000243 ], [ -68.789967870000083, -32.906474980000226 ], [ -68.791143400000081, -32.906220190000234 ], [ -68.791907930000065, -32.906000650000244 ], [ -68.792840010000106, -32.905714620000239 ], [ -68.793933730000091, -32.905292760000236 ], [ -68.794814300000098, -32.904903930000231 ], [ -68.795914330000073, -32.904376790000256 ], [ -68.796545120000104, -32.904059430000224 ], [ -68.799433590000092, -32.90274946000023 ], [ -68.801907750000069, -32.901567150000233 ], [ -68.804046700000072, -32.900535750000216 ], [ -68.805786390000065, -32.899734790000238 ], [ -68.808037801309496, -32.898699151015798 ], [ -68.808737212560317, -32.898434953348946 ], [ -68.809602158448897, -32.898158970931419 ], [ -68.810879390000082, -32.897837400000235 ], [ -68.81182810601122, -32.897638112356894 ], [ -68.812757620000085, -32.897467520000241 ], [ -68.813738310000076, -32.897364110000247 ], [ -68.814375256546228, -32.89734102701366 ], [ -68.814880630506451, -32.897339930757809 ], [ -68.815468223657646, -32.897361855875367 ], [ -68.815812448003655, -32.897384603184861 ], [ -68.816657661286399, -32.897476688678694 ], [ -68.817971340000071, -32.897639940000218 ], [ -68.818951240000075, -32.897708120000239 ], [ -68.819896001152998, -32.897721016707742 ], [ -68.820783540000079, -32.897672250000227 ], [ -68.821528700000087, -32.897566800000249 ], [ -68.822305760000077, -32.897458740000225 ], [ -68.823091190000085, -32.897364850000237 ], [ -68.823864560000075, -32.897294940000243 ], [ -68.826566670000076, -32.897271470000213 ], [ -68.827230600000064, -32.897230010000236 ], [ -68.828515660000065, -32.897019870000243 ], [ -68.830166870000085, -32.896728470000241 ], [ -68.831810810000064, -32.89648548000023 ], [ -68.833285880000105, -32.896351230000242 ], [ -68.833655230000105, -32.896287100000237 ] ] ] } },
{ "type": "Feature", "properties": { "fid": 107, "TIPO": "PAVIMENTO", "NAME_1": "RN 7", "NAME_2": null, "TIPO_1": "RN", "N": 7, "JURISDIC": "DNV", "REFER": null, "JERAREFER": null }, "geometry": { "type": "MultiLineString", "coordinates": [ [ [ -68.686243970000106, -32.971261810000229 ], [ -68.683791630000073, -32.973577890000236 ], [ -68.679843010000084, -32.977298670000238 ] ] ] } },
{ "type": "Feature", "properties": { "fid": 108, "TIPO": "PAVIMENTO", "NAME_1": "RN 7", "NAME_2": null, "TIPO_1": "RN", "N": 7, "JURISDIC": "DNV", "REFER": null, "JERAREFER": null }, "geometry": { "type": "MultiLineString", "coordinates": [ [ [ -68.679843010000084, -32.977298670000238 ], [ -68.668466350000074, -32.987986750000232 ], [ -68.666458840000075, -32.98987421000021 ] ] ] } },
{ "type": "Feature", "properties": { "fid": 109, "TIPO": "PAVIMENTO", "NAME_1": "RN 7", "NAME_2": null, "TIPO_1": "RN", "N": 7, "JURISDIC": "DNV", "REFER": null, "JERAREFER": null }, "geometry": { "type": "MultiLineString", "coordinates": [ [ [ -68.666458840000075, -32.98987421000021 ], [ -68.661310720000074, -32.994718470000244 ], [ -68.660040160000079, -32.995919740000232 ], [ -68.659039860000078, -32.996843830000245 ], [ -68.658204720000072, -32.997549430000248 ], [ -68.657480600000071, -32.998086940000221 ], [ -68.657002740000081, -32.998422300000236 ], [ -68.656495990000082, -32.998761640000239 ], [ -68.656143660000069, -32.998999990000229 ], [ -68.655902440000077, -32.999137240000245 ], [ -68.65531427000009, -32.999481490000235 ], [ -68.654270540000084, -33.00003030000024 ], [ -68.654216035860571, -33.000054891382689 ] ] ] } },
{ "type": "Feature", "properties": { "fid": 110, "TIPO": "PAVIMENTO", "NAME_1": "RP 33", "NAME_2": null, "TIPO_1": "RP", "N": 33, "JURISDIC": "DPV", "REFER": null, "JERAREFER": null }, "geometry": { "type": "MultiLineString", "coordinates": [ [ [ -68.534928420000071, -32.811992070000244 ], [ -68.540856160000075, -32.810730840000232 ], [ -68.53502854000007, -32.787766430000246 ] ] ] } },
{ "type": "Feature", "properties": { "fid": 111, "TIPO": "PAVIMENTO", "NAME_1": "RP 82", "NAME_2": "PANAMERICANA", "TIPO_1": "RP", "N": 82, "JURISDIC": "DPV", "REFER": null, "JERAREFER": null }, "geometry": { "type": "MultiLineString", "coordinates": [ [ [ -68.859533100000078, -32.957425790000237 ], [ -68.861529883798724, -32.958520500398862 ], [ -68.862469214169209, -32.959040564852486 ], [ -68.863679897241994, -32.959690495339728 ], [ -68.865039451969608, -32.960441356859278 ], [ -68.866039380088836, -32.961008611342571 ], [ -68.866942603931449, -32.961504177978547 ], [ -68.867496729098818, -32.961793779160864 ], [ -68.868545926678422, -32.962400485548486 ], [ -68.869761564043699, -32.963066244691149 ], [ -68.869965417389921, -32.963164126655016 ], [ -68.870128014701791, -32.963232886712269 ], [ -68.870350473710573, -32.963321061373918 ], [ -68.870792560431667, -32.963475164796364 ], [ -68.870914103944671, -32.963521881188214 ], [ -68.871056477710297, -32.963584169710657 ], [ -68.871208558778108, -32.963665872837545 ], [ -68.871341427476992, -32.963746564787101 ], [ -68.871481374417073, -32.963842828867257 ], [ -68.871605142520153, -32.963950215897867 ], [ -68.871730528506916, -32.964076410826465 ], [ -68.871810815985526, -32.964177124086781 ], [ -68.871893934760621, -32.964296038538784 ], [ -68.872223376329103, -32.964806278610745 ], [ -68.87233278571432, -32.964945618844425 ], [ -68.872470305828855, -32.965096082028552 ], [ -68.872547357540057, -32.965173538210685 ], [ -68.872637959027301, -32.965255241337566 ], [ -68.872832914013159, -32.965405704521693 ], [ -68.872914212669087, -32.965463341628528 ], [ -68.87303070029553, -32.965537764278714 ], [ -68.873322728303407, -32.965702788416159 ], [ -68.873533255419915, -32.965818264865241 ], [ -68.873815576125608, -32.965981671118989 ], [ -68.873997790277329, -32.966104225809268 ], [ -68.87414339981035, -32.966208579307953 ], [ -68.874350691159464, -32.966375828035439 ], [ -68.874481941974622, -32.96649272013277 ], [ -68.874841314391546, -32.966841778541131 ], [ -68.875772001990143, -32.967782982383753 ], [ -68.87593116129915, -32.96792798521038 ], [ -68.876363338482577, -32.968219810982795 ], [ -68.876641007772662, -32.968391104419567 ], [ -68.876761540108319, -32.968440449872446 ], [ -68.876969878377267, -32.968467263662312 ] ] ] } },
{ "type": "Feature", "properties": { "fid": 112, "TIPO": "PAVIMENTO", "NAME_1": "RP 15", "NAME_2": "SAN MARTIN", "TIPO_1": "RP", "N": 15, "JURISDIC": "DPV", "REFER": null, "JERAREFER": null }, "geometry": { "type": "MultiLineString", "coordinates": [ [ [ -68.855155020000069, -32.973165600000222 ], [ -68.856062770000065, -32.974341780000252 ], [ -68.857305740000086, -32.97613508000024 ], [ -68.858626280000067, -32.978920240000235 ], [ -68.859283340000076, -32.980908550000244 ], [ -68.8594233500001, -32.981371420000229 ] ] ] } },
{ "type": "Feature", "properties": { "fid": 113, "TIPO": "PAVIMENTO", "NAME_1": "RP 10", "NAME_2": "JUAN JOSE PASO", "TIPO_1": "RP", "N": 10, "JURISDIC": "DPV", "REFER": null, "JERAREFER": null }, "geometry": { "type": "MultiLineString", "coordinates": [ [ [ -68.828741803433388, -32.96975121164138 ], [ -68.82775359988328, -32.969916695732167 ], [ -68.827540415654099, -32.969961148711768 ], [ -68.827335809516796, -32.970014029911844 ], [ -68.827094690000081, -32.970084240000247 ], [ -68.826973097322693, -32.970125822016144 ], [ -68.826599697291059, -32.970273395946442 ], [ -68.82558420000008, -32.970691150000256 ], [ -68.825337309377971, -32.970773976996313 ], [ -68.825084910000101, -32.970850820000251 ], [ -68.824820084372774, -32.970913034185955 ], [ -68.824279924331449, -32.971016578870682 ], [ -68.819167729840331, -32.971913706786232 ], [ -68.815880263859341, -32.972485502480801 ] ] ] } },
{ "type": "Feature", "properties": { "fid": 114, "TIPO": "PAVIMENTO", "NAME_1": "RP 5", "NAME_2": "URQUIZA", "TIPO_1": "RP", "N": 5, "JURISDIC": "DPV", "REFER": null, "JERAREFER": null }, "geometry": { "type": "MultiLineString", "coordinates": [ [ [ -68.756981260000103, -32.991082150000238 ], [ -68.757324910000079, -32.995475430000234 ] ] ] } },
{ "type": "Feature", "properties": { "fid": 115, "TIPO": "PAVIMENTO", "NAME_1": "RP 6", "NAME_2": "CARRIL GOMEZ", "TIPO_1": "RP", "N": 6, "JURISDIC": "DPV", "REFER": null, "JERAREFER": null }, "geometry": { "type": "MultiLineString", "coordinates": [ [ [ -68.772992210000069, -32.959576950000255 ], [ -68.76341165000008, -32.961371910000238 ], [ -68.756155756096945, -32.962923164656644 ], [ -68.755626820006754, -32.963010441229684 ] ] ] } },
{ "type": "Feature", "properties": { "fid": 116, "TIPO": "PAVIMENTO", "NAME_1": "RP 15", "NAME_2": "SAN MARTIN", "TIPO_1": "RP", "N": 15, "JURISDIC": "DPV", "REFER": null, "JERAREFER": null }, "geometry": { "type": "MultiLineString", "coordinates": [ [ [ -68.8594233500001, -32.981371420000229 ], [ -68.860323700000066, -32.983488580000241 ], [ -68.860904630000078, -32.984687580000248 ], [ -68.861786260000102, -32.986390800000265 ], [ -68.862026690000064, -32.986865320000248 ], [ -68.862562700000083, -32.987899120000236 ] ] ] } },
{ "type": "Feature", "properties": { "fid": 117, "TIPO": "PAVIMENTO", "NAME_1": "RP 15", "NAME_2": "SAN MARTIN", "TIPO_1": "RP", "N": 15, "JURISDIC": "DPV", "REFER": null, "JERAREFER": null }, "geometry": { "type": "MultiLineString", "coordinates": [ [ [ -68.862562700000083, -32.987899120000236 ], [ -68.862803660000083, -32.988305860000224 ], [ -68.863046700000069, -32.988913780000239 ], [ -68.864285950000067, -32.992950810000217 ], [ -68.864775290000097, -32.994455130000233 ] ] ] } },
{ "type": "Feature", "properties": { "fid": 118, "TIPO": "PAVIMENTO", "NAME_1": "RP 15", "NAME_2": "SAN MARTIN", "TIPO_1": "RP", "N": 15, "JURISDIC": "DPV", "REFER": null, "JERAREFER": null }, "geometry": { "type": "MultiLineString", "coordinates": [ [ [ -68.864775290000097, -32.994455130000233 ], [ -68.865188460000084, -32.995772160000229 ], [ -68.866788154334813, -33.000054891382696 ] ] ] } },
{ "type": "Feature", "properties": { "fid": 119, "TIPO": "PAVIMENTO", "NAME_1": "RP 2", "NAME_2": "CARRIL OZAMIS", "TIPO_1": "RP", "N": 2, "JURISDIC": "DPV", "REFER": null, "JERAREFER": null }, "geometry": { "type": "MultiLineString", "coordinates": [ [ [ -68.792577840000078, -32.991712110000229 ], [ -68.793734130000104, -32.995762740000224 ] ] ] } },
{ "type": "Feature", "properties": { "fid": 120, "TIPO": "PAVIMENTO", "NAME_1": "RP 2", "NAME_2": "CARRIL OZAMIS", "TIPO_1": "RP", "N": 2, "JURISDIC": "DPV", "REFER": null, "JERAREFER": null }, "geometry": { "type": "MultiLineString", "coordinates": [ [ [ -68.793734130000104, -32.995762740000224 ], [ -68.794945139461234, -33.000054891382703 ] ] ] } },
{ "type": "Feature", "properties": { "fid": 121, "TIPO": "PAVIMENTO", "NAME_1": "RP 5", "NAME_2": "URQUIZA", "TIPO_1": "RP", "N": 5, "JURISDIC": "DPV", "REFER": null, "JERAREFER": null }, "geometry": { "type": "MultiLineString", "coordinates": [ [ [ -68.754506804545684, -32.958065654856718 ], [ -68.754523248383848, -32.958105759550939 ], [ -68.754540788477925, -32.958156918158643 ], [ -68.754576599503295, -32.95828042965433 ], [ -68.754608025505163, -32.958416365383336 ], [ -68.755538015909195, -32.961958276773821 ], [ -68.755567980236577, -32.962081057432258 ], [ -68.755589370000067, -32.962236770000217 ] ] ] } },
{ "type": "Feature", "properties": { "fid": 122, "TIPO": "PAVIMENTO", "NAME_1": "RP 5", "NAME_2": "URQUIZA", "TIPO_1": "RP", "N": 5, "JURISDIC": "DPV", "REFER": null, "JERAREFER": null }, "geometry": { "type": "MultiLineString", "coordinates": [ [ [ -68.754645663623677, -32.963611247930089 ], [ -68.754678930000068, -32.964222030000244 ], [ -68.75480282000008, -32.96508570000023 ], [ -68.755224050000066, -32.970060050000221 ] ] ] } },
{ "type": "Feature", "properties": { "fid": 123, "TIPO": "PAVIMENTO", "NAME_1": "RP 5", "NAME_2": "URQUIZA", "TIPO_1": "RP", "N": 5, "JURISDIC": "DPV", "REFER": null, "JERAREFER": null }, "geometry": { "type": "MultiLineString", "coordinates": [ [ [ -68.755224050000066, -32.970060050000221 ], [ -68.755456340000066, -32.972922960000226 ], [ -68.755667, -32.975824640000248 ] ] ] } },
{ "type": "Feature", "properties": { "fid": 124, "TIPO": "PAVIMENTO", "NAME_1": "RP 5", "NAME_2": "URQUIZA", "TIPO_1": "RP", "N": 5, "JURISDIC": "DPV", "REFER": null, "JERAREFER": null }, "geometry": { "type": "MultiLineString", "coordinates": [ [ [ -68.755667, -32.975824640000248 ], [ -68.756587050000078, -32.986456510000231 ] ] ] } },
{ "type": "Feature", "properties": { "fid": 125, "TIPO": "PAVIMENTO", "NAME_1": "RP 5", "NAME_2": "URQUIZA", "TIPO_1": "RP", "N": 5, "JURISDIC": "DPV", "REFER": null, "JERAREFER": null }, "geometry": { "type": "MultiLineString", "coordinates": [ [ [ -68.756587050000078, -32.986456510000231 ], [ -68.756981260000103, -32.991082150000238 ] ] ] } },
{ "type": "Feature", "properties": { "fid": 126, "TIPO": "PAVIMENTO", "NAME_1": "RP 8", "NAME_2": "TROPERO SOSA", "TIPO_1": "RP", "N": 8, "JURISDIC": "DPV", "REFER": null, "JERAREFER": null }, "geometry": { "type": "MultiLineString", "coordinates": [ [ [ -68.779906865810247, -32.988213016902819 ], [ -68.777604594430926, -32.988668607225073 ], [ -68.777253579111502, -32.988717652090713 ], [ -68.776938232785241, -32.988738729223058 ], [ -68.775470940110381, -32.988827496376594 ], [ -68.773350256332819, -32.98896003911269 ], [ -68.772383950880652, -32.989024891827604 ], [ -68.771759743499643, -32.98909298717826 ], [ -68.771231193873106, -32.989170405106677 ], [ -68.77088585316622, -32.989230393867985 ], [ -68.756978272394178, -32.991059704124638 ] ] ] } },
{ "type": "Feature", "properties": { "fid": 127, "TIPO": "PAVIMENTO", "NAME_1": "RP 5", "NAME_2": "URQUIZA", "TIPO_1": "RP", "N": 5, "JURISDIC": "DPV", "REFER": null, "JERAREFER": null }, "geometry": { "type": "MultiLineString", "coordinates": [ [ [ -68.757324910000079, -32.995475430000234 ], [ -68.757403160000095, -32.996384870000234 ], [ -68.757589350000089, -32.998372960000239 ], [ -68.757722157250257, -33.000054891382696 ] ] ] } },
{ "type": "Feature", "properties": { "fid": 128, "TIPO": "PAVIMENTO", "NAME_1": "RP 10", "NAME_2": "JUAN JOSE PASO", "TIPO_1": "RP", "N": 10, "JURISDIC": "DPV", "REFER": null, "JERAREFER": null }, "geometry": { "type": "MultiLineString", "coordinates": [ [ [ -68.828741803433388, -32.96975121164138 ], [ -68.833100141853734, -32.969037534484698 ], [ -68.835117958290098, -32.968708659238203 ], [ -68.835585743833605, -32.968633418762195 ], [ -68.835779934549905, -32.968603949321874 ], [ -68.835972588960942, -32.96858502510932 ], [ -68.836258100000066, -32.968565890000228 ], [ -68.837493412418482, -32.968535447239354 ], [ -68.838018227002323, -32.9685131161119 ], [ -68.838366177069602, -32.968480722994762 ], [ -68.838842195661499, -32.968405208517389 ], [ -68.839075130685757, -32.968359571818645 ], [ -68.840867001116735, -32.968040998483737 ], [ -68.841595161516636, -32.967901257951517 ], [ -68.84230988708012, -32.967763659132572 ], [ -68.844458214676607, -32.967354678737891 ], [ -68.84620167115861, -32.967036898733816 ], [ -68.84644857622763, -32.966992718557556 ], [ -68.846714051587981, -32.96695008310445 ], [ -68.84702207005104, -32.966911754820089 ], [ -68.847429147041467, -32.966865238214403 ], [ -68.847878544974876, -32.966812287070617 ], [ -68.848495778926335, -32.966737246635077 ], [ -68.849178203471709, -32.966616028239102 ], [ -68.849682259090727, -32.966530965167856 ], [ -68.85060205446679, -32.966370760290587 ], [ -68.851317197294904, -32.966252658782309 ], [ -68.852472170821997, -32.966047326513227 ], [ -68.853051223544227, -32.965941415830152 ], [ -68.853651431795782, -32.965834311354328 ], [ -68.853795694998638, -32.965828327676192 ] ] ] } },
{ "type": "Feature", "properties": { "fid": 129, "TIPO": "PAVIMENTO", "NAME_1": "RP 6", "NAME_2": "CARRIL GOMEZ", "TIPO_1": "RP", "N": 6, "JURISDIC": "DPV", "REFER": null, "JERAREFER": null }, "geometry": { "type": "MultiLineString", "coordinates": [ [ [ -68.789015710058237, -32.956283715303982 ], [ -68.787890127866703, -32.956517665998717 ], [ -68.785842060467914, -32.956975930664889 ], [ -68.783860468953876, -32.957409987581805 ], [ -68.782643109725782, -32.957693504851456 ], [ -68.780294567721185, -32.958164029751508 ], [ -68.772992210000069, -32.959576950000255 ] ] ] } },
{ "type": "Feature", "properties": { "fid": 130, "TIPO": "PAVIMENTO", "NAME_1": "RP 3", "NAME_2": "URQUIZA", "TIPO_1": "RP", "N": 3, "JURISDIC": "DPV", "REFER": null, "JERAREFER": null }, "geometry": { "type": "MultiLineString", "coordinates": [ [ [ -68.8020637300001, -32.937890030000226 ], [ -68.804839840000085, -32.943128860000236 ], [ -68.806179910000083, -32.945980370000242 ] ] ] } },
{ "type": "Feature", "properties": { "fid": 131, "TIPO": "PAVIMENTO", "NAME_1": "RP 10", "NAME_2": "JUAN JOSE PASO", "TIPO_1": "RP", "N": 10, "JURISDIC": "DPV", "REFER": null, "JERAREFER": null }, "geometry": { "type": "MultiLineString", "coordinates": [ [ [ -68.815880263859341, -32.972485502480801 ], [ -68.805185779973868, -32.974490569769415 ], [ -68.801208133504971, -32.975222415825122 ] ] ] } },
{ "type": "Feature", "properties": { "fid": 132, "TIPO": "PAVIMENTO", "NAME_1": "RP 20", "NAME_2": "CARRIL GODOY CRUZ", "TIPO_1": "RP", "N": 20, "JURISDIC": "DPV", "REFER": null, "JERAREFER": null }, "geometry": { "type": "MultiLineString", "coordinates": [ [ [ -68.750578390000072, -32.906816490000232 ], [ -68.747716700000083, -32.907239400000229 ], [ -68.746460110000086, -32.907410240000232 ], [ -68.745077820000091, -32.907604900000237 ], [ -68.741753470000091, -32.908074890000265 ], [ -68.739411560000065, -32.908402350000244 ] ] ] } },
{ "type": "Feature", "properties": { "fid": 133, "TIPO": "PAVIMENTO", "NAME_1": "RP 10", "NAME_2": "JUAN JOSE PASO", "TIPO_1": "RP", "N": 10, "JURISDIC": "DPV", "REFER": null, "JERAREFER": null }, "geometry": { "type": "MultiLineString", "coordinates": [ [ [ -68.801208133504971, -32.975222415825122 ], [ -68.800014346630348, -32.975475568342759 ], [ -68.79836288000007, -32.975882150000224 ], [ -68.796632507398058, -32.97630144407983 ], [ -68.796062865844476, -32.97644455815167 ], [ -68.795913112620653, -32.976485225133409 ], [ -68.795821521555922, -32.976518316109825 ], [ -68.795769650000068, -32.976541830000244 ], [ -68.795710570000068, -32.976571210000223 ], [ -68.795656100000073, -32.97660635000021 ], [ -68.79560703000007, -32.976646740000234 ], [ -68.795564050000067, -32.976691800000239 ], [ -68.795527800000087, -32.976740880000257 ], [ -68.795498790000082, -32.976793270000229 ], [ -68.795477450000092, -32.976848210000242 ], [ -68.795464090000095, -32.976904920000244 ], [ -68.795458890000106, -32.976962570000225 ], [ -68.795461930000073, -32.977020320000243 ], [ -68.79547562000009, -32.977072870000221 ], [ -68.795496930000084, -32.977123580000239 ], [ -68.795525540000085, -32.977171670000239 ], [ -68.795561, -32.977216400000245 ], [ -68.795602760000079, -32.977257090000229 ], [ -68.795650190000103, -32.977293090000231 ], [ -68.795702540000065, -32.97732386000024 ], [ -68.795759020000091, -32.97734893000024 ], [ -68.795818750000066, -32.977367900000246 ], [ -68.795880810000099, -32.977380480000235 ], [ -68.795967925901223, -32.97738430464706 ], [ -68.796050865614077, -32.977375916869562 ], [ -68.796139460000077, -32.977354330000239 ], [ -68.796204080000081, -32.977324040000248 ], [ -68.796264370000088, -32.977287960000233 ], [ -68.796319620000091, -32.977246540000245 ], [ -68.796369150000103, -32.977200260000224 ], [ -68.79641237000007, -32.97714970000024 ], [ -68.796448770000083, -32.97709544000022 ], [ -68.796477890000077, -32.977038160000248 ], [ -68.796499400000073, -32.976978530000245 ], [ -68.796505955522264, -32.976918108309661 ] ] ] } },
{ "type": "Feature", "properties": { "fid": 134, "TIPO": "PAVIMENTO", "NAME_1": "RP 31", "NAME_2": "LA CENTRAL", "TIPO_1": "RP", "N": 31, "JURISDIC": "DPV", "REFER": null, "JERAREFER": null }, "geometry": { "type": "MultiLineString", "coordinates": [ [ [ -68.573184360000099, -32.894260620000225 ], [ -68.560088650000083, -32.886625270000245 ], [ -68.548527390000103, -32.879709930000239 ] ] ] } },
{ "type": "Feature", "properties": { "fid": 135, "TIPO": "PAVIMENTO", "NAME_1": "RP 33", "NAME_2": "LAS MARGARITAS", "TIPO_1": "RP", "N": 33, "JURISDIC": "DPV", "REFER": null, "JERAREFER": null }, "geometry": { "type": "MultiLineString", "coordinates": [ [ [ -68.544471190000067, -32.860070410000219 ], [ -68.542837550000101, -32.851939040000225 ] ] ] } },
{ "type": "Feature", "properties": { "fid": 136, "TIPO": "PAVIMENTO", "NAME_1": "RP 33", "NAME_2": "LAS MARGARITAS", "TIPO_1": "RP", "N": 33, "JURISDIC": "DPV", "REFER": null, "JERAREFER": null }, "geometry": { "type": "MultiLineString", "coordinates": [ [ [ -68.548527390000103, -32.879709930000239 ], [ -68.544471190000067, -32.860070410000219 ] ] ] } },
{ "type": "Feature", "properties": { "fid": 137, "TIPO": "PAVIMENTO", "NAME_1": "RP 31", "NAME_2": "LA CENTRAL", "TIPO_1": "RP", "N": 31, "JURISDIC": "DPV", "REFER": null, "JERAREFER": null }, "geometry": { "type": "MultiLineString", "coordinates": [ [ [ -68.548527390000103, -32.879709930000239 ], [ -68.546947720000091, -32.878744670000216 ], [ -68.535796720000064, -32.872191430000235 ] ] ] } },
{ "type": "Feature", "properties": { "fid": 138, "TIPO": "PAVIMENTO", "NAME_1": "RP 33", "NAME_2": "LAS MARGARITAS", "TIPO_1": "RP", "N": 33, "JURISDIC": "DPV", "REFER": null, "JERAREFER": null }, "geometry": { "type": "MultiLineString", "coordinates": [ [ [ -68.552275, -32.898810620000226 ], [ -68.551550940000084, -32.895047040000229 ] ] ] } },
{ "type": "Feature", "properties": { "fid": 139, "TIPO": "PAVIMENTO", "NAME_1": "RP 33", "NAME_2": "LAS MARGARITAS", "TIPO_1": "RP", "N": 33, "JURISDIC": "DPV", "REFER": null, "JERAREFER": null }, "geometry": { "type": "MultiLineString", "coordinates": [ [ [ -68.556401460000075, -32.919481800000234 ], [ -68.554617040000096, -32.91049733000024 ] ] ] } },
{ "type": "Feature", "properties": { "fid": 140, "TIPO": "PAVIMENTO", "NAME_1": "RP 33", "NAME_2": "LAS MARGARITAS", "TIPO_1": "RP", "N": 33, "JURISDIC": "DPV", "REFER": null, "JERAREFER": null }, "geometry": { "type": "MultiLineString", "coordinates": [ [ [ -68.554137580000074, -32.910358220000255 ], [ -68.554617040000096, -32.91049733000024 ], [ -68.552275, -32.898810620000226 ] ] ] } },
{ "type": "Feature", "properties": { "fid": 141, "TIPO": "PAVIMENTO", "NAME_1": "RP 25", "NAME_2": "SAN ESTEBAN", "TIPO_1": "RP", "N": 25, "JURISDIC": "DPV", "REFER": null, "JERAREFER": null }, "geometry": { "type": "MultiLineString", "coordinates": [ [ [ -68.709210612652029, -32.782293993268837 ], [ -68.709623196006334, -32.783347767488692 ], [ -68.710598523567683, -32.785918559735236 ], [ -68.713059000000115, -32.792218000000261 ] ] ] } },
{ "type": "Feature", "properties": { "fid": 142, "TIPO": "PAVIMENTO", "NAME_1": "RP 31", "NAME_2": null, "TIPO_1": "RP", "N": 31, "JURISDIC": "DPV", "REFER": null, "JERAREFER": null }, "geometry": { "type": "MultiLineString", "coordinates": [ [ [ -68.511369700000074, -32.857701400000252 ], [ -68.500947710000105, -32.859887780000228 ], [ -68.499885009921613, -32.860109460176155 ] ] ] } },
{ "type": "Feature", "properties": { "fid": 143, "TIPO": "PAVIMENTO", "NAME_1": "RP 31", "NAME_2": "LA CENTRAL", "TIPO_1": "RP", "N": 31, "JURISDIC": "DPV", "REFER": null, "JERAREFER": null }, "geometry": { "type": "MultiLineString", "coordinates": [ [ [ -68.535796720000064, -32.872191430000235 ], [ -68.523105810000075, -32.864608860000239 ], [ -68.511369700000074, -32.857701400000252 ] ] ] } },
{ "type": "Feature", "properties": { "fid": 144, "TIPO": "PAVIMENTO", "NAME_1": "RP 33", "NAME_2": "LAS MARGARITAS", "TIPO_1": "RP", "N": 33, "JURISDIC": "DPV", "REFER": null, "JERAREFER": null }, "geometry": { "type": "MultiLineString", "coordinates": [ [ [ -68.561725719542792, -32.946161725867292 ], [ -68.558197907089905, -32.928339013330287 ] ] ] } },
{ "type": "Feature", "properties": { "fid": 145, "TIPO": "PAVIMENTO", "NAME_1": "RP 33", "NAME_2": "LAS MARGARITAS", "TIPO_1": "RP", "N": 33, "JURISDIC": "DPV", "REFER": null, "JERAREFER": null }, "geometry": { "type": "MultiLineString", "coordinates": [ [ [ -68.564986239160703, -32.962407583887021 ], [ -68.561725719542792, -32.946161725867292 ] ] ] } },
{ "type": "Feature", "properties": { "fid": 146, "TIPO": "PAVIMENTO", "NAME_1": "RP 33", "NAME_2": "LAS MARGARITAS", "TIPO_1": "RP", "N": 33, "JURISDIC": "DPV", "REFER": null, "JERAREFER": null }, "geometry": { "type": "MultiLineString", "coordinates": [ [ [ -68.57079507761182, -32.982751855619725 ], [ -68.570710702734644, -32.982614552581822 ], [ -68.57060102643527, -32.982427650390456 ], [ -68.570551225207453, -32.982286920497558 ], [ -68.564986239160703, -32.962407583887021 ] ] ] } },
{ "type": "Feature", "properties": { "fid": 147, "TIPO": "PAVIMENTO", "NAME_1": "RP 33", "NAME_2": "LAS MARGARITAS", "TIPO_1": "RP", "N": 33, "JURISDIC": "DPV", "REFER": null, "JERAREFER": null }, "geometry": { "type": "MultiLineString", "coordinates": [ [ [ -68.587792589087599, -33.000054891382689 ], [ -68.586925663432524, -32.999172084494525 ], [ -68.577750413034749, -32.989855922522509 ], [ -68.571410481129092, -32.983437008233935 ], [ -68.571130003512152, -32.983150242743207 ], [ -68.57103495265676, -32.983045573645811 ], [ -68.570953694467207, -32.982947156705443 ], [ -68.5708706433321, -32.982846707479759 ], [ -68.57079507761182, -32.982751855619725 ] ] ] } },
{ "type": "Feature", "properties": { "fid": 148, "TIPO": "PAVIMENTO", "NAME_1": "RP 20", "NAME_2": "SARMIENTO", "TIPO_1": "RP", "N": 20, "JURISDIC": "DPV", "REFER": null, "JERAREFER": null }, "geometry": { "type": "MultiLineString", "coordinates": [ [ [ -68.58406949000009, -32.924609320000251 ], [ -68.558197907089905, -32.928339013330287 ] ] ] } },
{ "type": "Feature", "properties": { "fid": 149, "TIPO": "PAVIMENTO", "NAME_1": "RP 20", "NAME_2": "SARMIENTO", "TIPO_1": "RP", "N": 20, "JURISDIC": "DPV", "REFER": null, "JERAREFER": null }, "geometry": { "type": "MultiLineString", "coordinates": [ [ [ -68.597141890000074, -32.922766730000227 ], [ -68.58406949000009, -32.924609320000251 ] ] ] } },
{ "type": "Feature", "properties": { "fid": 150, "TIPO": "PAVIMENTO", "NAME_1": "RP 33", "NAME_2": "LAS MARGARITAS", "TIPO_1": "RP", "N": 33, "JURISDIC": "DPV", "REFER": null, "JERAREFER": null }, "geometry": { "type": "MultiLineString", "coordinates": [ [ [ -68.551550940000084, -32.895047040000229 ], [ -68.548527390000103, -32.879709930000239 ] ] ] } },
{ "type": "Feature", "properties": { "fid": 151, "TIPO": "PAVIMENTO", "NAME_1": "RP 31", "NAME_2": "LA CENTRAL", "TIPO_1": "RP", "N": 31, "JURISDIC": "DPV", "REFER": null, "JERAREFER": null }, "geometry": { "type": "MultiLineString", "coordinates": [ [ [ -68.59109719000007, -32.905004080000232 ], [ -68.574645330000081, -32.895202570000222 ] ] ] } },
{ "type": "Feature", "properties": { "fid": 152, "TIPO": "PAVIMENTO", "NAME_1": "RP 27", "NAME_2": "MONTENEGRO", "TIPO_1": "RP", "N": 27, "JURISDIC": "DPV", "REFER": null, "JERAREFER": null }, "geometry": { "type": "MultiLineString", "coordinates": [ [ [ -68.608027922332383, -32.840903246659444 ], [ -68.607843747543512, -32.840759068434892 ], [ -68.607654431661686, -32.840556116338853 ], [ -68.607566243047629, -32.840416290818027 ], [ -68.607468046155091, -32.840232872259442 ], [ -68.607406388108629, -32.840063751086127 ], [ -68.607356051204306, -32.83977639062428 ], [ -68.606113988922758, -32.8313559787873 ], [ -68.605247251828658, -32.824934487926967 ], [ -68.604995835492119, -32.823183629249776 ], [ -68.604391110663897, -32.820345143508987 ] ] ] } },
{ "type": "Feature", "properties": { "fid": 153, "TIPO": "PAVIMENTO", "NAME_1": "RP 27", "NAME_2": "MONTENEGRO", "TIPO_1": "RP", "N": 27, "JURISDIC": "DPV", "REFER": null, "JERAREFER": null }, "geometry": { "type": "MultiLineString", "coordinates": [ [ [ -68.604391110663897, -32.820345143508987 ], [ -68.600586951707086, -32.80238937986887 ] ] ] } },
{ "type": "Feature", "properties": { "fid": 154, "TIPO": "PAVIMENTO", "NAME_1": "RP 9", "NAME_2": null, "TIPO_1": "RP", "N": 9, "JURISDIC": "DPV", "REFER": null, "JERAREFER": null }, "geometry": { "type": "MultiLineString", "coordinates": [ [ [ -68.687469470000067, -32.991546600000262 ], [ -68.689113490000082, -32.995199640000251 ] ] ] } },
{ "type": "Feature", "properties": { "fid": 155, "TIPO": "PAVIMENTO", "NAME_1": "RP 50", "NAME_2": null, "TIPO_1": "RP", "N": 50, "JURISDIC": "DPV", "REFER": null, "JERAREFER": null }, "geometry": { "type": "MultiLineString", "coordinates": [ [ [ -68.693176120000075, -32.984218790000241 ], [ -68.693065090000076, -32.984326130000234 ], [ -68.692831350000091, -32.984552100000251 ], [ -68.692417400000068, -32.985067100000208 ], [ -68.691277290000073, -32.986546900000228 ], [ -68.690239190000099, -32.987888500000231 ], [ -68.689, -32.989493900000248 ], [ -68.687970760000084, -32.990843050000237 ], [ -68.687682640000077, -32.991235010000231 ], [ -68.687469470000067, -32.991546600000262 ] ] ] } },
{ "type": "Feature", "properties": { "fid": 156, "TIPO": "PAVIMENTO", "NAME_1": "RP 27", "NAME_2": "SEVERO DEL CASTILLO", "TIPO_1": "RP", "N": 27, "JURISDIC": "DPV", "REFER": null, "JERAREFER": null }, "geometry": { "type": "MultiLineString", "coordinates": [ [ [ -68.705611520000076, -32.912350250000245 ], [ -68.702694430000065, -32.908831340000226 ], [ -68.700131160000083, -32.905750300000228 ], [ -68.697991200000089, -32.903160360000257 ], [ -68.697211497589436, -32.90218886273896 ] ] ] } },
{ "type": "Feature", "properties": { "fid": 157, "TIPO": "PAVIMENTO", "NAME_1": "RP 24", "NAME_2": "CARRIL LAVALLE", "TIPO_1": "RP", "N": 24, "JURISDIC": "DPV", "REFER": null, "JERAREFER": null }, "geometry": { "type": "MultiLineString", "coordinates": [ [ [ -68.74968807000009, -32.862853540000245 ], [ -68.750634320000088, -32.862721960000236 ], [ -68.753041, -32.86238791000023 ], [ -68.754918320000073, -32.862106680000238 ], [ -68.755113080000086, -32.862065990000218 ], [ -68.755240920000077, -32.862030300000235 ], [ -68.755417530000088, -32.861953640000259 ], [ -68.755901760000071, -32.861718440000224 ], [ -68.756052270000069, -32.861665150000249 ], [ -68.756235890000085, -32.861623450000238 ], [ -68.75642403000009, -32.861585570000258 ], [ -68.756634750000075, -32.861576420000233 ], [ -68.756831840000103, -32.861578720000225 ], [ -68.757067370000087, -32.861607860000241 ], [ -68.758210940000097, -32.861797450000239 ], [ -68.759028390000083, -32.861948170000247 ], [ -68.760622630000086, -32.86220362000023 ], [ -68.762529440000066, -32.862492150000236 ], [ -68.763530420000066, -32.862639360000237 ], [ -68.764488450000073, -32.862752060000211 ], [ -68.767545250000097, -32.863396400000241 ], [ -68.768462230000097, -32.863617990000243 ], [ -68.769834400000065, -32.863911150000234 ], [ -68.770004330000091, -32.863909550000244 ], [ -68.77015846000009, -32.863881160000233 ], [ -68.770267290000078, -32.863846940000236 ], [ -68.770353480000068, -32.863812680000251 ], [ -68.770473700000068, -32.863755540000234 ], [ -68.770599030000071, -32.863688410000236 ], [ -68.771429890000078, -32.86306912000024 ], [ -68.7717996800001, -32.862825660000254 ], [ -68.772009360000084, -32.862709780000245 ], [ -68.77219962000008, -32.862647350000231 ], [ -68.772381530000104, -32.862612800000228 ], [ -68.772544110000084, -32.862601470000222 ], [ -68.772673530000091, -32.862624960000218 ], [ -68.772866280000073, -32.862667160000271 ], [ -68.77416314000007, -32.862960150000255 ], [ -68.775115080000077, -32.863163590000219 ], [ -68.775264520000064, -32.863200180000227 ], [ -68.775404860000066, -32.863248240000232 ], [ -68.775916710000104, -32.863505060000243 ], [ -68.77653580000009, -32.863822390000237 ], [ -68.777295570000078, -32.864307100000211 ] ] ] } },
{ "type": "Feature", "properties": { "fid": 158, "TIPO": "PAVIMENTO", "NAME_1": "RP 23", "NAME_2": "ARISTOBULO DEL VALLE", "TIPO_1": "RP", "N": 23, "JURISDIC": "DPV", "REFER": null, "JERAREFER": null }, "geometry": { "type": "MultiLineString", "coordinates": [ [ [ -68.777281350000095, -32.857650300000238 ], [ -68.777609080000076, -32.858943420000251 ], [ -68.777986820000066, -32.860435470000233 ], [ -68.778036200000074, -32.860880610000265 ], [ -68.778041340000101, -32.861070000000225 ], [ -68.778015470000071, -32.861320880000214 ], [ -68.777723320000078, -32.862624730000235 ], [ -68.777445320000098, -32.863869420000242 ], [ -68.777360490000092, -32.864143870000234 ], [ -68.777295570000078, -32.864307100000211 ] ] ] } },
{ "type": "Feature", "properties": { "fid": 159, "TIPO": "PAVIMENTO", "NAME_1": "RP 24", "NAME_2": "MATHUS HOYOS", "TIPO_1": "RP", "N": 24, "JURISDIC": "DPV", "REFER": null, "JERAREFER": null }, "geometry": { "type": "MultiLineString", "coordinates": [ [ [ -68.777286380000078, -32.864307080000231 ], [ -68.778539250000065, -32.865100320000252 ], [ -68.779094340000071, -32.86546748000022 ], [ -68.77992990000007, -32.865993500000243 ], [ -68.78033342000009, -32.866189030000236 ], [ -68.780584060000066, -32.866270030000244 ], [ -68.780856900000089, -32.866345440000259 ], [ -68.781236280000087, -32.866432280000225 ], [ -68.78156691000008, -32.86647782000022 ], [ -68.781815450000096, -32.866511970000232 ], [ -68.782099440000067, -32.86656867000022 ], [ -68.782283520000064, -32.86663643000022 ], [ -68.78258732000009, -32.866766220000251 ], [ -68.783243740000088, -32.867029630000246 ], [ -68.783461100000096, -32.867106810000251 ], [ -68.783716250000097, -32.867157830000231 ], [ -68.784011410000076, -32.86719019000023 ], [ -68.784393160000064, -32.867213330000233 ], [ -68.784834810000078, -32.86725343000024 ], [ -68.785611580000079, -32.867320330000233 ], [ -68.785996520000069, -32.867301050000258 ], [ -68.786440210000066, -32.867255310000232 ], [ -68.7870259500001, -32.867178500000229 ], [ -68.787219, -32.867208800000235 ], [ -68.78758892000009, -32.86733167000024 ], [ -68.788511090000071, -32.867672700000227 ], [ -68.789064260000075, -32.867931720000215 ], [ -68.789826590000075, -32.868293400000248 ], [ -68.790159740000092, -32.868425550000232 ], [ -68.79071071000007, -32.868527260000228 ], [ -68.791344330000086, -32.86864849000024 ], [ -68.792528910000087, -32.86887529000024 ], [ -68.793754950000093, -32.869055640000227 ], [ -68.795623990000095, -32.869279670000232 ], [ -68.798445770000086, -32.869596570000233 ], [ -68.799078070000064, -32.869674180000246 ], [ -68.800666390000089, -32.869664760000248 ], [ -68.802189320000068, -32.869719830000243 ], [ -68.802770770000066, -32.869711180000238 ], [ -68.805278270000088, -32.86959064000024 ], [ -68.805465450000099, -32.869595720000248 ], [ -68.805612870000076, -32.869627060000226 ], [ -68.805760220000067, -32.869687130000237 ], [ -68.80663291000009, -32.870088200000232 ], [ -68.807686890000085, -32.870599640000222 ], [ -68.808165640000084, -32.870868450000216 ], [ -68.809055390000069, -32.871259950000244 ], [ -68.809741240000079, -32.871512310000242 ], [ -68.81031379000008, -32.87168791000024 ], [ -68.811127360000086, -32.871899760000233 ], [ -68.811884250000091, -32.872092390000233 ], [ -68.812017520000083, -32.872111730000213 ], [ -68.812761780000073, -32.872172420000247 ], [ -68.813503690000076, -32.872266120000226 ], [ -68.814351500000072, -32.872285900000243 ], [ -68.814776320000092, -32.872330300000236 ], [ -68.815382620000065, -32.872406950000247 ], [ -68.816092640000065, -32.872492170000243 ], [ -68.816365880000106, -32.872524560000244 ], [ -68.816559350000077, -32.872545040000226 ], [ -68.816705759513454, -32.872564958987894 ], [ -68.816875131046785, -32.872598942920121 ], [ -68.817015451799278, -32.87261757927007 ], [ -68.817104248525482, -32.872598942920128 ], [ -68.81717112013412, -32.872564958987873 ], [ -68.817231414207441, -32.872516723729206 ], [ -68.81727307193087, -32.872443274585315 ], [ -68.817293900792563, -32.872375306720819 ], [ -68.817308700246954, -32.872278836203442 ], [ -68.817300238919501, -32.872107866227211 ] ] ] } },
{ "type": "Feature", "properties": { "fid": 160, "TIPO": "PAVIMENTO", "NAME_1": "RN 40", "NAME_2": null, "TIPO_1": "RN", "N": 40, "JURISDIC": "DNV", "REFER": null, "JERAREFER": null }, "geometry": { "type": "MultiLineString", "coordinates": [ [ [ -68.820783540000079, -32.897672250000227 ], [ -68.820373140000086, -32.897759530000251 ], [ -68.820206610000085, -32.897796740000238 ], [ -68.820121880000087, -32.897826910000241 ], [ -68.82004081000008, -32.897863540000237 ], [ -68.81996409000007, -32.89790634000024 ], [ -68.81989238000007, -32.897954920000217 ], [ -68.819826300000074, -32.898008880000233 ], [ -68.819766400000091, -32.898067760000245 ], [ -68.819713190000087, -32.89813104000023 ], [ -68.819667140000078, -32.89819820000023 ], [ -68.819628630000082, -32.89826866000022 ], [ -68.81959343453039, -32.898347526942622 ], [ -68.819556709958462, -32.898444545587893 ], [ -68.819514504107104, -32.898662152379892 ], [ -68.819459691313156, -32.898998702934755 ], [ -68.819403410000106, -32.899760080000235 ], [ -68.819431736788246, -32.900212532256809 ], [ -68.819546843655544, -32.901082685360777 ], [ -68.82020295000008, -32.905101050000233 ], [ -68.820280238838649, -32.9055915857912 ], [ -68.820433714661718, -32.90634800234772 ], [ -68.820649677069895, -32.907086330682247 ], [ -68.820898470000074, -32.907805170000245 ], [ -68.821496440000089, -32.909242060000231 ], [ -68.822756010000077, -32.912185030000266 ], [ -68.82312118594912, -32.913069147142018 ], [ -68.823295490633882, -32.913515871412713 ], [ -68.823484347010591, -32.914047517921496 ], [ -68.823723785564241, -32.914819333346536 ], [ -68.823926801473988, -32.915667589025205 ], [ -68.824083241551492, -32.916485181896341 ], [ -68.824186746663557, -32.917419364533949 ], [ -68.8242262118752, -32.918435319669825 ], [ -68.824201462989308, -32.919597482571703 ], [ -68.82415267310671, -32.920683600922175 ], [ -68.824084400000075, -32.921809080000237 ], [ -68.824078861069296, -32.922628579906274 ], [ -68.824126452590221, -32.923489881464072 ], [ -68.82417974703246, -32.924027432744893 ], [ -68.824242655713377, -32.924510221623464 ], [ -68.824290890972065, -32.924794151896116 ], [ -68.824390650257044, -32.925243890870497 ], [ -68.824521104269451, -32.925785572376398 ], [ -68.824604627281531, -32.92609380564874 ], [ -68.824876205688795, -32.92697007334796 ], [ -68.825138060000086, -32.927731300000218 ], [ -68.825435759920495, -32.928389235429655 ], [ -68.82580923000009, -32.929083790000227 ], [ -68.826408035138485, -32.930199926667555 ], [ -68.827456055758859, -32.93204273280017 ], [ -68.828458307696224, -32.933834014906495 ], [ -68.828762244638668, -32.93444079253554 ], [ -68.829036856736352, -32.935048118292521 ], [ -68.829304617234811, -32.935705597755984 ], [ -68.82944076324938, -32.936072091185387 ], [ -68.829587986086878, -32.93649255960915 ], [ -68.82973255891325, -32.936927455871022 ], [ -68.829987254422051, -32.937769276055604 ], [ -68.830685385117278, -32.940673393747304 ], [ -68.831258965292022, -32.943018359102318 ], [ -68.831778367462562, -32.945160745833014 ], [ -68.832466310000072, -32.948060720000257 ], [ -68.832692380000083, -32.94892878000023 ], [ -68.832863550358795, -32.949521901006655 ], [ -68.833172330000068, -32.950403840000227 ], [ -68.833461168704076, -32.951164802428615 ], [ -68.833725993463318, -32.951765312677374 ], [ -68.834278890000093, -32.952885720000239 ], [ -68.834726136198555, -32.95374390556497 ], [ -68.835419482678546, -32.955078853946873 ], [ -68.835868806778478, -32.95593627975223 ], [ -68.837039336439275, -32.958162862063631 ], [ -68.837721663711619, -32.959453832743826 ], [ -68.838455379832766, -32.960879714984955 ], [ -68.840339400199312, -32.964464552689556 ], [ -68.840799534418622, -32.965339651656024 ], [ -68.841976805985595, -32.96759354514478 ], [ -68.842160716600631, -32.967945067738391 ], [ -68.84333025695679, -32.970148036343318 ], [ -68.844079810148671, -32.971600894318442 ], [ -68.845738185938202, -32.974770865448605 ], [ -68.846155009975277, -32.975589105630341 ], [ -68.846426675446892, -32.976188391551347 ], [ -68.846650789436822, -32.976704462837098 ], [ -68.846840255717154, -32.977170847428596 ], [ -68.847122463430949, -32.97787717765484 ], [ -68.848321035272974, -32.9809141543452 ], [ -68.849766291084464, -32.984584690998943 ], [ -68.850248643708966, -32.985804943776287 ], [ -68.850584373575401, -32.986662109159909 ], [ -68.850750211154377, -32.987134888174729 ], [ -68.850903073666004, -32.987615371135739 ], [ -68.851855119229299, -32.990849812131586 ], [ -68.852462945549931, -32.992952053366594 ], [ -68.853157086138864, -32.995293975417916 ], [ -68.854422155200766, -32.999598048524462 ], [ -68.854555856990928, -33.000054891382689 ] ] ] } },
{ "type": "Feature", "properties": { "fid": 161, "TIPO": "PAVIMENTO", "NAME_1": "RP 3", "NAME_2": "URQUIZA", "TIPO_1": "RP", "N": 3, "JURISDIC": "DPV", "REFER": null, "JERAREFER": null }, "geometry": { "type": "MultiLineString", "coordinates": [ [ [ -68.796100396979611, -32.929119566498926 ], [ -68.795433325277244, -32.928113203601981 ], [ -68.793507751825786, -32.925138787338192 ], [ -68.792605533237364, -32.923766823105638 ], [ -68.791485159728992, -32.922054745486562 ], [ -68.791043950000073, -32.92130201000024 ] ] ] } },
{ "type": "Feature", "properties": { "fid": 162, "TIPO": "PAVIMENTO", "NAME_1": "RP 3", "NAME_2": "URQUIZA", "TIPO_1": "RP", "N": 3, "JURISDIC": "DPV", "REFER": null, "JERAREFER": null }, "geometry": { "type": "MultiLineString", "coordinates": [ [ [ -68.791043950000073, -32.92130201000024 ], [ -68.790892950000085, -32.920976110000218 ], [ -68.790073182156831, -32.91956405212941 ], [ -68.789519572937934, -32.918700750624673 ], [ -68.788696284772769, -32.917313438809785 ], [ -68.78667752957152, -32.914007268110623 ], [ -68.786409850000098, -32.913554830000244 ], [ -68.786070203814532, -32.912981994799779 ], [ -68.785690900000091, -32.912236250000227 ], [ -68.783832197437519, -32.908535580954442 ], [ -68.783666580000073, -32.908209900000237 ], [ -68.783631210000081, -32.908170980000236 ], [ -68.783590210000085, -32.908136220000237 ], [ -68.783544260000099, -32.908106190000233 ], [ -68.783494120000071, -32.908081390000234 ], [ -68.783440610000099, -32.908062220000218 ], [ -68.783384630000086, -32.908049010000219 ] ], [ [ -68.783666580000073, -32.908209900000237 ], [ -68.783655630000098, -32.908174160000236 ], [ -68.783651490000082, -32.908137410000244 ], [ -68.783654260000091, -32.908100570000251 ], [ -68.783663870000069, -32.908064550000226 ], [ -68.783680090000104, -32.908030260000231 ], [ -68.783702500000075, -32.907998560000244 ], [ -68.783730550000072, -32.907970220000244 ] ] ] } },
{ "type": "Feature", "properties": { "fid": 163, "TIPO": "PAVIMENTO", "NAME_1": "RP 3", "NAME_2": "URQUIZA", "TIPO_1": "RP", "N": 3, "JURISDIC": "DPV", "REFER": null, "JERAREFER": null }, "geometry": { "type": "MultiLineString", "coordinates": [ [ [ -68.796100396979611, -32.929119566498926 ], [ -68.796645784279434, -32.929935180872924 ], [ -68.797137030000101, -32.930676570000252 ], [ -68.79754635848407, -32.931273161173266 ], [ -68.797643925257304, -32.931421155716919 ], [ -68.797763417148076, -32.931652648416758 ], [ -68.79788437071339, -32.931849152283093 ], [ -68.797938818088696, -32.931916572019666 ], [ -68.798023560000104, -32.931985480000243 ], [ -68.798041866141332, -32.931998425791953 ] ] ] } },
{ "type": "Feature", "properties": { "fid": 164, "TIPO": "PAVIMENTO", "NAME_1": "RP 3", "NAME_2": "URQUIZA", "TIPO_1": "RP", "N": 3, "JURISDIC": "DPV", "REFER": null, "JERAREFER": null }, "geometry": { "type": "MultiLineString", "coordinates": [ [ [ -68.798271690000078, -32.931964680000249 ], [ -68.79826756000007, -32.931981010000236 ], [ -68.798249058502478, -32.932076808087302 ], [ -68.798243211804447, -32.932129702433471 ], [ -68.798247596827963, -32.932171360156858 ], [ -68.798262944410283, -32.932209089630028 ], [ -68.798311179668985, -32.932325840881148 ], [ -68.79838024378931, -32.932452184371229 ], [ -68.798486215190962, -32.932640740382425 ], [ -68.798606072500434, -32.932803717089733 ], [ -68.798808514419434, -32.933115784596644 ], [ -68.799272040000091, -32.933821510000229 ], [ -68.800049520000073, -32.934955240000249 ] ] ] } },
{ "type": "Feature", "properties": { "fid": 165, "TIPO": "PAVIMENTO", "NAME_1": "RP 3", "NAME_2": "URQUIZA", "TIPO_1": "RP", "N": 3, "JURISDIC": "DPV", "REFER": null, "JERAREFER": null }, "geometry": { "type": "MultiLineString", "coordinates": [ [ [ -68.800049520000073, -32.934955240000249 ], [ -68.8020637300001, -32.937890030000226 ] ] ] } },
{ "type": "Feature", "properties": { "fid": 166, "TIPO": "PAVIMENTO", "NAME_1": "RP 4", "NAME_2": "RODRIGUEZ PENA", "TIPO_1": "RP", "N": 4, "JURISDIC": "DPV", "REFER": null, "JERAREFER": null }, "geometry": { "type": "MultiLineString", "coordinates": [ [ [ -68.798041866141332, -32.931998425791953 ], [ -68.797741126611868, -32.93205762360941 ], [ -68.79654547686647, -32.932253487993137 ], [ -68.795804407892234, -32.93241500302598 ], [ -68.791922200405992, -32.933347551360391 ] ] ] } },
{ "type": "Feature", "properties": { "fid": 167, "TIPO": "PAVIMENTO", "NAME_1": "RP 4", "NAME_2": "RODRIGUEZ PENA", "TIPO_1": "RP", "N": 4, "JURISDIC": "DPV", "REFER": null, "JERAREFER": null }, "geometry": { "type": "MultiLineString", "coordinates": [ [ [ -68.824105897793004, -32.926053475837264 ], [ -68.823200390436909, -32.926341243005496 ], [ -68.822844107276239, -32.926450868593385 ], [ -68.82251084548902, -32.926546242854869 ], [ -68.821888172149713, -32.926757272111566 ], [ -68.820569376327285, -32.927198789166852 ], [ -68.820079620000072, -32.927315870000228 ], [ -68.818460728144032, -32.927586315620104 ], [ -68.81641182590613, -32.927916288639707 ], [ -68.814374982482917, -32.928265994265111 ], [ -68.813217336274676, -32.928483052929145 ], [ -68.80984722000008, -32.929259910000226 ], [ -68.807509131912553, -32.92987584602345 ], [ -68.805231112195997, -32.930484816164252 ], [ -68.802659570000088, -32.93106129000023 ], [ -68.800710880000082, -32.931485250000236 ], [ -68.799299900000065, -32.931777350000232 ], [ -68.798417510000064, -32.931939130000224 ], [ -68.798041866141332, -32.931998425791953 ] ] ] } },
{ "type": "Feature", "properties": { "fid": 168, "TIPO": "PAVIMENTO", "NAME_1": "RP 25", "NAME_2": "BUENOS VECINOS", "TIPO_1": "RP", "N": 25, "JURISDIC": "DPV", "REFER": null, "JERAREFER": null }, "geometry": { "type": "MultiLineString", "coordinates": [ [ [ -68.734198660000089, -32.909117540000231 ], [ -68.734436950000088, -32.909586260000239 ], [ -68.735429698806868, -32.91190263226855 ], [ -68.736243078521355, -32.91383016618245 ], [ -68.737214030974144, -32.916097398511354 ], [ -68.737683351330091, -32.917217301475667 ], [ -68.737741810000074, -32.917368640000234 ], [ -68.737748540000069, -32.917494350000233 ], [ -68.737729290000075, -32.917604050000222 ], [ -68.737653110000082, -32.917767500000245 ], [ -68.737472650000072, -32.917996570000241 ], [ -68.736729180000083, -32.919024540000244 ], [ -68.736634150000086, -32.91916001000024 ], [ -68.736560530000091, -32.919257630000246 ], [ -68.736512560000079, -32.91932265000024 ], [ -68.736470750000066, -32.919390630000244 ], [ -68.736435340000071, -32.919461150000231 ], [ -68.736406540000075, -32.919533790000244 ], [ -68.736384530000095, -32.919608090000231 ], [ -68.736369450000083, -32.91968361000022 ], [ -68.73636139000007, -32.919759890000229 ], [ -68.736360390000087, -32.919836470000234 ], [ -68.736366470000092, -32.919912880000226 ], [ -68.736379580000076, -32.919988670000237 ], [ -68.736399640000073, -32.920063360000235 ], [ -68.736489040000095, -32.920229150000239 ] ] ] } },
{ "type": "Feature", "properties": { "fid": 169, "TIPO": "PAVIMENTO", "NAME_1": "RP 25", "NAME_2": "TORRONTEGUI", "TIPO_1": "RP", "N": 25, "JURISDIC": "DPV", "REFER": null, "JERAREFER": null }, "geometry": { "type": "MultiLineString", "coordinates": [ [ [ -68.736489040000095, -32.920229150000239 ], [ -68.737365390000065, -32.921474020000247 ], [ -68.738076690000071, -32.922538970000218 ], [ -68.738531460000075, -32.923156440000241 ] ] ] } },
{ "type": "Feature", "properties": { "fid": 170, "TIPO": "PAVIMENTO", "NAME_1": "RP 25", "NAME_2": "BUENOS VECINOS", "TIPO_1": "RP", "N": 25, "JURISDIC": "DPV", "REFER": null, "JERAREFER": null }, "geometry": { "type": "MultiLineString", "coordinates": [ [ [ -68.734198660000089, -32.909117540000231 ], [ -68.733789200000089, -32.908237000000256 ], [ -68.732590090000073, -32.905662810000216 ], [ -68.731420150000076, -32.903198630000233 ], [ -68.72858371000008, -32.897095080000241 ], [ -68.72781920000007, -32.895490140000248 ] ] ] } },
{ "type": "Feature", "properties": { "fid": 171, "TIPO": "PAVIMENTO", "NAME_1": "RP 20", "NAME_2": "CARRIL GODOY CRUZ", "TIPO_1": "RP", "N": 20, "JURISDIC": "DPV", "REFER": null, "JERAREFER": null }, "geometry": { "type": "MultiLineString", "coordinates": [ [ [ -68.734197010000074, -32.909134450000231 ], [ -68.730435110000101, -32.90968113000023 ], [ -68.727836170000074, -32.910048390000235 ], [ -68.725903360000089, -32.91031347000024 ], [ -68.723774030000087, -32.910591900000234 ] ] ] } },
{ "type": "Feature", "properties": { "fid": 172, "TIPO": "PAVIMENTO", "NAME_1": "RP 20", "NAME_2": "CARRIL GODOY CRUZ", "TIPO_1": "RP", "N": 20, "JURISDIC": "DPV", "REFER": null, "JERAREFER": null }, "geometry": { "type": "MultiLineString", "coordinates": [ [ [ -68.723774030000087, -32.910591900000234 ], [ -68.720148580000071, -32.911092790000232 ], [ -68.717391850000084, -32.911475330000265 ], [ -68.71356728000012, -32.912023150000245 ], [ -68.710669740000085, -32.912425680000233 ], [ -68.708232792629161, -32.912762474886662 ], [ -68.707700497126595, -32.912835184273476 ], [ -68.707324395466514, -32.912889515690821 ], [ -68.707186801623422, -32.912912493695181 ], [ -68.706987140000066, -32.912929280000256 ], [ -68.70685012000007, -32.912928960000237 ], [ -68.706735450000082, -32.912923250000226 ], [ -68.706621550000094, -32.912910600000231 ], [ -68.706509030000092, -32.912891080000222 ], [ -68.706398460000074, -32.912864790000228 ], [ -68.706290420000087, -32.912831880000226 ], [ -68.706185460000071, -32.912792500000265 ], [ -68.706109386210329, -32.912757754272405 ], [ -68.706014088361329, -32.91270206556522 ], [ -68.705913430426136, -32.912632941227571 ], [ -68.705762720000081, -32.912501260000241 ], [ -68.705611520000076, -32.912350250000245 ] ] ] } },
{ "type": "Feature", "properties": { "fid": 173, "TIPO": "PAVIMENTO", "NAME_1": "RP 5", "NAME_2": "CARRIL PONCE", "TIPO_1": "RP", "N": 5, "JURISDIC": "DPV", "REFER": null, "JERAREFER": null }, "geometry": { "type": "MultiLineString", "coordinates": [ [ [ -68.738531460000075, -32.923156440000241 ], [ -68.739506870000071, -32.92452122000023 ], [ -68.741803530000084, -32.92772780000022 ], [ -68.743595280000065, -32.930255550000233 ], [ -68.744111510000067, -32.931002350000234 ] ] ] } },
{ "type": "Feature", "properties": { "fid": 174, "TIPO": "PAVIMENTO", "NAME_1": "RP 20", "NAME_2": "CARRIL GODOY CRUZ", "TIPO_1": "RP", "N": 20, "JURISDIC": "DPV", "REFER": null, "JERAREFER": null }, "geometry": { "type": "MultiLineString", "coordinates": [ [ [ -68.739411560000065, -32.908402350000244 ], [ -68.737956070000067, -32.908612980000228 ], [ -68.735523720000089, -32.908960030000245 ], [ -68.734197010000074, -32.909134450000231 ] ] ] } },
{ "type": "Feature", "properties": { "fid": 175, "TIPO": "PAVIMENTO", "NAME_1": "RP 5", "NAME_2": "CARRIL PONCE", "TIPO_1": "RP", "N": 5, "JURISDIC": "DPV", "REFER": null, "JERAREFER": null }, "geometry": { "type": "MultiLineString", "coordinates": [ [ [ -68.748741920000072, -32.940472860000227 ], [ -68.748738210000084, -32.940421310000232 ], [ -68.748740060000102, -32.940369690000217 ], [ -68.748747470000083, -32.940318430000239 ], [ -68.74876037000007, -32.940267940000233 ], [ -68.748778650000091, -32.94021865000024 ], [ -68.749185950000083, -32.939435730000234 ], [ -68.749343600000103, -32.93914901000025 ], [ -68.749366500000079, -32.939041100000232 ], [ -68.749368590000074, -32.938964890000243 ], [ -68.74935392000009, -32.938828320000226 ], [ -68.749309060000101, -32.938710750000226 ], [ -68.749222900000078, -32.938550220000245 ], [ -68.748913490000078, -32.938106630000235 ], [ -68.748817870000067, -32.937963550000227 ], [ -68.74804162000008, -32.936820450000226 ], [ -68.747810960000095, -32.936496100000241 ], [ -68.746773110000078, -32.934977150000229 ], [ -68.746563390000077, -32.934675440000227 ] ] ] } },
{ "type": "Feature", "properties": { "fid": 176, "TIPO": "PAVIMENTO", "NAME_1": "RP 5", "NAME_2": "CARRIL PONCE", "TIPO_1": "RP", "N": 5, "JURISDIC": "DPV", "REFER": null, "JERAREFER": null }, "geometry": { "type": "MultiLineString", "coordinates": [ [ [ -68.744111510000067, -32.931002350000234 ], [ -68.745258210000074, -32.932749380000224 ], [ -68.746059840000072, -32.93388568000023 ], [ -68.746563390000077, -32.934675440000227 ] ] ] } },
{ "type": "Feature", "properties": { "fid": 177, "TIPO": "PAVIMENTO", "NAME_1": "RP 5", "NAME_2": "URQUIZA", "TIPO_1": "RP", "N": 5, "JURISDIC": "DPV", "REFER": null, "JERAREFER": null }, "geometry": { "type": "MultiLineString", "coordinates": [ [ [ -68.748741920000072, -32.940472860000227 ], [ -68.748755190000082, -32.940556390000232 ], [ -68.748795310000077, -32.940693100000232 ], [ -68.749993336382431, -32.942889545240817 ], [ -68.75007738266649, -32.942995516642476 ], [ -68.750126348762407, -32.943047040668787 ], [ -68.750175314858339, -32.943096737601948 ], [ -68.750224280954271, -32.943135471976341 ], [ -68.750273977887446, -32.943163974629215 ], [ -68.750336829891197, -32.943198323980084 ], [ -68.750405528592935, -32.943223903283936 ], [ -68.750483728178978, -32.943246559238773 ], [ -68.750568505300294, -32.943261175983821 ], [ -68.750660590794112, -32.943270676868103 ], [ -68.750764280000084, -32.943275530000221 ], [ -68.750933193089367, -32.943272869379847 ] ] ] } },
{ "type": "Feature", "properties": { "fid": 178, "TIPO": "PAVIMENTO", "NAME_1": "RP 5", "NAME_2": "URQUIZA", "TIPO_1": "RP", "N": 5, "JURISDIC": "DPV", "REFER": null, "JERAREFER": null }, "geometry": { "type": "MultiLineString", "coordinates": [ [ [ -68.750044040000105, -32.943999440000226 ], [ -68.750110202283622, -32.943931361345861 ], [ -68.750195300000073, -32.943821280000236 ], [ -68.750261790000081, -32.943727110000211 ], [ -68.750337138436862, -32.943625393712196 ], [ -68.750403370474416, -32.943534984949288 ], [ -68.750454850000068, -32.943480180000222 ], [ -68.750510350000056, -32.943438650000239 ], [ -68.75057053000009, -32.943402040000237 ], [ -68.750634790000106, -32.943370750000234 ], [ -68.750702470000078, -32.943345090000236 ], [ -68.750933193089367, -32.943272869379847 ] ], [ [ -68.750044040000105, -32.943999440000226 ], [ -68.749560490000064, -32.944998560000244 ], [ -68.749331370000064, -32.94549351000024 ], [ -68.748859950000067, -32.946468270000231 ], [ -68.748805177718793, -32.946588312576637 ], [ -68.748778867577698, -32.946648241231358 ], [ -68.748761327483649, -32.946707439048836 ], [ -68.74875182659936, -32.946774676076075 ], [ -68.748750364924859, -32.946837528079818 ], [ -68.74875182659936, -32.946893071711024 ], [ -68.748766443344394, -32.946977666123004 ], [ -68.748784714275729, -32.947040518126748 ], [ -68.748815409440326, -32.947107572444672 ], [ -68.748857798000984, -32.947183579518956 ], [ -68.750424713070743, -32.949524816657906 ] ] ] } },
{ "type": "Feature", "properties": { "fid": 179, "TIPO": "PAVIMENTO", "NAME_1": "RP 5", "NAME_2": "URQUIZA", "TIPO_1": "RP", "N": 5, "JURISDIC": "DPV", "REFER": null, "JERAREFER": null }, "geometry": { "type": "MultiLineString", "coordinates": [ [ [ -68.750424713070743, -32.949524816657906 ], [ -68.750662235177884, -32.949856982189246 ], [ -68.750728741367865, -32.949965146102649 ], [ -68.750797440069633, -32.950088474889043 ], [ -68.750847867840065, -32.950189878557836 ], [ -68.750888794726194, -32.950296580796746 ], [ -68.750921682402577, -32.950391406930287 ], [ -68.750951646729959, -32.950499388134361 ], [ -68.750986726918072, -32.950644824747627 ], [ -68.751154088648903, -32.951385345593934 ], [ -68.751212555629138, -32.951575911407581 ], [ -68.751294409401424, -32.951824030654855 ], [ -68.751990166466015, -32.953726765442212 ] ] ] } },
{ "type": "Feature", "properties": { "fid": 180, "TIPO": "PAVIMENTO", "NAME_1": "RP 5", "NAME_2": "URQUIZA", "TIPO_1": "RP", "N": 5, "JURISDIC": "DPV", "REFER": null, "JERAREFER": null }, "geometry": { "type": "MultiLineString", "coordinates": [ [ [ -68.751990166466015, -32.953726765442212 ], [ -68.75205521098151, -32.953835660192851 ], [ -68.752188930000074, -32.954015750000238 ], [ -68.752612839805323, -32.954464362939461 ], [ -68.752714060764831, -32.954576546457758 ], [ -68.752753160557816, -32.954625877972333 ], [ -68.752797010793003, -32.95469311499955 ], [ -68.75283757226056, -32.954775516899794 ], [ -68.753063035552984, -32.955283266081082 ], [ -68.753138311790025, -32.955443319439439 ], [ -68.753224550585841, -32.955613969937936 ], [ -68.753334176173738, -32.955820796880438 ], [ -68.754465512240898, -32.957978045741037 ], [ -68.754506804545684, -32.958065654856718 ] ] ] } },
{ "type": "Feature", "properties": { "fid": 181, "TIPO": "PAVIMENTO", "NAME_1": "RP 4", "NAME_2": "RODRIGUEZ PENA", "TIPO_1": "RP", "N": 4, "JURISDIC": "DPV", "REFER": null, "JERAREFER": null }, "geometry": { "type": "MultiLineString", "coordinates": [ [ [ -68.770886511762043, -32.938486798921282 ], [ -68.763778388642464, -32.940172109625991 ], [ -68.758033459708471, -32.941576961534999 ], [ -68.750933193089367, -32.943272869379847 ], [ -68.750403336081192, -32.943400035061821 ] ] ] } },
{ "type": "Feature", "properties": { "fid": 182, "TIPO": "PAVIMENTO", "NAME_1": "RP 4", "NAME_2": "RODRIGUEZ PENA", "TIPO_1": "RP", "N": 4, "JURISDIC": "DPV", "REFER": null, "JERAREFER": null }, "geometry": { "type": "MultiLineString", "coordinates": [ [ [ -68.750403336081192, -32.943400035061821 ], [ -68.749749054030758, -32.943550678890546 ], [ -68.744678650000068, -32.944746740000234 ], [ -68.737306549803762, -32.946413368409331 ], [ -68.734251650087558, -32.947109125473887 ], [ -68.730235699384039, -32.948051905529823 ], [ -68.729045896336658, -32.948366165548485 ], [ -68.728187893402009, -32.948583589631184 ], [ -68.727764007795443, -32.948699610045026 ], [ -68.727546218294137, -32.948769770421293 ], [ -68.72734231470065, -32.948849431681857 ], [ -68.7270835983132, -32.948970019828558 ], [ -68.726811100000077, -32.949113840000223 ], [ -68.726477734230713, -32.949315888558381 ], [ -68.726094590000073, -32.949565440000221 ], [ -68.725632155529397, -32.949828753600457 ] ] ] } },
{ "type": "Feature", "properties": { "fid": 183, "TIPO": "PAVIMENTO", "NAME_1": "RP 4", "NAME_2": "RODRIGUEZ PENA", "TIPO_1": "RP", "N": 4, "JURISDIC": "DPV", "REFER": null, "JERAREFER": null }, "geometry": { "type": "MultiLineString", "coordinates": [ [ [ -68.779956970000086, -32.936225570000218 ], [ -68.776587520000092, -32.93701360000022 ], [ -68.772398220000071, -32.938088310000211 ], [ -68.770886511762043, -32.938486798921282 ] ] ] } },
{ "type": "Feature", "properties": { "fid": 184, "TIPO": "PAVIMENTO", "NAME_1": "RP 4", "NAME_2": "RODRIGUEZ PENA", "TIPO_1": "RP", "N": 4, "JURISDIC": "DPV", "REFER": null, "JERAREFER": null }, "geometry": { "type": "MultiLineString", "coordinates": [ [ [ -68.791922200405992, -32.933347551360391 ], [ -68.79020180951315, -32.933761205245439 ], [ -68.785693500000065, -32.934852950000227 ] ] ] } },
{ "type": "Feature", "properties": { "fid": 185, "TIPO": "PAVIMENTO", "NAME_1": "RP 4", "NAME_2": "RODRIGUEZ PENA", "TIPO_1": "RP", "N": 4, "JURISDIC": "DPV", "REFER": null, "JERAREFER": null }, "geometry": { "type": "MultiLineString", "coordinates": [ [ [ -68.785693500000065, -32.934852950000227 ], [ -68.779956970000086, -32.936225570000218 ] ] ] } },
{ "type": "Feature", "properties": { "fid": 186, "TIPO": "PAVIMENTO", "NAME_1": "RP 6", "NAME_2": "CARRIL GOMEZ", "TIPO_1": "RP", "N": 6, "JURISDIC": "DPV", "REFER": null, "JERAREFER": null }, "geometry": { "type": "MultiLineString", "coordinates": [ [ [ -68.743212260000078, -32.965383070000236 ], [ -68.73329075000008, -32.967544270000253 ], [ -68.726956090000087, -32.968905120000244 ], [ -68.723681620000065, -32.969620740000238 ] ] ] } },
{ "type": "Feature", "properties": { "fid": 187, "TIPO": "PAVIMENTO", "NAME_1": "RP 4", "NAME_2": "RODRIGUEZ PENA", "TIPO_1": "RP", "N": 4, "JURISDIC": "DPV", "REFER": null, "JERAREFER": null }, "geometry": { "type": "MultiLineString", "coordinates": [ [ [ -68.726355490000103, -32.94898699000025 ], [ -68.726222680000078, -32.949018070000243 ], [ -68.720311900000084, -32.950401150000232 ] ] ] } },
{ "type": "Feature", "properties": { "fid": 188, "TIPO": "PAVIMENTO", "NAME_1": "RP 27", "NAME_2": "SEVERO DEL CASTILLO", "TIPO_1": "RP", "N": 27, "JURISDIC": "DPV", "REFER": null, "JERAREFER": null }, "geometry": { "type": "MultiLineString", "coordinates": [ [ [ -68.694833982267653, -32.899317152193859 ], [ -68.693091601673814, -32.897213332081073 ], [ -68.692159944804374, -32.896119981930632 ] ] ] } },
{ "type": "Feature", "properties": { "fid": 189, "TIPO": "PAVIMENTO", "NAME_1": "RP 27", "NAME_2": "SEVERO DEL CASTILLO", "TIPO_1": "RP", "N": 27, "JURISDIC": "DPV", "REFER": null, "JERAREFER": null }, "geometry": { "type": "MultiLineString", "coordinates": [ [ [ -68.697211497589436, -32.90218886273896 ], [ -68.696314566731274, -32.901094615097627 ], [ -68.694833982267653, -32.899317152193859 ] ] ] } },
{ "type": "Feature", "properties": { "fid": 190, "TIPO": "PAVIMENTO", "NAME_1": "RP 20", "NAME_2": "25 DE MAYO", "TIPO_1": "RP", "N": 20, "JURISDIC": "DPV", "REFER": null, "JERAREFER": null }, "geometry": { "type": "MultiLineString", "coordinates": [ [ [ -68.671821240000071, -32.911155840000248 ], [ -68.670720096183899, -32.911506902468609 ], [ -68.669099067424796, -32.911942216980577 ], [ -68.667679282077302, -32.912335041686731 ], [ -68.667174610479989, -32.912469877871906 ], [ -68.666230479287094, -32.912720605422798 ], [ -68.66596680748323, -32.912789185095363 ] ] ] } },
{ "type": "Feature", "properties": { "fid": 191, "TIPO": "PAVIMENTO", "NAME_1": "RP 33", "NAME_2": "LAS MARGARITAS", "TIPO_1": "RP", "N": 33, "JURISDIC": "DPV", "REFER": null, "JERAREFER": null }, "geometry": { "type": "MultiLineString", "coordinates": [ [ [ -68.558197907089905, -32.928339013330287 ], [ -68.556401460000075, -32.919481800000234 ] ] ] } },
{ "type": "Feature", "properties": { "fid": 192, "TIPO": "PAVIMENTO", "NAME_1": "RP 31", "NAME_2": "LA CENTRAL", "TIPO_1": "RP", "N": 31, "JURISDIC": "DPV", "REFER": null, "JERAREFER": null }, "geometry": { "type": "MultiLineString", "coordinates": [ [ [ -68.574645330000081, -32.895202570000222 ], [ -68.573184360000099, -32.894260620000225 ] ] ] } },
{ "type": "Feature", "properties": { "fid": 193, "TIPO": "PAVIMENTO", "NAME_1": "RP 31", "NAME_2": "LA CENTRAL", "TIPO_1": "RP", "N": 31, "JURISDIC": "DPV", "REFER": null, "JERAREFER": null }, "geometry": { "type": "MultiLineString", "coordinates": [ [ [ -68.574645330000081, -32.895202570000222 ], [ -68.573184360000099, -32.894260620000225 ] ] ] } },
{ "type": "Feature", "properties": { "fid": 194, "TIPO": "PAVIMENTO", "NAME_1": "RP 27", "NAME_2": "DORREGO", "TIPO_1": "RP", "N": 27, "JURISDIC": "DPV", "REFER": null, "JERAREFER": null }, "geometry": { "type": "MultiLineString", "coordinates": [ [ [ -68.596448458174763, -32.757052426838143 ], [ -68.596488534214558, -32.756891450760797 ], [ -68.596477430301917, -32.756695132115631 ], [ -68.59640365037589, -32.756306634283881 ], [ -68.595176532617174, -32.750348843431937 ], [ -68.59514914482402, -32.750042806623036 ], [ -68.595156279449967, -32.749525655369368 ], [ -68.595204136419568, -32.74636603106795 ], [ -68.59522810051827, -32.742749843352406 ], [ -68.595285286092803, -32.739604105177634 ], [ -68.595345488187547, -32.73554263888272 ] ] ] } },
{ "type": "Feature", "properties": { "fid": 195, "TIPO": "PAVIMENTO", "NAME_1": "RP 28", "NAME_2": "JUAN DE LA RETA/LAS VIOLETAS", "TIPO_1": "RP", "N": 28, "JURISDIC": "DPV", "REFER": null, "JERAREFER": null }, "geometry": { "type": "MultiLineString", "coordinates": [ [ [ -68.666066150000091, -32.805999080000234 ], [ -68.641577630000072, -32.813584890000236 ], [ -68.631243560000087, -32.814747470000221 ] ] ] } },
{ "type": "Feature", "properties": { "fid": 196, "TIPO": "PAVIMENTO", "NAME_1": "RP 24", "NAME_2": null, "TIPO_1": "RP", "N": 24, "JURISDIC": "DPV", "REFER": null, "JERAREFER": null }, "geometry": { "type": "MultiLineString", "coordinates": [ [ [ -68.66467487000007, -32.803705590000241 ], [ -68.655451370000094, -32.788114010000221 ] ] ] } },
{ "type": "Feature", "properties": { "fid": 197, "TIPO": "PAVIMENTO", "NAME_1": "RP 28", "NAME_2": "CARRIL LAVALLE", "TIPO_1": "RP", "N": 28, "JURISDIC": "DPV", "REFER": null, "JERAREFER": null }, "geometry": { "type": "MultiLineString", "coordinates": [ [ [ -68.683529270000065, -32.816657800000264 ], [ -68.684008470000066, -32.81678773000025 ], [ -68.685811400000091, -32.81727918000022 ], [ -68.689523980000075, -32.818298350000234 ], [ -68.692777890000073, -32.819190040000237 ], [ -68.696629400000091, -32.820227360000224 ], [ -68.700124942218977, -32.821183986618998 ] ] ] } },
{ "type": "Feature", "properties": { "fid": 198, "TIPO": "PAVIMENTO", "NAME_1": "RP 28", "NAME_2": "CARRIL LAVALLE", "TIPO_1": "RP", "N": 28, "JURISDIC": "DPV", "REFER": null, "JERAREFER": null }, "geometry": { "type": "MultiLineString", "coordinates": [ [ [ -68.700124942218977, -32.821183986618998 ], [ -68.712003870000075, -32.824501660000237 ], [ -68.716778000000119, -32.825871000000284 ] ] ] } },
{ "type": "Feature", "properties": { "fid": 199, "TIPO": "PAVIMENTO", "NAME_1": "RP 23", "NAME_2": "Paso Hondo", "TIPO_1": "RP", "N": 23, "JURISDIC": "DPV", "REFER": null, "JERAREFER": null }, "geometry": { "type": "MultiLineString", "coordinates": [ [ [ -68.779850570000079, -32.808694900000233 ], [ -68.779806430000065, -32.808750570000242 ], [ -68.779675010000076, -32.808916300000242 ], [ -68.779482970000075, -32.809137250000241 ], [ -68.779265710000104, -32.809370920000234 ], [ -68.779114290000081, -32.809468530000217 ], [ -68.778937730000081, -32.809544810000226 ], [ -68.778766290000064, -32.809587060000226 ], [ -68.777692580000064, -32.80973411000025 ], [ -68.775246540000069, -32.810042850000229 ], [ -68.773238320000104, -32.810363840000228 ], [ -68.770994600000066, -32.810909800000232 ], [ -68.768825550000102, -32.811473880000221 ], [ -68.766716100000068, -32.81207168000023 ], [ -68.766335020000085, -32.812205450000249 ] ] ] } },
{ "type": "Feature", "properties": { "fid": 200, "TIPO": "PAVIMENTO", "NAME_1": "RP 23", "NAME_2": "Paso Hondo", "TIPO_1": "RP", "N": 23, "JURISDIC": "DPV", "REFER": null, "JERAREFER": null }, "geometry": { "type": "MultiLineString", "coordinates": [ [ [ -68.766335020000085, -32.812205450000249 ], [ -68.766024960000095, -32.812359760000234 ], [ -68.765863420000088, -32.812465850000237 ], [ -68.765469470000085, -32.812801300000231 ], [ -68.764221330000069, -32.814092620000238 ], [ -68.76288240000008, -32.815400780000246 ], [ -68.760664030000072, -32.817541140000245 ], [ -68.7580988200001, -32.819997930000234 ], [ -68.757430660000082, -32.820645230000231 ], [ -68.757292880000065, -32.820803900000229 ], [ -68.757237480000072, -32.820882760000245 ], [ -68.75718886000007, -32.820964760000244 ], [ -68.757147290000091, -32.821049480000234 ], [ -68.757112960000072, -32.821136480000227 ], [ -68.757086060000091, -32.821225320000252 ], [ -68.757066720000068, -32.821315560000237 ], [ -68.757055040000068, -32.821406730000241 ], [ -68.757051080000068, -32.821498370000242 ], [ -68.757054860000082, -32.821590010000229 ], [ -68.757066360000081, -32.821681200000256 ], [ -68.757085520000089, -32.821771460000207 ], [ -68.757112240000097, -32.821860340000228 ], [ -68.757146390000088, -32.821947390000233 ], [ -68.757187800000096, -32.822032160000234 ], [ -68.757365300000075, -32.82223439000024 ], [ -68.758887660000099, -32.823633320000248 ], [ -68.759741060000081, -32.824404000000243 ], [ -68.76010301000008, -32.82482850000023 ], [ -68.762666170000074, -32.828809870000228 ], [ -68.763847220000073, -32.830480250000235 ] ] ] } },
{ "type": "Feature", "properties": { "fid": 201, "TIPO": "PAVIMENTO", "NAME_1": "RP 23", "NAME_2": "Paso Hondo", "TIPO_1": "RP", "N": 23, "JURISDIC": "DPV", "REFER": null, "JERAREFER": null }, "geometry": { "type": "MultiLineString", "coordinates": [ [ [ -68.763847220000073, -32.830480250000235 ], [ -68.764601740000089, -32.83170207000024 ], [ -68.765568850000093, -32.833204700000238 ], [ -68.767573400000089, -32.836302630000255 ], [ -68.768525080000074, -32.837752310000241 ], [ -68.769055570000077, -32.838546670000227 ], [ -68.769326060000068, -32.838815570000243 ], [ -68.769518150000067, -32.838969870000241 ], [ -68.769713760000073, -32.839070010000242 ], [ -68.769926340000083, -32.839138830000252 ] ] ] } },
{ "type": "Feature", "properties": { "fid": 202, "TIPO": "PAVIMENTO", "NAME_1": "RP 28", "NAME_2": "LAVALLE", "TIPO_1": "RP", "N": 28, "JURISDIC": "DPV", "REFER": null, "JERAREFER": null }, "geometry": { "type": "MultiLineString", "coordinates": [ [ [ -68.726409340000103, -32.828511380000243 ], [ -68.72680358000008, -32.828619520000217 ], [ -68.72689279050924, -32.828650339906943 ], [ -68.727261507919451, -32.828797089093861 ], [ -68.727463751648614, -32.828915113021843 ], [ -68.727671393879135, -32.829066373793658 ], [ -68.727798078383472, -32.829266818162694 ], [ -68.728014190257525, -32.829657263108949 ], [ -68.728106024106225, -32.829836496670552 ], [ -68.728624242593369, -32.830873569861602 ], [ -68.729144520000077, -32.831464950000239 ], [ -68.729533000000117, -32.831698000000266 ], [ -68.73223877000008, -32.832472500000229 ], [ -68.734735780000094, -32.833208190000242 ], [ -68.736612520000079, -32.834231070000229 ], [ -68.737764160000083, -32.83486467000025 ], [ -68.740774670000064, -32.835357860000244 ], [ -68.743925760000081, -32.835826910000236 ], [ -68.745964670000077, -32.836093350000247 ], [ -68.746889630000084, -32.836203560000222 ], [ -68.748557220000066, -32.836423590000244 ], [ -68.749677980000087, -32.836562680000235 ], [ -68.754107010000084, -32.837121680000251 ], [ -68.758141050000106, -32.83765695000023 ], [ -68.762084050000084, -32.838157710000239 ], [ -68.765206670000069, -32.838582690000244 ], [ -68.767100540000072, -32.838831410000203 ], [ -68.769386120000078, -32.839095070000241 ], [ -68.769926340000083, -32.839138830000252 ] ] ] } },
{ "type": "Feature", "properties": { "fid": 203, "TIPO": "PAVIMENTO", "NAME_1": "RP 25", "NAME_2": "SAN ESTEBAN", "TIPO_1": "RP", "N": 25, "JURISDIC": "DPV", "REFER": null, "JERAREFER": null }, "geometry": { "type": "MultiLineString", "coordinates": [ [ [ -68.713059000000115, -32.792218000000261 ], [ -68.713300656308576, -32.792859282121185 ], [ -68.717515528420194, -32.803914070813128 ], [ -68.720655227450067, -32.81223470213228 ], [ -68.721354900403966, -32.814040786983774 ], [ -68.72256783602019, -32.817205831106406 ], [ -68.723796426213966, -32.82042762042434 ], [ -68.72437376311494, -32.821950241016282 ], [ -68.725313966866011, -32.824438844706862 ], [ -68.72689279050924, -32.828650339906943 ] ] ] } },
{ "type": "Feature", "properties": { "fid": 204, "TIPO": "PAVIMENTO", "NAME_1": "RP 25", "NAME_2": "BUENOS VECINOS", "TIPO_1": "RP", "N": 25, "JURISDIC": "DPV", "REFER": null, "JERAREFER": null }, "geometry": { "type": "MultiLineString", "coordinates": [ [ [ -68.72781920000007, -32.895490140000248 ], [ -68.727180100000083, -32.894126670000226 ], [ -68.72697538000007, -32.893704120000244 ], [ -68.726729370000072, -32.89303673000024 ], [ -68.726580310000074, -32.892291520000228 ], [ -68.726365160000086, -32.891159530000252 ], [ -68.726078800000082, -32.889949350000236 ], [ -68.725489130000099, -32.887575060000245 ], [ -68.725231720000068, -32.886524560000218 ] ] ] } },
{ "type": "Feature", "properties": { "fid": 205, "TIPO": "PAVIMENTO", "NAME_1": "RP 24", "NAME_2": "CARRIL LAVALLE", "TIPO_1": "RP", "N": 24, "JURISDIC": "DPV", "REFER": null, "JERAREFER": null }, "geometry": { "type": "MultiLineString", "coordinates": [ [ [ -68.705347350000082, -32.844594550000224 ], [ -68.703709720000106, -32.843931270000226 ], [ -68.701881560000089, -32.84318698000024 ], [ -68.700398790000079, -32.842589470000235 ], [ -68.699511510000093, -32.842234990000229 ], [ -68.698535, -32.841819880000237 ], [ -68.69652832000007, -32.840994540000231 ], [ -68.694366670000065, -32.84016376000023 ], [ -68.692544660000067, -32.839409280000233 ], [ -68.690847750000074, -32.838700390000255 ], [ -68.689942900000077, -32.838275320000236 ] ] ] } },
{ "type": "Feature", "properties": { "fid": 206, "TIPO": "PAVIMENTO", "NAME_1": "RP 24", "NAME_2": "CARRIL LAVALLE", "TIPO_1": "RP", "N": 24, "JURISDIC": "DPV", "REFER": null, "JERAREFER": null }, "geometry": { "type": "MultiLineString", "coordinates": [ [ [ -68.74968807000009, -32.862853540000245 ], [ -68.749481220000078, -32.862865960000235 ], [ -68.749254310000083, -32.862439410000242 ], [ -68.748561210000105, -32.861241870000235 ], [ -68.748331240000084, -32.860825570000245 ], [ -68.748249710000096, -32.860620060000237 ], [ -68.748207680000064, -32.860424900000233 ], [ -68.74816584000007, -32.860162990000234 ], [ -68.748103510000107, -32.859618690000218 ], [ -68.748018090000073, -32.859545950000246 ], [ -68.747720760000078, -32.859467800000232 ], [ -68.746260360000065, -32.859080760000211 ], [ -68.742941870000067, -32.858150710000217 ], [ -68.740991840000106, -32.857622260000234 ], [ -68.737035210000087, -32.85649129000025 ], [ -68.735137820000077, -32.855944400000247 ], [ -68.732912450000086, -32.855345080000234 ], [ -68.730446830000091, -32.854619630000236 ], [ -68.729419450000066, -32.854336740000257 ], [ -68.72887736000007, -32.854180450000236 ], [ -68.728737490000086, -32.854132140000225 ], [ -68.72862831000009, -32.854065420000232 ], [ -68.728528050000065, -32.853939640000256 ], [ -68.728471510000091, -32.85382872000023 ], [ -68.728397960000066, -32.85355527000025 ], [ -68.728293990000097, -32.853215280000242 ], [ -68.728220090000079, -32.853056310000234 ], [ -68.728179630000071, -32.853000540000238 ], [ -68.728133230000083, -32.852948160000224 ], [ -68.728081310000078, -32.852899630000238 ], [ -68.728024290000079, -32.852855350000233 ], [ -68.727962670000068, -32.852815700000249 ] ] ] } },
{ "type": "Feature", "properties": { "fid": 207, "TIPO": "PAVIMENTO", "NAME_1": "RP 25", "NAME_2": "BUENOS VECINOS", "TIPO_1": "RP", "N": 25, "JURISDIC": "DPV", "REFER": null, "JERAREFER": null }, "geometry": { "type": "MultiLineString", "coordinates": [ [ [ -68.718453040000085, -32.862214810000246 ], [ -68.717878880000072, -32.860249930000236 ], [ -68.716977600000078, -32.857102720000221 ], [ -68.716232580000067, -32.854462870000219 ], [ -68.71585986000008, -32.85321168000025 ], [ -68.715648370000082, -32.85248936000022 ], [ -68.71550720000009, -32.852059370000241 ], [ -68.715406330000064, -32.851766970000249 ], [ -68.715345940000091, -32.851547700000232 ], [ -68.715123300000073, -32.851130410000245 ], [ -68.714730360000075, -32.84984480000022 ], [ -68.714533710000097, -32.849166270000239 ] ] ] } },
{ "type": "Feature", "properties": { "fid": 208, "TIPO": "PAVIMENTO", "NAME_1": "RP 25", "NAME_2": "BUENOS VECINOS", "TIPO_1": "RP", "N": 25, "JURISDIC": "DPV", "REFER": null, "JERAREFER": null }, "geometry": { "type": "MultiLineString", "coordinates": [ [ [ -68.725231720000068, -32.886524560000218 ], [ -68.72503424000007, -32.88579242000025 ], [ -68.724979390000072, -32.88541419000024 ], [ -68.724959870000106, -32.885139160000236 ], [ -68.724854460000074, -32.884644810000239 ], [ -68.723680680000086, -32.88054320000024 ], [ -68.722743780000073, -32.87725847000025 ], [ -68.721852280000093, -32.874132810000226 ], [ -68.720713990000064, -32.870164440000231 ], [ -68.719867840000092, -32.867232210000232 ], [ -68.719324050000068, -32.865306080000259 ] ] ] } },
{ "type": "Feature", "properties": { "fid": 209, "TIPO": "PAVIMENTO", "NAME_1": "RP 23", "NAME_2": "ARISTOBULO DEL VALLE", "TIPO_1": "RP", "N": 23, "JURISDIC": "DPV", "REFER": null, "JERAREFER": null }, "geometry": { "type": "MultiLineString", "coordinates": [ [ [ -68.776193560000095, -32.85299666000023 ], [ -68.776587400000082, -32.85475862000024 ], [ -68.776995390000081, -32.856475620000246 ], [ -68.777281350000095, -32.857650300000238 ] ] ] } },
{ "type": "Feature", "properties": { "fid": 210, "TIPO": "PAVIMENTO", "NAME_1": "RP 23", "NAME_2": "ARISTOBULO DEL VALLE", "TIPO_1": "RP", "N": 23, "JURISDIC": "DPV", "REFER": null, "JERAREFER": null }, "geometry": { "type": "MultiLineString", "coordinates": [ [ [ -68.774441690000074, -32.845724050000236 ], [ -68.774812360000098, -32.847392480000273 ], [ -68.7753608700001, -32.849528780000227 ], [ -68.775818860000086, -32.851405490000239 ], [ -68.776193560000095, -32.85299666000023 ] ] ] } },
{ "type": "Feature", "properties": { "fid": 211, "TIPO": "PAVIMENTO", "NAME_1": "RP 28", "NAME_2": "LAVALLE", "TIPO_1": "RP", "N": 28, "JURISDIC": "DPV", "REFER": null, "JERAREFER": null }, "geometry": { "type": "MultiLineString", "coordinates": [ [ [ -68.769926340000083, -32.839138830000252 ], [ -68.770375250000086, -32.839228030000243 ], [ -68.771249580000088, -32.839357920000218 ], [ -68.771762700000082, -32.839432980000254 ], [ -68.772049610000096, -32.839490520000247 ], [ -68.772252080000086, -32.839547910000235 ], [ -68.772339770000102, -32.839593680000227 ], [ -68.77248536000009, -32.839675530000235 ], [ -68.772646610000081, -32.839779550000237 ], [ -68.772781360000096, -32.839910930000229 ], [ -68.772926140000067, -32.840082250000236 ] ] ] } },
{ "type": "Feature", "properties": { "fid": 212, "TIPO": "PAVIMENTO", "NAME_1": "RP 23", "NAME_2": "ARISTOBULO DEL VALLE", "TIPO_1": "RP", "N": 23, "JURISDIC": "DPV", "REFER": null, "JERAREFER": null }, "geometry": { "type": "MultiLineString", "coordinates": [ [ [ -68.772926140000067, -32.840082250000236 ], [ -68.77307406000007, -32.840344800000238 ], [ -68.77314113000007, -32.840530230000226 ], [ -68.773221460000102, -32.84081546000025 ], [ -68.7735155700001, -32.842024770000243 ], [ -68.773649340000077, -32.842546730000244 ], [ -68.773793080000061, -32.843128570000253 ], [ -68.773950140000082, -32.843787410000218 ], [ -68.774301300000076, -32.845150770000252 ], [ -68.774441690000074, -32.845724050000236 ] ] ] } },
{ "type": "Feature", "properties": { "fid": 213, "TIPO": "PAVIMENTO", "NAME_1": "RP 28", "NAME_2": "CARRIL LAVALLE", "TIPO_1": "RP", "N": 28, "JURISDIC": "DPV", "REFER": null, "JERAREFER": null }, "geometry": { "type": "MultiLineString", "coordinates": [ [ [ -68.670227840000067, -32.813000920000249 ], [ -68.670716510000091, -32.813155700000223 ], [ -68.671868590000074, -32.813465300000239 ], [ -68.675196800000066, -32.814384700000225 ], [ -68.678706450000078, -32.815349550000235 ], [ -68.681490790000083, -32.816105070000226 ], [ -68.683529270000065, -32.816657800000264 ] ] ] } },
{ "type": "Feature", "properties": { "fid": 214, "TIPO": "PAVIMENTO", "NAME_1": "RP 24", "NAME_2": null, "TIPO_1": "RP", "N": 24, "JURISDIC": "DPV", "REFER": null, "JERAREFER": null }, "geometry": { "type": "MultiLineString", "coordinates": [ [ [ -68.67762224000009, -32.82547999000024 ], [ -68.675630160000082, -32.822065080000222 ] ] ] } },
{ "type": "Feature", "properties": { "fid": 215, "TIPO": "PAVIMENTO", "NAME_1": "RP 24", "NAME_2": null, "TIPO_1": "RP", "N": 24, "JURISDIC": "DPV", "REFER": null, "JERAREFER": null }, "geometry": { "type": "MultiLineString", "coordinates": [ [ [ -68.675630160000082, -32.822065080000222 ], [ -68.670227840000067, -32.813000920000249 ], [ -68.666066150000091, -32.805999080000234 ] ] ] } },
{ "type": "Feature", "properties": { "fid": 216, "TIPO": "PAVIMENTO", "NAME_1": "RP 24", "NAME_2": null, "TIPO_1": "RP", "N": 24, "JURISDIC": "DPV", "REFER": null, "JERAREFER": null }, "geometry": { "type": "MultiLineString", "coordinates": [ [ [ -68.682391500000065, -32.830545480000232 ], [ -68.679868290000073, -32.827987080000248 ], [ -68.678370330000092, -32.826477460000234 ], [ -68.67762224000009, -32.82547999000024 ] ] ] } },
{ "type": "Feature", "properties": { "fid": 217, "TIPO": "PAVIMENTO", "NAME_1": "RP 24", "NAME_2": "CARRIL LAVALLE", "TIPO_1": "RP", "N": 24, "JURISDIC": "DPV", "REFER": null, "JERAREFER": null }, "geometry": { "type": "MultiLineString", "coordinates": [ [ [ -68.689942900000077, -32.838275320000236 ], [ -68.689651530000091, -32.838048090000221 ], [ -68.687009700000075, -32.835381180000248 ], [ -68.68490252000008, -32.833229860000237 ], [ -68.683700060000078, -32.831982480000242 ], [ -68.682519110000101, -32.830699090000259 ], [ -68.682391500000065, -32.830545480000232 ] ] ] } },
{ "type": "Feature", "properties": { "fid": 218, "TIPO": "PAVIMENTO", "NAME_1": "RP 28", "NAME_2": "CARRIL LAVALLE", "TIPO_1": "RP", "N": 28, "JURISDIC": "DPV", "REFER": null, "JERAREFER": null }, "geometry": { "type": "MultiLineString", "coordinates": [ [ [ -68.716778000000119, -32.825871000000284 ], [ -68.724720185199303, -32.828074531544104 ], [ -68.726409340000103, -32.828511380000243 ] ] ] } },
{ "type": "Feature", "properties": { "fid": 219, "TIPO": "PAVIMENTO", "NAME_1": "RP 27", "NAME_2": "CARRIL COSTA DE ARAUJO", "TIPO_1": "RP", "N": 26, "JURISDIC": "DPV", "REFER": null, "JERAREFER": null }, "geometry": { "type": "MultiLineString", "coordinates": [ [ [ -68.649853810540634, -32.858483301989722 ], [ -68.649997877693352, -32.85862806601429 ], [ -68.650190546976901, -32.858775498413493 ], [ -68.65040787943812, -32.858908563337124 ], [ -68.650590025405023, -32.85898505157791 ], [ -68.650800391412531, -32.859058325876944 ], [ -68.651691515412793, -32.859237841913007 ], [ -68.653740030000066, -32.859640630000243 ], [ -68.656203070000089, -32.86013404000024 ], [ -68.659354524423506, -32.860741552504756 ], [ -68.663100890000067, -32.861496590000236 ], [ -68.66338633000008, -32.861550930000242 ], [ -68.663624010000078, -32.861645330000243 ], [ -68.663877340000084, -32.861797800000232 ], [ -68.664189560000082, -32.862060580000239 ] ] ] } },
{ "type": "Feature", "properties": { "fid": 220, "TIPO": "PAVIMENTO", "NAME_1": "RP 24", "NAME_2": "CARRIL LAVALLE", "TIPO_1": "RP", "N": 24, "JURISDIC": "DPV", "REFER": null, "JERAREFER": null }, "geometry": { "type": "MultiLineString", "coordinates": [ [ [ -68.714204830000085, -32.84758495000024 ], [ -68.712929030000083, -32.847481360000238 ], [ -68.712607150000082, -32.847440350000248 ], [ -68.712166180000068, -32.847343700000252 ], [ -68.708706020000079, -32.845971570000245 ], [ -68.70635972000008, -32.845004650000213 ], [ -68.705347350000082, -32.844594550000224 ] ] ] } },
{ "type": "Feature", "properties": { "fid": 221, "TIPO": "PAVIMENTO", "NAME_1": "RP 25", "NAME_2": "BUENOS VECINOS", "TIPO_1": "RP", "N": 25, "JURISDIC": "DPV", "REFER": null, "JERAREFER": null }, "geometry": { "type": "MultiLineString", "coordinates": [ [ [ -68.714533710000097, -32.849166270000239 ], [ -68.714415660000085, -32.848788480000231 ], [ -68.714221110000082, -32.848088350000232 ], [ -68.714156610000074, -32.847745920000243 ], [ -68.714204830000085, -32.84758495000024 ] ] ] } },
{ "type": "Feature", "properties": { "fid": 222, "TIPO": "PAVIMENTO", "NAME_1": "RP 27", "NAME_2": "SEVERO DEL CASTILLO", "TIPO_1": "RP", "N": 27, "JURISDIC": "DPV", "REFER": null, "JERAREFER": null }, "geometry": { "type": "MultiLineString", "coordinates": [ [ [ -68.668028120000088, -32.866721450000213 ], [ -68.667217130000068, -32.865721400000226 ], [ -68.666434584036182, -32.864768291225701 ], [ -68.665552110000064, -32.863674520000224 ], [ -68.665205890000067, -32.863270740000239 ] ] ] } },
{ "type": "Feature", "properties": { "fid": 223, "TIPO": "PAVIMENTO", "NAME_1": "RP 25", "NAME_2": "BUENOS VECINOS", "TIPO_1": "RP", "N": 25, "JURISDIC": "DPV", "REFER": null, "JERAREFER": null }, "geometry": { "type": "MultiLineString", "coordinates": [ [ [ -68.719324050000068, -32.865306080000259 ], [ -68.718911240000068, -32.863827090000221 ], [ -68.718453040000085, -32.862214810000246 ] ] ] } },
{ "type": "Feature", "properties": { "fid": 224, "TIPO": "PAVIMENTO", "NAME_1": "RP 27", "NAME_2": "SEVERO DEL CASTILLO", "TIPO_1": "RP", "N": 27, "JURISDIC": "DPV", "REFER": null, "JERAREFER": null }, "geometry": { "type": "MultiLineString", "coordinates": [ [ [ -68.673284610000067, -32.873166850000239 ], [ -68.671644060000091, -32.871143590000237 ], [ -68.67014304000007, -32.869323200000238 ], [ -68.669248280000105, -32.86821341000023 ] ] ] } },
{ "type": "Feature", "properties": { "fid": 225, "TIPO": "PAVIMENTO", "NAME_1": "RP 27", "NAME_2": "SEVERO DEL CASTILLO", "TIPO_1": "RP", "N": 27, "JURISDIC": "DPV", "REFER": null, "JERAREFER": null }, "geometry": { "type": "MultiLineString", "coordinates": [ [ [ -68.669248280000105, -32.86821341000023 ], [ -68.668660700000089, -32.867516910000226 ], [ -68.668028120000088, -32.866721450000213 ] ] ] } },
{ "type": "Feature", "properties": { "fid": 226, "TIPO": "PAVIMENTO", "NAME_1": "RP 27", "NAME_2": "SEVERO DEL CASTILLO", "TIPO_1": "RP", "N": 27, "JURISDIC": "DPV", "REFER": null, "JERAREFER": null }, "geometry": { "type": "MultiLineString", "coordinates": [ [ [ -68.665205890000067, -32.863270740000239 ], [ -68.664951742227728, -32.862951459769334 ], [ -68.664620733702165, -32.862555479815917 ], [ -68.664189560000082, -32.862060580000239 ] ] ] } },
{ "type": "Feature", "properties": { "fid": 227, "TIPO": "PAVIMENTO", "NAME_1": "RP 24", "NAME_2": "CARRIL LAVALLE", "TIPO_1": "RP", "N": 24, "JURISDIC": "DPV", "REFER": null, "JERAREFER": null }, "geometry": { "type": "MultiLineString", "coordinates": [ [ [ -68.727962670000068, -32.852815700000249 ], [ -68.727827210000086, -32.852756320000232 ], [ -68.727429540000074, -32.852596650000258 ], [ -68.724199080000091, -32.851304990000209 ], [ -68.721646840000091, -32.850249080000225 ], [ -68.718014420000088, -32.848786750000237 ], [ -68.716058130000064, -32.847986830000252 ], [ -68.715605450000098, -32.847819690000243 ], [ -68.715110760000101, -32.847738030000237 ], [ -68.714204830000085, -32.84758495000024 ] ] ] } },
{ "type": "Feature", "properties": { "fid": 228, "TIPO": "PAVIMENTO", "NAME_1": "RP 24", "NAME_2": null, "TIPO_1": "RP", "N": 24, "JURISDIC": "DPV", "REFER": null, "JERAREFER": null }, "geometry": { "type": "MultiLineString", "coordinates": [ [ [ -68.654575770000079, -32.786646820000229 ], [ -68.653728570000098, -32.785191710000241 ], [ -68.651522454170021, -32.781495960077024 ] ] ] } },
{ "type": "Feature", "properties": { "fid": 229, "TIPO": "PAVIMENTO", "NAME_1": "RP 24", "NAME_2": null, "TIPO_1": "RP", "N": 24, "JURISDIC": "DPV", "REFER": null, "JERAREFER": null }, "geometry": { "type": "MultiLineString", "coordinates": [ [ [ -68.651522454170021, -32.781495960077024 ], [ -68.651299722152103, -32.781103788066432 ], [ -68.651117914054126, -32.780827473073622 ], [ -68.650964034965796, -32.780616325492183 ], [ -68.650816572337092, -32.780451290370422 ], [ -68.649829133753585, -32.779496753073978 ], [ -68.649052539335386, -32.778756050433614 ], [ -68.647786690970761, -32.777555553232993 ], [ -68.647344711226708, -32.777117675736442 ], [ -68.647075391890667, -32.776838828996517 ], [ -68.646689185992059, -32.776399839933745 ], [ -68.64634553000009, -32.77597416000026 ], [ -68.645807164460308, -32.775344260681685 ], [ -68.644775390000092, -32.774108730000243 ], [ -68.643501466658648, -32.77263180412973 ], [ -68.642957840450848, -32.771984928727846 ], [ -68.642618361086235, -32.771566068282425 ], [ -68.641875650000074, -32.770690650000233 ], [ -68.640863874226156, -32.769516670157159 ], [ -68.640390530000076, -32.76893345000024 ], [ -68.640074250208883, -32.768478030457487 ] ] ] } },
{ "type": "Feature", "properties": { "fid": 230, "TIPO": "PAVIMENTO", "NAME_1": "RP 24", "NAME_2": null, "TIPO_1": "RP", "N": 24, "JURISDIC": "DPV", "REFER": null, "JERAREFER": null }, "geometry": { "type": "MultiLineString", "coordinates": [ [ [ -68.640074250208883, -32.768478030457487 ], [ -68.638577502305864, -32.765730572404323 ], [ -68.636865329150865, -32.762612446247118 ] ] ] } },
{ "type": "Feature", "properties": { "fid": 231, "TIPO": "PAVIMENTO", "NAME_1": "RP 24", "NAME_2": null, "TIPO_1": "RP", "N": 24, "JURISDIC": "DPV", "REFER": null, "JERAREFER": null }, "geometry": { "type": "MultiLineString", "coordinates": [ [ [ -68.636865329150865, -32.762612446247118 ], [ -68.63602519492801, -32.761121802847676 ], [ -68.635777458372146, -32.760715853316263 ], [ -68.635632071460492, -32.760497619677167 ], [ -68.635467489488548, -32.760282369250213 ], [ -68.634867268914263, -32.759580587354279 ], [ -68.633923517745558, -32.758448762394593 ], [ -68.632574239257849, -32.756808697974122 ], [ -68.631857105365924, -32.75597688504476 ], [ -68.631204088207042, -32.755299750590012 ], [ -68.630043640614417, -32.754116604392259 ], [ -68.628190747915895, -32.752241997244127 ] ] ] } },
{ "type": "Feature", "properties": { "fid": 232, "TIPO": "PAVIMENTO", "NAME_1": "RP 25", "NAME_2": "SAN ESTEBAN", "TIPO_1": "RP", "N": 25, "JURISDIC": "DPV", "REFER": null, "JERAREFER": null }, "geometry": { "type": "MultiLineString", "coordinates": [ [ [ -68.692468279045926, -32.741451745815326 ], [ -68.692704817158571, -32.741974619538055 ], [ -68.693623995964828, -32.743790153297539 ], [ -68.694692567263274, -32.745880610740628 ], [ -68.695406331392704, -32.747268715980745 ] ] ] } },
{ "type": "Feature", "properties": { "fid": 233, "TIPO": "PAVIMENTO", "NAME_1": "RP 25", "NAME_2": "SAN ESTEBAN", "TIPO_1": "RP", "N": 25, "JURISDIC": "DPV", "REFER": null, "JERAREFER": null }, "geometry": { "type": "MultiLineString", "coordinates": [ [ [ -68.695406331392704, -32.747268715980745 ], [ -68.695601371590868, -32.747538452425005 ], [ -68.696927229959229, -32.74918799452648 ], [ -68.697101521200139, -32.749436982013506 ], [ -68.697699091168985, -32.751148770986738 ], [ -68.697869232618444, -32.751655045543679 ], [ -68.698373432279638, -32.753105397655538 ], [ -68.69855602310345, -32.753817086889264 ], [ -68.698879706836578, -32.754667794136559 ] ] ] } },
{ "type": "Feature", "properties": { "fid": 234, "TIPO": "PAVIMENTO", "NAME_1": "RP 25", "NAME_2": "SAN ESTEBAN", "TIPO_1": "RP", "N": 25, "JURISDIC": "DPV", "REFER": null, "JERAREFER": null }, "geometry": { "type": "MultiLineString", "coordinates": [ [ [ -68.698879706836578, -32.754667794136559 ], [ -68.699628744193348, -32.756711566425814 ], [ -68.700143318333204, -32.758070623125782 ], [ -68.700952527666004, -32.760339521601203 ], [ -68.701448427744296, -32.761686128926819 ], [ -68.702048072608861, -32.763302472696715 ], [ -68.702759761842586, -32.765325496028716 ], [ -68.702942352666412, -32.765798572254042 ] ] ] } },
{ "type": "Feature", "properties": { "fid": 235, "TIPO": "PAVIMENTO", "NAME_1": "RP 25", "NAME_2": "SAN ESTEBAN", "TIPO_1": "RP", "N": 25, "JURISDIC": "DPV", "REFER": null, "JERAREFER": null }, "geometry": { "type": "MultiLineString", "coordinates": [ [ [ -68.702942352666412, -32.765798572254042 ], [ -68.70359594481981, -32.767573645546882 ], [ -68.703948677093095, -32.768474150291581 ], [ -68.704463251232937, -32.769854993396656 ], [ -68.704932177666805, -32.771158027912037 ] ] ] } },
{ "type": "Feature", "properties": { "fid": 236, "TIPO": "PAVIMENTO", "NAME_1": "RP 25", "NAME_2": "SAN ESTEBAN", "TIPO_1": "RP", "N": 25, "JURISDIC": "DPV", "REFER": null, "JERAREFER": null }, "geometry": { "type": "MultiLineString", "coordinates": [ [ [ -68.704932177666805, -32.771158027912037 ], [ -68.708206000000104, -32.779743000000273 ] ] ] } },
{ "type": "Feature", "properties": { "fid": 237, "TIPO": "PAVIMENTO", "NAME_1": "RP 25", "NAME_2": "SAN ESTEBAN", "TIPO_1": "RP", "N": 25, "JURISDIC": "DPV", "REFER": null, "JERAREFER": null }, "geometry": { "type": "MultiLineString", "coordinates": [ [ [ -68.708206000000104, -32.779743000000273 ], [ -68.709210612652029, -32.782293993268837 ] ] ] } },
{ "type": "Feature", "properties": { "fid": 238, "TIPO": "PAVIMENTO", "NAME_1": "RP 34", "NAME_2": null, "TIPO_1": "RP", "N": 34, "JURISDIC": "DPV", "REFER": null, "JERAREFER": null }, "geometry": { "type": "MultiLineString", "coordinates": [ [ [ -68.678371437489375, -32.716370406289926 ], [ -68.675844214496138, -32.716172253748169 ], [ -68.673681135702708, -32.716004187194443 ], [ -68.6720513051106, -32.71587346876376 ], [ -68.671192298280388, -32.715800847413405 ], [ -68.668798387337517, -32.715619294037438 ], [ -68.666946542902849, -32.715467826649494 ], [ -68.665571924484937, -32.71535785717608 ] ] ] } },
{ "type": "Feature", "properties": { "fid": 239, "TIPO": "PAVIMENTO", "NAME_1": "RP 34", "NAME_2": null, "TIPO_1": "RP", "N": 34, "JURISDIC": "DPV", "REFER": null, "JERAREFER": null }, "geometry": { "type": "MultiLineString", "coordinates": [ [ [ -68.680613881044323, -32.717093507450166 ], [ -68.680416837464421, -32.716875622148564 ], [ -68.680345716433294, -32.716799629813927 ], [ -68.680269967077848, -32.716733513041838 ], [ -68.680176195071425, -32.716666156097972 ], [ -68.680070777088218, -32.716606944402592 ], [ -68.67995406363174, -32.716563858724435 ], [ -68.67982178960122, -32.716523948573602 ], [ -68.679558277844109, -32.716472076180466 ], [ -68.678371437489375, -32.716370406289926 ] ] ] } },
{ "type": "Feature", "properties": { "fid": 240, "TIPO": "PAVIMENTO", "NAME_1": "RP 34", "NAME_2": null, "TIPO_1": "RP", "N": 34, "JURISDIC": "DPV", "REFER": null, "JERAREFER": null }, "geometry": { "type": "MultiLineString", "coordinates": [ [ [ -68.665571924484937, -32.71535785717608 ], [ -68.665192218567228, -32.715330883531657 ], [ -68.664870609729846, -32.715308059678655 ], [ -68.664196268619179, -32.715258262181251 ], [ -68.663378759703463, -32.715208464683855 ], [ -68.662504191155321, -32.715154517395 ], [ -68.661522765477343, -32.715098495210448 ], [ -68.660842199679493, -32.715042473025868 ], [ -68.660071375917596, -32.714981782325886 ], [ -68.65935553689242, -32.714905011184065 ], [ -68.658803614629534, -32.714840689416569 ], [ -68.657843975356656, -32.714732276114951 ], [ -68.657449226444925, -32.714696484163682 ], [ -68.657154591251967, -32.714679884997892 ], [ -68.656820533040232, -32.714675735206455 ], [ -68.656535810000065, -32.714684580000224 ], [ -68.656247861820077, -32.714702708850872 ], [ -68.655980200271543, -32.714725532703845 ], [ -68.655662741225584, -32.714764955722579 ], [ -68.655268511037832, -32.714814753220026 ] ] ] } },
{ "type": "Feature", "properties": { "fid": 241, "TIPO": "PAVIMENTO", "NAME_1": "RP 34", "NAME_2": null, "TIPO_1": "RP", "N": 34, "JURISDIC": "DPV", "REFER": null, "JERAREFER": null }, "geometry": { "type": "MultiLineString", "coordinates": [ [ [ -68.655268511037832, -32.714814753220026 ], [ -68.652262505856058, -32.715167485493275 ], [ -68.650638899951133, -32.715304428611134 ], [ -68.649051604721421, -32.715424772563196 ], [ -68.646346459419775, -32.715630187240016 ], [ -68.644212688528384, -32.715798772517665 ] ] ] } },
{ "type": "Feature", "properties": { "fid": 242, "TIPO": "PAVIMENTO", "NAME_1": "RP 24", "NAME_2": null, "TIPO_1": "RP", "N": 24, "JURISDIC": "DPV", "REFER": null, "JERAREFER": null }, "geometry": { "type": "MultiLineString", "coordinates": [ [ [ -68.655451370000094, -32.788114010000221 ], [ -68.654575770000079, -32.786646820000229 ] ] ] } },
{ "type": "Feature", "properties": { "fid": 243, "TIPO": "PAVIMENTO", "NAME_1": "RP 24", "NAME_2": null, "TIPO_1": "RP", "N": 24, "JURISDIC": "DPV", "REFER": null, "JERAREFER": null }, "geometry": { "type": "MultiLineString", "coordinates": [ [ [ -68.666066150000091, -32.805999080000234 ], [ -68.66467487000007, -32.803705590000241 ] ] ] } },
{ "type": "Feature", "properties": { "fid": 244, "TIPO": "PAVIMENTO", "NAME_1": "RP 36", "NAME_2": null, "TIPO_1": "RP", "N": 36, "JURISDIC": "DPV", "REFER": null, "JERAREFER": null }, "geometry": { "type": "MultiLineString", "coordinates": [ [ [ -68.626125185674937, -32.677374952747044 ], [ -68.618252184955153, -32.677014476287916 ] ] ] } },
{ "type": "Feature", "properties": { "fid": 245, "TIPO": "PAVIMENTO", "NAME_1": "RP 36", "NAME_2": null, "TIPO_1": "RP", "N": 36, "JURISDIC": "DPV", "REFER": null, "JERAREFER": null }, "geometry": { "type": "MultiLineString", "coordinates": [ [ [ -68.618252184955153, -32.677014476287916 ], [ -68.612651160188605, -32.676757271463025 ], [ -68.610049884118553, -32.67660869670619 ] ] ] } },
{ "type": "Feature", "properties": { "fid": 246, "TIPO": "PAVIMENTO", "NAME_1": "RP 36", "NAME_2": null, "TIPO_1": "RP", "N": 36, "JURISDIC": "DPV", "REFER": null, "JERAREFER": null }, "geometry": { "type": "MultiLineString", "coordinates": [ [ [ -68.601617414191551, -32.674996782377406 ], [ -68.600901819707147, -32.674865013617683 ], [ -68.597503111253872, -32.674234666944564 ], [ -68.594632452100186, -32.673683722518469 ], [ -68.588959819172175, -32.672610574357009 ], [ -68.588657798355044, -32.672581346535999 ] ] ] } },
{ "type": "Feature", "properties": { "fid": 247, "TIPO": "PAVIMENTO", "NAME_1": "RP 36", "NAME_2": null, "TIPO_1": "RP", "N": 36, "JURISDIC": "DPV", "REFER": null, "JERAREFER": null }, "geometry": { "type": "MultiLineString", "coordinates": [ [ [ -68.588657798355044, -32.672581346535999 ], [ -68.58817066800485, -32.672587192100188 ], [ -68.579844636059363, -32.672978844901756 ] ] ] } },
{ "type": "Feature", "properties": { "fid": 248, "TIPO": "PAVIMENTO", "NAME_1": "RP 27", "NAME_2": null, "TIPO_1": "RP", "N": 27, "JURISDIC": "DPV", "REFER": null, "JERAREFER": null }, "geometry": { "type": "MultiLineString", "coordinates": [ [ [ -68.579844636059363, -32.672978844901756 ], [ -68.579953753257811, -32.668891821263671 ], [ -68.579978991196811, -32.666690089445943 ] ] ] } },
{ "type": "Feature", "properties": { "fid": 249, "TIPO": "PAVIMENTO", "NAME_1": "RP 27", "NAME_2": null, "TIPO_1": "RP", "N": 27, "JURISDIC": "DPV", "REFER": null, "JERAREFER": null }, "geometry": { "type": "MultiLineString", "coordinates": [ [ [ -68.580592115468576, -32.699198227952436 ], [ -68.58034227997409, -32.698818499867407 ], [ -68.580115047330096, -32.698473798248791 ], [ -68.579471452393975, -32.697492498853585 ], [ -68.579314544154499, -32.697227051860942 ], [ -68.57918116452187, -32.696973789908988 ], [ -68.579100300883724, -32.69678088629032 ], [ -68.579040870981004, -32.69657604797807 ], [ -68.579002874813696, -32.696369261144412 ], [ -68.578978518296196, -32.696118389014053 ], [ -68.578972672731979, -32.695962263736831 ], [ -68.578971698471278, -32.695730389690119 ], [ -68.578993132206691, -32.695001399121089 ], [ -68.579048665066622, -32.693538303114259 ], [ -68.579154296193821, -32.690523962542734 ] ] ] } },
{ "type": "Feature", "properties": { "fid": 250, "TIPO": "PAVIMENTO", "NAME_1": "RP 27", "NAME_2": null, "TIPO_1": "RP", "N": 27, "JURISDIC": "DPV", "REFER": null, "JERAREFER": null }, "geometry": { "type": "MultiLineString", "coordinates": [ [ [ -68.579154296193821, -32.690523962542734 ], [ -68.579221596340957, -32.68881752289056 ], [ -68.579504619074427, -32.68116470508906 ], [ -68.579575171163498, -32.679325227426261 ], [ -68.579630298704785, -32.677283981154268 ], [ -68.57968875434679, -32.676198167603658 ], [ -68.579844636059363, -32.672978844901756 ] ] ] } },
{ "type": "Feature", "properties": { "fid": 251, "TIPO": "PAVIMENTO", "NAME_1": "RP 34", "NAME_2": null, "TIPO_1": "RP", "N": 34, "JURISDIC": "DPV", "REFER": null, "JERAREFER": null }, "geometry": { "type": "MultiLineString", "coordinates": [ [ [ -68.59495803571923, -32.721246800286977 ], [ -68.590704240120772, -32.721314753121973 ], [ -68.586771015911793, -32.721388022877285 ], [ -68.585835756663698, -32.721361049232854 ], [ -68.584217856722034, -32.7214821712708 ], [ -68.58295959807829, -32.721576256712339 ], [ -68.581308613224039, -32.721690924425744 ], [ -68.580999937813019, -32.721721586451139 ], [ -68.580762846966536, -32.721755568360187 ], [ -68.580526801509905, -32.721788672952322 ], [ -68.580192860000068, -32.721854680000234 ], [ -68.579769809609687, -32.721978938082863 ], [ -68.579025830000091, -32.722160890000239 ] ] ] } },
{ "type": "Feature", "properties": { "fid": 252, "TIPO": "PAVIMENTO", "NAME_1": "RP 34", "NAME_2": null, "TIPO_1": "RP", "N": 34, "JURISDIC": "DPV", "REFER": null, "JERAREFER": null }, "geometry": { "type": "MultiLineString", "coordinates": [ [ [ -68.579025830000091, -32.722160890000239 ], [ -68.578516890000088, -32.722301330000221 ], [ -68.57768268000008, -32.722534340000259 ], [ -68.577020640000072, -32.722722710000241 ], [ -68.575899470000081, -32.723025820000231 ], [ -68.573197800000088, -32.72377581000022 ], [ -68.569156650000068, -32.724908810000201 ] ] ] } },
{ "type": "Feature", "properties": { "fid": 253, "TIPO": "PAVIMENTO", "NAME_1": "RP 34", "NAME_2": null, "TIPO_1": "RP", "N": 34, "JURISDIC": "DPV", "REFER": null, "JERAREFER": null }, "geometry": { "type": "MultiLineString", "coordinates": [ [ [ -68.569156650000068, -32.724908810000201 ], [ -68.562524570000065, -32.726753050000234 ], [ -68.560062740000077, -32.727542890000244 ], [ -68.55793184000008, -32.728340270000217 ], [ -68.5562831700001, -32.728938110000236 ], [ -68.552866560000098, -32.730172660000235 ], [ -68.549034970000065, -32.731576220000235 ], [ -68.547453530000084, -32.732161050000244 ], [ -68.546207240000072, -32.732632610000245 ], [ -68.544055450000087, -32.733312530000219 ] ] ] } },
{ "type": "Feature", "properties": { "fid": 254, "TIPO": "PAVIMENTO", "NAME_1": "RP 27", "NAME_2": null, "TIPO_1": "RP", "N": 27, "JURISDIC": "DPV", "REFER": null, "JERAREFER": null }, "geometry": { "type": "MultiLineString", "coordinates": [ [ [ -68.594926393559419, -32.721199596409242 ], [ -68.594879189681663, -32.721131643574253 ], [ -68.594421156450395, -32.720443945322359 ], [ -68.593560593448402, -32.719142466978752 ], [ -68.592179231619397, -32.716981981804963 ], [ -68.591441087465185, -32.715824189990343 ], [ -68.58817889216634, -32.710793763408347 ], [ -68.587256013459367, -32.709423947977506 ] ] ] } },
{ "type": "Feature", "properties": { "fid": 255, "TIPO": "PAVIMENTO", "NAME_1": "RP 27", "NAME_2": null, "TIPO_1": "RP", "N": 27, "JURISDIC": "DPV", "REFER": null, "JERAREFER": null }, "geometry": { "type": "MultiLineString", "coordinates": [ [ [ -68.587256013459367, -32.709423947977506 ], [ -68.586187016606274, -32.707740368198152 ], [ -68.584958022068008, -32.705835768144667 ], [ -68.584442500937911, -32.70511983925789 ], [ -68.583240806522653, -32.703286481313015 ], [ -68.580592115468576, -32.699198227952436 ] ] ] } },
{ "type": "Feature", "properties": { "fid": 256, "TIPO": "PAVIMENTO", "NAME_1": "RP 36", "NAME_2": null, "TIPO_1": "RP", "N": 36, "JURISDIC": "DPV", "REFER": null, "JERAREFER": null }, "geometry": { "type": "MultiLineString", "coordinates": [ [ [ -68.610049884118553, -32.67660869670619 ], [ -68.609622914366597, -32.676530268719816 ], [ -68.608289151467801, -32.676280857980515 ], [ -68.601617414191551, -32.674996782377406 ] ] ] } },
{ "type": "Feature", "properties": { "fid": 257, "TIPO": "PAVIMENTO", "NAME_1": "RP 36", "NAME_2": null, "TIPO_1": "RP", "N": 36, "JURISDIC": "DPV", "REFER": null, "JERAREFER": null }, "geometry": { "type": "MultiLineString", "coordinates": [ [ [ -68.63947158300941, -32.68033841023243 ], [ -68.635131251589243, -32.679372430748003 ] ] ] } },
{ "type": "Feature", "properties": { "fid": 258, "TIPO": "PAVIMENTO", "NAME_1": "RP 36", "NAME_2": null, "TIPO_1": "RP", "N": 36, "JURISDIC": "DPV", "REFER": null, "JERAREFER": null }, "geometry": { "type": "MultiLineString", "coordinates": [ [ [ -68.635131251589243, -32.679372430748003 ], [ -68.627231945830573, -32.677584662362825 ], [ -68.626440359011497, -32.677411000392972 ], [ -68.626125185674937, -32.677374952747044 ] ] ] } },
{ "type": "Feature", "properties": { "fid": 259, "TIPO": "PAVIMENTO", "NAME_1": "RP 36", "NAME_2": null, "TIPO_1": "RP", "N": 36, "JURISDIC": "DPV", "REFER": null, "JERAREFER": null }, "geometry": { "type": "MultiLineString", "coordinates": [ [ [ -68.66456756439058, -32.685977918296594 ], [ -68.660581863865289, -32.685064548889997 ] ] ] } },
{ "type": "Feature", "properties": { "fid": 260, "TIPO": "PAVIMENTO", "NAME_1": "RP 36", "NAME_2": null, "TIPO_1": "RP", "N": 36, "JURISDIC": "DPV", "REFER": null, "JERAREFER": null }, "geometry": { "type": "MultiLineString", "coordinates": [ [ [ -68.660581863865289, -32.685064548889997 ], [ -68.63947158300941, -32.68033841023243 ] ] ] } },
{ "type": "Feature", "properties": { "fid": 261, "TIPO": "PAVIMENTO", "NAME_1": "RN 40", "NAME_2": null, "TIPO_1": "RN", "N": 40, "JURISDIC": "DNV", "REFER": null, "JERAREFER": null }, "geometry": { "type": "MultiLineString", "coordinates": [ [ [ -68.665778570441191, -32.688032634113704 ], [ -68.665204730888647, -32.68713144296585 ], [ -68.664933886413934, -32.686658926526157 ], [ -68.66456756439058, -32.685977918296594 ] ] ] } },
{ "type": "Feature", "properties": { "fid": 262, "TIPO": "PAVIMENTO", "NAME_1": "RP 24", "NAME_2": null, "TIPO_1": "RP", "N": 24, "JURISDIC": "DPV", "REFER": null, "JERAREFER": null }, "geometry": { "type": "MultiLineString", "coordinates": [ [ [ -68.612060175059966, -32.731590173866024 ], [ -68.610989024915796, -32.729568803415738 ], [ -68.610092938760317, -32.727815927165224 ] ] ] } },
{ "type": "Feature", "properties": { "fid": 263, "TIPO": "PAVIMENTO", "NAME_1": "RP 24", "NAME_2": null, "TIPO_1": "RP", "N": 24, "JURISDIC": "DPV", "REFER": null, "JERAREFER": null }, "geometry": { "type": "MultiLineString", "coordinates": [ [ [ -68.610092938760317, -32.727815927165224 ], [ -68.607742792444228, -32.723187944821149 ], [ -68.607585540630026, -32.722903284110792 ], [ -68.607498621347929, -32.72277333793555 ], [ -68.607395975922771, -32.7226767740664 ] ] ] } },
{ "type": "Feature", "properties": { "fid": 264, "TIPO": "PAVIMENTO", "NAME_1": "RP 27", "NAME_2": "MONTENEGRO", "TIPO_1": "RP", "N": 27, "JURISDIC": "DPV", "REFER": null, "JERAREFER": null }, "geometry": { "type": "MultiLineString", "coordinates": [ [ [ -68.587356491162097, -32.774131159084632 ], [ -68.587335292476041, -32.774077895592178 ], [ -68.587320474318275, -32.77402619495868 ], [ -68.587317581156398, -32.773961042456577 ], [ -68.587321072050301, -32.773896681905427 ], [ -68.587345698429701, -32.77380039767587 ], [ -68.58738776567877, -32.773681814120252 ], [ -68.591572197746359, -32.765481721367571 ], [ -68.591690340167801, -32.765186071599132 ], [ -68.591762605496086, -32.764946164233031 ], [ -68.59178532519725, -32.764766227488082 ], [ -68.591814426952524, -32.764387413107869 ], [ -68.591841049334917, -32.764151982511493 ], [ -68.591870793625034, -32.764032200692291 ], [ -68.591905845260428, -32.763949055046602 ], [ -68.592008568412922, -32.763832594547104 ], [ -68.592509742459526, -32.762976186690608 ], [ -68.593126821103951, -32.762011067258207 ], [ -68.596448458174763, -32.757052426838143 ] ] ] } },
{ "type": "Feature", "properties": { "fid": 265, "TIPO": "PAVIMENTO", "NAME_1": "RP 27", "NAME_2": "SEVERO DEL CASTILLO", "TIPO_1": "RP", "N": 27, "JURISDIC": "DPV", "REFER": null, "JERAREFER": null }, "geometry": { "type": "MultiLineString", "coordinates": [ [ [ -68.690214481429308, -32.893750707058558 ], [ -68.688927989131045, -32.892165627636885 ], [ -68.687789111923294, -32.890786047110936 ] ] ] } },
{ "type": "Feature", "properties": { "fid": 266, "TIPO": "PAVIMENTO", "NAME_1": "RP 27", "NAME_2": "SEVERO DEL CASTILLO", "TIPO_1": "RP", "N": 27, "JURISDIC": "DPV", "REFER": null, "JERAREFER": null }, "geometry": { "type": "MultiLineString", "coordinates": [ [ [ -68.692159944804374, -32.896119981930632 ], [ -68.690756114536555, -32.894417624901692 ], [ -68.690214481429308, -32.893750707058558 ] ] ] } },
{ "type": "Feature", "properties": { "fid": 267, "TIPO": "PAVIMENTO", "NAME_1": "RP 27", "NAME_2": "SEVERO DEL CASTILLO", "TIPO_1": "RP", "N": 27, "JURISDIC": "DPV", "REFER": null, "JERAREFER": null }, "geometry": { "type": "MultiLineString", "coordinates": [ [ [ -68.687789111923294, -32.890786047110936 ], [ -68.686304156553362, -32.888982637630264 ], [ -68.684730020000089, -32.887139570000237 ], [ -68.683948803074344, -32.886153826981264 ], [ -68.683472979018163, -32.885579233819108 ], [ -68.681399200000087, -32.883053710000254 ] ] ] } },
{ "type": "Feature", "properties": { "fid": 268, "TIPO": "PAVIMENTO", "NAME_1": "RP 27", "NAME_2": "SEVERO DEL CASTILLO", "TIPO_1": "RP", "N": 27, "JURISDIC": "DPV", "REFER": null, "JERAREFER": null }, "geometry": { "type": "MultiLineString", "coordinates": [ [ [ -68.67631874269199, -32.876850661601267 ], [ -68.675851649223631, -32.876295816157665 ], [ -68.674902200000076, -32.875134400000242 ] ] ] } },
{ "type": "Feature", "properties": { "fid": 269, "TIPO": "PAVIMENTO", "NAME_1": "RP 27", "NAME_2": "SEVERO DEL CASTILLO", "TIPO_1": "RP", "N": 27, "JURISDIC": "DPV", "REFER": null, "JERAREFER": null }, "geometry": { "type": "MultiLineString", "coordinates": [ [ [ -68.674902200000076, -32.875134400000242 ], [ -68.673284610000067, -32.873166850000239 ] ] ] } },
{ "type": "Feature", "properties": { "fid": 270, "TIPO": "PAVIMENTO", "NAME_1": "RP 27", "NAME_2": "SEVERO DEL CASTILLO", "TIPO_1": "RP", "N": 27, "JURISDIC": "DPV", "REFER": null, "JERAREFER": null }, "geometry": { "type": "MultiLineString", "coordinates": [ [ [ -68.681399200000087, -32.883053710000254 ], [ -68.680820691586945, -32.882322947913089 ], [ -68.678915249190339, -32.879990835850109 ], [ -68.678171600000084, -32.879094390000255 ] ] ] } },
{ "type": "Feature", "properties": { "fid": 271, "TIPO": "PAVIMENTO", "NAME_1": "RP 27", "NAME_2": "SEVERO DEL CASTILLO", "TIPO_1": "RP", "N": 27, "JURISDIC": "DPV", "REFER": null, "JERAREFER": null }, "geometry": { "type": "MultiLineString", "coordinates": [ [ [ -68.678171600000084, -32.879094390000255 ], [ -68.67631874269199, -32.876850661601267 ] ] ] } },
{ "type": "Feature", "properties": { "fid": 272, "TIPO": "PAVIMENTO", "NAME_1": "RP 3", "NAME_2": null, "TIPO_1": "RP", "N": 3, "JURISDIC": "DPV", "REFER": null, "JERAREFER": null }, "geometry": { "type": "MultiLineString", "coordinates": [ [ [ -68.798311179668985, -32.932325840881148 ], [ -68.798201554081061, -32.932197213524681 ], [ -68.798150395473371, -32.932155281737309 ], [ -68.798098506028438, -32.93212239406094 ], [ -68.798028345652185, -32.932099738106103 ], [ -68.797924566762305, -32.932076625377988 ], [ -68.797741126611868, -32.93205762360941 ] ] ] } },
{ "type": "Feature", "properties": { "fid": 273, "TIPO": "PAVIMENTO", "NAME_1": "RP 3", "NAME_2": null, "TIPO_1": "RP", "N": 3, "JURISDIC": "DPV", "REFER": null, "JERAREFER": null }, "geometry": { "type": "MultiLineString", "coordinates": [ [ [ -68.798606072500434, -32.932803717089733 ], [ -68.798553452218229, -32.932677282245031 ], [ -68.798519833704603, -32.932578619215896 ], [ -68.798501562773268, -32.932490187908357 ], [ -68.79848840770272, -32.932409064973292 ], [ -68.798486, -32.932330000000228 ], [ -68.79849545000009, -32.93227741000026 ], [ -68.798511980000086, -32.932226070000219 ], [ -68.798535380000075, -32.932176670000246 ], [ -68.798565330000073, -32.932129860000252 ], [ -68.79860144000007, -32.932086240000253 ], [ -68.798632017222872, -32.932050772010172 ], [ -68.798676232876659, -32.932013864728916 ], [ -68.798719717693203, -32.931984265820176 ], [ -68.798775261324408, -32.931952839818308 ], [ -68.799061300000091, -32.931855920000203 ], [ -68.799213670000086, -32.931793160000218 ] ] ] } },
{ "type": "Feature", "properties": { "fid": 274, "TIPO": "PAVIMENTO", "NAME_1": "RP 3", "NAME_2": null, "TIPO_1": "RP", "N": 3, "JURISDIC": "DPV", "REFER": null, "JERAREFER": null }, "geometry": { "type": "MultiLineString", "coordinates": [ [ [ -68.797763417148076, -32.931652648416758 ], [ -68.797763417148076, -32.931716231257759 ], [ -68.797760128380432, -32.931763735679191 ], [ -68.797744780798141, -32.931814437513587 ], [ -68.797725048192305, -32.93185134479485 ], [ -68.797683390468919, -32.93189875786161 ], [ -68.797621269302439, -32.931944800608534 ], [ -68.797494834457709, -32.932000252885089 ], [ -68.797322356866076, -32.932068129394921 ], [ -68.79654547686647, -32.932253487993137 ] ] ] } },
{ "type": "Feature", "properties": { "fid": 275, "TIPO": "PAVIMENTO", "NAME_1": "RP 3", "NAME_2": null, "TIPO_1": "RP", "N": 3, "JURISDIC": "DPV", "REFER": null, "JERAREFER": null }, "geometry": { "type": "MultiLineString", "coordinates": [ [ [ -68.797997330000086, -32.931690570000235 ], [ -68.798154780496901, -32.931796349291574 ], [ -68.798205208267305, -32.931838829206875 ], [ -68.798250154758364, -32.93190259475714 ], [ -68.798271690000078, -32.931964680000249 ] ] ] } },
{ "type": "Feature", "properties": { "fid": 276, "TIPO": "PAVIMENTO", "NAME_1": "RP 3", "NAME_2": null, "TIPO_1": "RP", "N": 3, "JURISDIC": "DPV", "REFER": null, "JERAREFER": null }, "geometry": { "type": "MultiLineString", "coordinates": [ [ [ -68.798041866141332, -32.931998425791953 ], [ -68.798047347420734, -32.931894646902066 ], [ -68.798042231559961, -32.931810783327315 ], [ -68.798026153140398, -32.93175012383535 ], [ -68.797997330000086, -32.931690570000235 ] ] ] } },
{ "type": "Feature", "properties": { "fid": 277, "TIPO": "PAVIMENTO", "NAME_1": "RP 5", "NAME_2": null, "TIPO_1": "RP", "N": 5, "JURISDIC": "DPV", "REFER": null, "JERAREFER": null }, "geometry": { "type": "MultiLineString", "coordinates": [ [ [ -68.750044040000105, -32.943999440000226 ], [ -68.750058191849206, -32.943896416835244 ], [ -68.750061442501391, -32.943831403792245 ], [ -68.750059817175327, -32.943793208629458 ], [ -68.750056188386168, -32.943763626595036 ], [ -68.750048880013622, -32.943726719313766 ], [ -68.750028416570544, -32.94367117568256 ] ], [ [ -68.750387523545186, -32.943412272830606 ], [ -68.750389555202759, -32.94344010653964 ], [ -68.750388742539741, -32.943480333360007 ], [ -68.750383460229983, -32.943522795003723 ], [ -68.75037452093656, -32.943558145845863 ], [ -68.750359486670376, -32.94358983970433 ], [ -68.750339170094435, -32.943619501905161 ], [ -68.750302193926217, -32.943660135057073 ], [ -68.750262779768903, -32.943692438412818 ], [ -68.750225559919471, -32.943711645795439 ], [ -68.750193768498988, -32.943719319586606 ], [ -68.750152841612831, -32.943721512098364 ], [ -68.750116299750204, -32.943718223330734 ], [ -68.750083046655206, -32.943708722446438 ], [ -68.750050158978851, -32.943690086096495 ], [ -68.750028416570544, -32.94367117568256 ], [ -68.750005029778464, -32.943636826331677 ], [ -68.749988951358887, -32.943601380724942 ], [ -68.749975065451096, -32.9435633771878 ], [ -68.749967173589027, -32.943512839881514 ], [ -68.749967173589027, -32.943454328142828 ], [ -68.749973603776581, -32.94341172845786 ], [ -68.749990090000068, -32.943348530000243 ], [ -68.750003133928402, -32.94330926779061 ], [ -68.750016542868522, -32.943283262573395 ], [ -68.750034827786848, -32.9432552256986 ], [ -68.750061486956227, -32.943228014243481 ], [ -68.75008688355075, -32.943208464346981 ], [ -68.750116665168846, -32.943192568636732 ], [ -68.750158962065882, -32.943178835373068 ], [ -68.750199595217765, -32.943177210046997 ], [ -68.750239415706602, -32.943186149340413 ], [ -68.750277610869361, -32.943205653253322 ], [ -68.750312555380006, -32.943234096459634 ], [ -68.750345782647557, -32.943276614920791 ], [ -68.750366200000073, -32.94331728000023 ], [ -68.750378830000088, -32.94335160000022 ], [ -68.750385180000094, -32.943387130000218 ], [ -68.750387523545186, -32.943412272830606 ] ], [ [ -68.749993336382431, -32.942889545240817 ], [ -68.750018184849012, -32.942980899897428 ], [ -68.750028720000088, -32.943046780000252 ], [ -68.750031030000073, -32.943115700000227 ], [ -68.75002275258187, -32.943190376124974 ], [ -68.750014530662753, -32.943235231261347 ], [ -68.749990090000068, -32.943348530000243 ] ] ] } },
{ "type": "Feature", "properties": { "fid": 278, "TIPO": "PAVIMENTO", "NAME_1": "RN 40", "NAME_2": null, "TIPO_1": "RN", "N": 40, "JURISDIC": "DNV", "REFER": null, "JERAREFER": null }, "geometry": { "type": "MultiLineString", "coordinates": [ [ [ -68.819403410000106, -32.899760080000235 ], [ -68.819199310000087, -32.898552680000243 ], [ -68.819012710000067, -32.89775849000025 ], [ -68.818897800000073, -32.897310470000228 ], [ -68.818902660000091, -32.89724408000022 ], [ -68.818915380000078, -32.897178430000231 ], [ -68.818935830000072, -32.897114190000231 ], [ -68.818963820000079, -32.897052000000237 ], [ -68.818999050000087, -32.89699249000023 ], [ -68.819041170000091, -32.896936260000224 ], [ -68.819089760000068, -32.896883880000232 ], [ -68.819144320000092, -32.89683586000023 ], [ -68.819204320000082, -32.896792700000226 ], [ -68.819269140000088, -32.896754830000241 ], [ -68.819338130000091, -32.896722630000227 ], [ -68.819410600000083, -32.89669643000024 ], [ -68.819469360000099, -32.896676840000232 ], [ -68.819530460000081, -32.89666329000022 ], [ -68.819593040000086, -32.896655970000239 ], [ -68.819656210000105, -32.896655000000237 ], [ -68.819719070000076, -32.896660380000242 ], [ -68.819780720000097, -32.89667204000024 ], [ -68.819840290000101, -32.896689810000218 ], [ -68.819896920000105, -32.896713440000234 ], [ -68.819949810000068, -32.896742590000237 ], [ -68.81999821000008, -32.896776850000236 ], [ -68.820041430000074, -32.896815730000228 ], [ -68.820078850000087, -32.896858680000221 ], [ -68.820109950000088, -32.896905080000252 ], [ -68.820133230000081, -32.89695706000024 ], [ -68.820148560000078, -32.897011110000236 ], [ -68.820155680000099, -32.897066360000224 ], [ -68.820154490000093, -32.897121920000238 ], [ -68.820145, -32.897176910000226 ], [ -68.820127360000072, -32.89723046000023 ], [ -68.820101870000087, -32.897281700000249 ], [ -68.820068910000103, -32.897329810000251 ], [ -68.820029030000086, -32.897374040000223 ], [ -68.819982850000088, -32.89741367000024 ], [ -68.819931110000098, -32.897448070000252 ], [ -68.819874650000088, -32.897476690000218 ], [ -68.819814360000066, -32.897499080000223 ], [ -68.819539130000067, -32.89757197000025 ], [ -68.819434880000074, -32.897599570000246 ] ] ] } },
{ "type": "Feature", "properties": { "fid": 279, "TIPO": "PAVIMENTO", "NAME_1": "RN 40", "NAME_2": null, "TIPO_1": "RN", "N": 40, "JURISDIC": "DNV", "REFER": null, "JERAREFER": null }, "geometry": { "type": "MultiLineString", "coordinates": [ [ [ -68.819126760000088, -32.900191430000241 ], [ -68.819110370000075, -32.899574470000232 ], [ -68.819097520000071, -32.898772390000225 ], [ -68.819040530000095, -32.898316310000226 ], [ -68.818911015245718, -32.89781255407366 ], [ -68.818811255960725, -32.897461752192349 ], [ -68.818720814850693, -32.897117527846355 ], [ -68.818619959309828, -32.896887314111765 ], [ -68.8184168800001, -32.896483280000233 ] ] ] } },
{ "type": "Feature", "properties": { "fid": 280, "TIPO": "PAVIMENTO", "NAME_1": "RN 40", "NAME_2": null, "TIPO_1": "RN", "N": 40, "JURISDIC": "DNV", "REFER": null, "JERAREFER": null }, "geometry": { "type": "MultiLineString", "coordinates": [ [ [ -68.818811255960725, -32.897461752192349 ], [ -68.818802485913707, -32.897281966228192 ], [ -68.818822218519514, -32.89716466684915 ], [ -68.818848770000088, -32.897081790000243 ], [ -68.818874430000065, -32.897017860000233 ], [ -68.818907310000071, -32.896956330000222 ], [ -68.818947110000067, -32.896897780000231 ], [ -68.818993440000071, -32.896842750000218 ], [ -68.819045870000068, -32.896791770000227 ], [ -68.819103910000081, -32.896745320000242 ], [ -68.819167010000072, -32.896703820000234 ], [ -68.819234570000077, -32.896667680000228 ], [ -68.819305970000073, -32.896637230000231 ], [ -68.819380530000103, -32.896612760000238 ], [ -68.819457550000081, -32.896594500000234 ], [ -68.819536310000075, -32.896582610000237 ], [ -68.819624050000101, -32.896580740000246 ], [ -68.819711650000102, -32.896585290000218 ], [ -68.819798460000101, -32.89659623000022 ], [ -68.819883820000072, -32.896613470000226 ], [ -68.819967080000083, -32.896636900000232 ], [ -68.820047620000082, -32.896666320000243 ], [ -68.820124840000076, -32.896701530000236 ], [ -68.820252770000067, -32.896778610000219 ], [ -68.820384960000069, -32.896850390000239 ], [ -68.820521110000072, -32.896916700000226 ], [ -68.820660900000064, -32.896977390000231 ], [ -68.820804, -32.897032300000234 ], [ -68.820950080000074, -32.89708132000024 ], [ -68.821098790000079, -32.897124330000246 ], [ -68.821249800000089, -32.897161230000229 ], [ -68.821402740000067, -32.89719193000024 ], [ -68.821841800000072, -32.897245480000237 ], [ -68.8224209400001, -32.897234090000246 ], [ -68.823045220000068, -32.897208850000254 ] ] ] } },
{ "type": "Feature", "properties": { "fid": 281, "TIPO": "PAVIMENTO", "NAME_1": "RP 10", "NAME_2": "JUAN JOSE PASO", "TIPO_1": "RP", "N": 10, "JURISDIC": "DPV", "REFER": null, "JERAREFER": null }, "geometry": { "type": "MultiLineString", "coordinates": [ [ [ -68.8011592919745, -32.975132417733263 ], [ -68.799945281245527, -32.975385963559212 ], [ -68.799083259388738, -32.975596915339743 ], [ -68.797881233066363, -32.975910975433671 ], [ -68.796347884438461, -32.976286916914617 ], [ -68.795860350000098, -32.976397570000245 ], [ -68.795791350000087, -32.976411850000225 ], [ -68.795720820000085, -32.976419090000228 ], [ -68.795649780000105, -32.976419180000242 ], [ -68.795579220000064, -32.976412130000242 ], [ -68.795510170000071, -32.976398040000234 ], [ -68.795443610000106, -32.976377100000249 ], [ -68.795380490000099, -32.976349620000242 ], [ -68.795321700000073, -32.976315990000259 ], [ -68.795268100000072, -32.97627669000024 ], [ -68.79522044000008, -32.976232270000231 ], [ -68.795179410000088, -32.97618339000023 ], [ -68.795156650000095, -32.97613379000024 ], [ -68.795141400000091, -32.976082200000228 ], [ -68.795133900000067, -32.976029400000243 ], [ -68.795134260000083, -32.975976220000234 ], [ -68.795142480000067, -32.975923500000242 ], [ -68.795158430000072, -32.975872060000242 ], [ -68.795181870000064, -32.975822690000236 ], [ -68.795212420000084, -32.97577616000023 ], [ -68.795249610000084, -32.975733210000229 ], [ -68.795292870000083, -32.97569450000023 ], [ -68.7953415100001, -32.975660640000228 ], [ -68.795394780000066, -32.975632150000237 ], [ -68.795459581570498, -32.97560850588755 ], [ -68.795519510000091, -32.975598070000245 ], [ -68.795588270000096, -32.975593220000235 ], [ -68.79565725000009, -32.97559496000023 ], [ -68.795725540000078, -32.975603290000251 ], [ -68.795792270000092, -32.975618090000225 ], [ -68.795856580000077, -32.975639180000265 ], [ -68.79591764000007, -32.975666270000232 ], [ -68.79597466000007, -32.975699030000264 ], [ -68.796026910000066, -32.975737030000239 ], [ -68.796073700000093, -32.975779770000223 ], [ -68.796155697241304, -32.975871520967765 ], [ -68.796212369457507, -32.975962173017145 ] ] ] } },
{ "type": "Feature", "properties": { "fid": 282, "TIPO": "PAVIMENTO", "NAME_1": "RP 13", "NAME_2": null, "TIPO_1": "RP", "N": 13, "JURISDIC": "DPV", "REFER": null, "JERAREFER": null }, "geometry": { "type": "MultiLineString", "coordinates": [ [ [ -68.859827210000105, -32.850571130000219 ], [ -68.859807900000092, -32.85067821000024 ], [ -68.859780440000065, -32.850784010000226 ], [ -68.85974494000007, -32.85088809000024 ], [ -68.859701550000082, -32.850990020000232 ], [ -68.859650450000089, -32.851089370000253 ], [ -68.859591850000072, -32.851185730000225 ], [ -68.859526, -32.851278700000243 ], [ -68.859453180000074, -32.851367870000239 ], [ -68.859373680000076, -32.85145290000024 ], [ -68.859287840000079, -32.851533410000222 ], [ -68.859196030000092, -32.851609070000222 ], [ -68.859098610000089, -32.85167957000025 ], [ -68.858996, -32.851744610000232 ], [ -68.858896480000084, -32.851820760000244 ] ] ] } },
{ "type": "Feature", "properties": { "fid": 283, "TIPO": "PAVIMENTO", "NAME_1": "RN 40", "NAME_2": null, "TIPO_1": "RN", "N": 40, "JURISDIC": "DNV", "REFER": null, "JERAREFER": null }, "geometry": { "type": "MultiLineString", "coordinates": [ [ [ -68.817292451365361, -32.872062722550147 ], [ -68.817229769823655, -32.871952700079419 ], [ -68.817197978403186, -32.871903368564865 ], [ -68.817151935656256, -32.871848555770924 ], [ -68.816969409052362, -32.871710153466218 ], [ -68.816723847735446, -32.871552566683611 ], [ -68.816517751630215, -32.871438556072164 ], [ -68.816370550000087, -32.871337950000232 ], [ -68.815168671739087, -32.870476591538292 ], [ -68.814834313695968, -32.870161966101008 ], [ -68.814585463611451, -32.869873650804827 ], [ -68.814216299444183, -32.869361973373309 ], [ -68.813854809068076, -32.868824259864653 ], [ -68.812710043866375, -32.867291420081791 ], [ -68.812424195145923, -32.866869087504405 ], [ -68.811976100555356, -32.866186668219711 ], [ -68.811449075541532, -32.865432170110971 ], [ -68.811188440706275, -32.865068761287077 ], [ -68.810898206962307, -32.864654924692744 ], [ -68.809858134197057, -32.863200193141274 ], [ -68.809377700058079, -32.862527366095541 ], [ -68.809178181488093, -32.862219592257496 ], [ -68.809027172240746, -32.861966905277392 ], [ -68.808675548167528, -32.86118965985915 ], [ -68.808311865279663, -32.860146024262349 ], [ -68.80732879782019, -32.857411139908102 ], [ -68.806795195271036, -32.856045616178797 ], [ -68.806567448112162, -32.855424039095389 ], [ -68.806424386719939, -32.854988825511448 ], [ -68.806190884217727, -32.854254608136465 ], [ -68.805907228009005, -32.853444475041861 ], [ -68.805511479636678, -32.852366855512763 ], [ -68.805250970000088, -32.851699210000234 ], [ -68.80503567000008, -32.851169640000236 ], [ -68.804857440000092, -32.850767630000234 ], [ -68.80468830000008, -32.85043781000023 ], [ -68.804420979100996, -32.849963862625941 ], [ -68.804230360000076, -32.849682420000235 ], [ -68.804023312280876, -32.849394357696802 ], [ -68.803829274990306, -32.849162225514419 ], [ -68.803648666834221, -32.84896407726427 ], [ -68.803249903758228, -32.848581209898512 ], [ -68.802952664248878, -32.848319687265814 ], [ -68.802833812279559, -32.848231310160429 ], [ -68.802659496057913, -32.848085640310856 ], [ -68.802591876166829, -32.848006223689978 ], [ -68.802555424397582, -32.847943932193594 ], [ -68.802516416571763, -32.847848698243837 ], [ -68.802490817686063, -32.84772740828538 ], [ -68.802471923270417, -32.847610994305178 ], [ -68.802475673043645, -32.847536478045832 ], [ -68.802487731858335, -32.847403831084449 ], [ -68.802528293325835, -32.847092768478788 ], [ -68.802528293325835, -32.846989994490123 ], [ -68.80252061953469, -32.846911064066838 ], [ -68.802491020625965, -32.846782802129006 ], [ -68.802401950000075, -32.846499110000252 ], [ -68.8022884873523, -32.846173283860253 ], [ -68.802240252093597, -32.845936492590383 ], [ -68.802209556929, -32.845739440596127 ], [ -68.802170069743198, -32.845363320716153 ], [ -68.80215364787918, -32.844968498649202 ], [ -68.802168850748657, -32.844641980686994 ], [ -68.802202982596256, -32.844331746572195 ], [ -68.802241990422075, -32.844025778938374 ], [ -68.80229378000007, -32.843731210000236 ], [ -68.802376530000075, -32.843338250000244 ], [ -68.802546550000073, -32.842815840000235 ], [ -68.802706330000106, -32.842293410000238 ], [ -68.803316534124122, -32.840522693329881 ], [ -68.803576620000072, -32.839798010000237 ], [ -68.803756810000095, -32.839297220000226 ], [ -68.80399334000009, -32.838774910000232 ], [ -68.804330128098343, -32.838166072102325 ], [ -68.80456905103155, -32.837831762845049 ], [ -68.805175500823694, -32.837008941518988 ], [ -68.805755437484223, -32.836214157067772 ], [ -68.806051653161617, -32.835748196398299 ], [ -68.806193970776135, -32.835476970109369 ], [ -68.80635853504134, -32.83511828096092 ], [ -68.806471901535161, -32.834757153823375 ], [ -68.806565459367405, -32.83442497780657 ], [ -68.806643475019058, -32.834038556531958 ], [ -68.806715500000081, -32.833543900000222 ], [ -68.806750960000088, -32.832966390000244 ], [ -68.80674221357819, -32.832462396569611 ], [ -68.806695891785026, -32.832053423895701 ], [ -68.806637380046283, -32.831770617158448 ], [ -68.806575450000096, -32.831525410000232 ], [ -68.806428130000086, -32.831108050000253 ], [ -68.80631251799683, -32.830817820537746 ], [ -68.806231454858789, -32.830646551802495 ], [ -68.806115802750185, -32.8304248471674 ], [ -68.805288820000087, -32.828972500000233 ], [ -68.804853381511961, -32.828163307515311 ], [ -68.804310319436794, -32.827002519948287 ], [ -68.803815560000075, -32.825735550000239 ], [ -68.803648370000076, -32.825282660000248 ], [ -68.803477500000099, -32.824840060000241 ], [ -68.80326868858775, -32.824082723235378 ], [ -68.803095591360659, -32.823403438518426 ], [ -68.802990757828752, -32.823059072556035 ], [ -68.802877870000088, -32.822747040000209 ], [ -68.802650810000088, -32.822316720000245 ], [ -68.80251397858261, -32.822088448139937 ], [ -68.802304311518782, -32.821798022686707 ], [ -68.802138223510383, -32.821587746125623 ], [ -68.802005962600944, -32.821429124458867 ], [ -68.801878577669711, -32.821294882683283 ], [ -68.801794450000074, -32.821201940000229 ], [ -68.801614055850834, -32.821037674831715 ], [ -68.801431511415885, -32.820877377047452 ], [ -68.801271, -32.820764730000263 ], [ -68.800885490000098, -32.820520840000242 ], [ -68.796246160000081, -32.817956130000233 ], [ -68.785115920000095, -32.811659590000232 ], [ -68.775655710000066, -32.806332670000224 ], [ -68.774089489633326, -32.805424930812585 ], [ -68.773512668621748, -32.805097097288019 ], [ -68.77239015003444, -32.804461660472171 ], [ -68.77113483812073, -32.80375723337351 ], [ -68.769798605273721, -32.802946986592858 ], [ -68.769286624753519, -32.802642755007135 ], [ -68.769050086640846, -32.802478838244859 ], [ -68.768699429263293, -32.802219476279213 ], [ -68.768305199075527, -32.801914466607613 ], [ -68.768020938361175, -32.801711126826547 ], [ -68.767699329523765, -32.801494300223283 ], [ -68.767593509841817, -32.801412341842138 ] ] ] } },
{ "type": "Feature", "properties": { "fid": 284, "TIPO": "PAVIMENTO", "NAME_1": "RN 40", "NAME_2": null, "TIPO_1": "RN", "N": 40, "JURISDIC": "DNV", "REFER": null, "JERAREFER": null }, "geometry": { "type": "MultiLineString", "coordinates": [ [ [ -68.815468223657646, -32.897361855875367 ], [ -68.816247220000093, -32.897493830000236 ], [ -68.817560976130736, -32.897721975931631 ], [ -68.818236269752205, -32.897847360197801 ], [ -68.818408381925195, -32.897893402944717 ], [ -68.818550895189475, -32.897958630169519 ], [ -68.818631469996589, -32.898017827986997 ], [ -68.818704130000071, -32.898076810000234 ], [ -68.818757539422663, -32.89813731987779 ], [ -68.818804610000086, -32.898215660000211 ], [ -68.818875820000088, -32.898403670000221 ], [ -68.818938860000102, -32.898703520000247 ], [ -68.819014570000064, -32.899287500000234 ], [ -68.819082579290765, -32.899937097967204 ], [ -68.819126760000088, -32.900191430000241 ], [ -68.819308956129788, -32.901378400384147 ], [ -68.820027003730601, -32.905682026901211 ], [ -68.820170613250752, -32.906397333862273 ], [ -68.820419463335298, -32.907294345235286 ], [ -68.820716548678519, -32.908102559882096 ], [ -68.821310171237002, -32.909481649777902 ], [ -68.822826490000068, -32.913063280000245 ], [ -68.823168324951922, -32.913931900518804 ], [ -68.823412790012966, -32.914690509587096 ], [ -68.823544340718428, -32.915187661628217 ], [ -68.823649581282808, -32.915643978137865 ], [ -68.823787709523586, -32.916346952220302 ], [ -68.823869928714501, -32.916937286011148 ], [ -68.823908297670272, -32.917351396669453 ], [ -68.823947762881929, -32.917884451090636 ], [ -68.823966399231878, -32.918542752745978 ], [ -68.823920356484933, -32.919737397590161 ], [ -68.823835944782246, -32.921537175679525 ], [ -68.823806345873564, -32.922387048049764 ], [ -68.823826078479357, -32.922986425951621 ], [ -68.823860062411612, -32.923629105960693 ], [ -68.823972976767152, -32.924525569205763 ], [ -68.824050480204136, -32.924964051930118 ], [ -68.824226385735557, -32.92579927043748 ], [ -68.824311271188762, -32.926123186024071 ], [ -68.824592635402851, -32.927011466443396 ], [ -68.824743142404003, -32.927426653081724 ], [ -68.825167073483456, -32.928413029584725 ], [ -68.826080180000076, -32.930149540000222 ], [ -68.826299020000064, -32.930540810000224 ], [ -68.826620850000069, -32.931117980000231 ], [ -68.826985487922713, -32.93177209463007 ], [ -68.827311450000082, -32.932337520000225 ], [ -68.828188354686006, -32.933863613815234 ], [ -68.828569851731899, -32.934644148001098 ], [ -68.828764163086433, -32.935062917746905 ], [ -68.828874062738308, -32.935323826646105 ], [ -68.829018494450381, -32.935686139214127 ], [ -68.829242601310199, -32.936276730929443 ], [ -68.829444937987319, -32.936875713874869 ], [ -68.829560602639106, -32.937227790459431 ], [ -68.829677344233673, -32.937630486047581 ], [ -68.82984679000009, -32.938358630000231 ], [ -68.830126520000078, -32.939538750000224 ], [ -68.830368530000086, -32.940593080000227 ], [ -68.830519210000105, -32.941201440000228 ], [ -68.830819652345042, -32.942384712009918 ], [ -68.831087009017864, -32.943493888867309 ], [ -68.831284876511418, -32.944316275637355 ], [ -68.8316688336715, -32.945905104499218 ], [ -68.832052790831597, -32.947477444403241 ], [ -68.832259533894558, -32.948324304072216 ], [ -68.832447906775869, -32.949023499555629 ], [ -68.832617969535136, -32.949571748723621 ], [ -68.832925859181273, -32.950506697622302 ], [ -68.8331970241492, -32.951194242328299 ], [ -68.833594315528643, -32.952065412105313 ], [ -68.834430965912176, -32.953701570364714 ], [ -68.835124089648318, -32.955023930603147 ], [ -68.835952492277897, -32.956624394814838 ], [ -68.836409326685342, -32.957509353265557 ], [ -68.836852301002523, -32.958350583479778 ], [ -68.837470895485268, -32.959529751345464 ], [ -68.838247731772057, -32.96102213539433 ], [ -68.839362903052262, -32.963147250589245 ], [ -68.84051118126628, -32.965358282348681 ], [ -68.84075723875381, -32.965835429382565 ], [ -68.841682154562676, -32.967632565527481 ], [ -68.841861073640132, -32.96796412486848 ], [ -68.842053311510242, -32.968319828857631 ], [ -68.842536110000069, -32.969249980000228 ], [ -68.843022747634478, -32.970171001354686 ], [ -68.843394564406807, -32.970924568935317 ], [ -68.84383977140358, -32.971782545260666 ], [ -68.844311739476694, -32.97268228508387 ], [ -68.845039965129004, -32.974096567419778 ], [ -68.845465709524859, -32.97488277540409 ], [ -68.845843608360028, -32.97562640894882 ], [ -68.846110408181403, -32.976204610385466 ], [ -68.846523988451651, -32.977172469312031 ], [ -68.846869449618566, -32.978044231646358 ], [ -68.84737860750667, -32.979304079320102 ], [ -68.847679607849798, -32.9800672825993 ], [ -68.84820912531751, -32.981452619638212 ], [ -68.848613175408559, -32.982451593065605 ], [ -68.849405669805222, -32.984478648615521 ], [ -68.84982208837144, -32.985538954896604 ], [ -68.850287568910886, -32.986730228263255 ], [ -68.850422996175837, -32.987097584856215 ], [ -68.8506857412887, -32.987938531405725 ], [ -68.851392882456651, -32.990356759574141 ], [ -68.85200005008862, -32.992380150758038 ], [ -68.852755669994195, -32.994990683219754 ], [ -68.853326920000072, -32.996827060000228 ], [ -68.854041012598771, -32.999382338030593 ], [ -68.854243496019208, -33.000054891382689 ] ] ] } },
{ "type": "Feature", "properties": { "fid": 285, "TIPO": "PAVIMENTO", "NAME_1": "RP 5", "NAME_2": null, "TIPO_1": "RP", "N": 5, "JURISDIC": "DPV", "REFER": null, "JERAREFER": null }, "geometry": { "type": "MultiLineString", "coordinates": [ [ [ -68.755124701149214, -32.963003598174964 ], [ -68.755073731149238, -32.963007058174945 ], [ -68.755024121149233, -32.963017548174953 ], [ -68.75497724114922, -32.963034778174936 ], [ -68.754934361149239, -32.963058268174933 ], [ -68.754896661149218, -32.963087398174956 ], [ -68.754865151149232, -32.963121358174938 ], [ -68.754840711149214, -32.96315921817498 ], [ -68.754823991149223, -32.963199968174969 ], [ -68.754815461149235, -32.963242468174961 ], [ -68.754815341149239, -32.963285578174983 ], [ -68.754823641149244, -32.963328118174935 ], [ -68.754840131149237, -32.96336892817498 ], [ -68.754864361149245, -32.963406888174951 ], [ -68.754895681149236, -32.963440978174937 ], [ -68.754933231149224, -32.96347024817495 ], [ -68.754975971149236, -32.963493908174961 ], [ -68.755022761149235, -32.963511318174959 ], [ -68.755072311149235, -32.963521998174961 ], [ -68.755123261149222, -32.963525658174959 ], [ -68.755174241149234, -32.963522198174971 ], [ -68.755223841149217, -32.963511708174963 ], [ -68.75527072114923, -32.963494488174916 ], [ -68.755313601149226, -32.963470988174961 ], [ -68.755351311149212, -32.963441868174947 ], [ -68.755382811149246, -32.963407908174936 ], [ -68.755407251149236, -32.963370038174965 ], [ -68.755423971149227, -32.963329298174969 ], [ -68.755432511149223, -32.963286788174976 ], [ -68.755432631149233, -32.963243678174962 ], [ -68.755424331149214, -32.963201138174959 ], [ -68.755407831149213, -32.963160328174943 ], [ -68.755383601149248, -32.963122368174972 ], [ -68.755352281149229, -32.963088288174966 ], [ -68.755314741149235, -32.963059018174967 ], [ -68.755271991149215, -32.963035348174955 ], [ -68.75522520114923, -32.963017938174964 ], [ -68.755175661149238, -32.963007258174954 ], [ -68.755124701149214, -32.963003598174964 ] ] ] } },
{ "type": "Feature", "properties": { "fid": 286, "TIPO": "PAVIMENTO", "NAME_1": "RP 5", "NAME_2": null, "TIPO_1": "RP", "N": 5, "JURISDIC": "DPV", "REFER": null, "JERAREFER": null }, "geometry": { "type": "MultiLineString", "coordinates": [ [ [ -68.755589370000067, -32.962236770000217 ], [ -68.755589174516899, -32.962294279200727 ], [ -68.755583327818869, -32.962352015343697 ], [ -68.755566518562048, -32.962420531336129 ], [ -68.755545324281726, -32.962489960875118 ], [ -68.755516821628888, -32.962549889529853 ], [ -68.755478087254488, -32.962614751336027 ] ] ] } },
{ "type": "Feature", "properties": { "fid": 287, "TIPO": "PAVIMENTO", "NAME_1": "RP 5", "NAME_2": null, "TIPO_1": "RP", "N": 5, "JURISDIC": "DPV", "REFER": null, "JERAREFER": null }, "geometry": { "type": "MultiLineString", "coordinates": [ [ [ -68.755478087254488, -32.962614751336027 ], [ -68.755426928646813, -32.962681988363286 ], [ -68.755378693388124, -32.962729492784696 ], [ -68.755323149756919, -32.962770967798768 ], [ -68.755266875288456, -32.962811163847682 ], [ -68.755115591977159, -32.962902518504265 ], [ -68.755057855834195, -32.962948378541874 ], [ -68.755003773877505, -32.962987661044245 ], [ -68.754951884432543, -32.963031511279382 ], [ -68.754875877358288, -32.963122683226644 ] ] ] } },
{ "type": "Feature", "properties": { "fid": 288, "TIPO": "PAVIMENTO", "NAME_1": "RP 5", "NAME_2": null, "TIPO_1": "RP", "N": 5, "JURISDIC": "DPV", "REFER": null, "JERAREFER": null }, "geometry": { "type": "MultiLineString", "coordinates": [ [ [ -68.755478087254488, -32.962614751336027 ], [ -68.755409571261978, -32.962774621985041 ], [ -68.755397512447303, -32.962814087196683 ], [ -68.755390934912043, -32.962858302850471 ], [ -68.755389160000064, -32.962896260000228 ], [ -68.755389170000086, -32.962960540000232 ], [ -68.755397450000075, -32.963024450000219 ], [ -68.755414504413494, -32.963120856133536 ], [ -68.755424331149214, -32.963201138174959 ] ] ] } },
{ "type": "Feature", "properties": { "fid": 289, "TIPO": "PAVIMENTO", "NAME_1": "RP 6", "NAME_2": null, "TIPO_1": "RP", "N": 6, "JURISDIC": "DPV", "REFER": null, "JERAREFER": null }, "geometry": { "type": "MultiLineString", "coordinates": [ [ [ -68.755382811149246, -32.963407908174936 ], [ -68.755478087254474, -32.963315076133412 ], [ -68.755540391130197, -32.963240165314993 ], [ -68.755593742249616, -32.963171101194625 ], [ -68.755654401741609, -32.963104320940637 ], [ -68.755698617395382, -32.963071798682918 ], [ -68.755739544281553, -32.963045853960431 ], [ -68.755785404319141, -32.963023837488201 ], [ -68.755908915814857, -32.962993142323597 ], [ -68.756027720000091, -32.962959930000217 ], [ -68.756155756096945, -32.962923164656644 ] ] ] } },
{ "type": "Feature", "properties": { "fid": 290, "TIPO": "PAVIMENTO", "NAME_1": "RP 5", "NAME_2": null, "TIPO_1": "RP", "N": 5, "JURISDIC": "DPV", "REFER": null, "JERAREFER": null }, "geometry": { "type": "MultiLineString", "coordinates": [ [ [ -68.75527072114923, -32.963494488174916 ], [ -68.755025698995084, -32.963635000140798 ], [ -68.754924843454205, -32.963694746086198 ], [ -68.754856144752452, -32.963748097205638 ], [ -68.754815217866295, -32.963791947440789 ], [ -68.754786570000078, -32.963834340000233 ], [ -68.75475748000008, -32.963878170000228 ], [ -68.754734980000066, -32.963924680000218 ], [ -68.754719420000072, -32.96397317000023 ], [ -68.754678930000068, -32.964222030000244 ] ] ] } },
{ "type": "Feature", "properties": { "fid": 291, "TIPO": "PAVIMENTO", "NAME_1": "RP 6", "NAME_2": null, "TIPO_1": "RP", "N": 6, "JURISDIC": "DPV", "REFER": null, "JERAREFER": null }, "geometry": { "type": "MultiLineString", "coordinates": [ [ [ -68.75418048571224, -32.963278168852156 ], [ -68.7543493091176, -32.963221894383707 ], [ -68.754531653012265, -32.963143694797658 ], [ -68.75472678655872, -32.963058369548413 ], [ -68.754984041271669, -32.962953859821283 ], [ -68.755115591977159, -32.962902518504265 ] ] ] } },
{ "type": "Feature", "properties": { "fid": 292, "TIPO": "PAVIMENTO", "NAME_1": "RP 6", "NAME_2": null, "TIPO_1": "RP", "N": 6, "JURISDIC": "DPV", "REFER": null, "JERAREFER": null }, "geometry": { "type": "MultiLineString", "coordinates": [ [ [ -68.755175661149238, -32.963007258174954 ], [ -68.755343089379011, -32.963014494524373 ], [ -68.755536836864806, -32.963017737160115 ], [ -68.755626820006754, -32.963010441229684 ] ] ] } },
{ "type": "Feature", "properties": { "fid": 293, "TIPO": "PAVIMENTO", "NAME_1": "RP 6", "NAME_2": null, "TIPO_1": "RP", "N": 6, "JURISDIC": "DPV", "REFER": null, "JERAREFER": null }, "geometry": { "type": "MultiLineString", "coordinates": [ [ [ -68.75418048571224, -32.963278168852156 ], [ -68.754324826069748, -32.963270129642382 ], [ -68.754376715514582, -32.963270860479625 ], [ -68.754431528308515, -32.963275245503119 ], [ -68.754527267988621, -32.963298266876599 ], [ -68.754622642250112, -32.963335174157862 ], [ -68.75479365816723, -32.963414835418398 ], [ -68.754975971149236, -32.963493908174961 ] ] ] } },
{ "type": "Feature", "properties": { "fid": 294, "TIPO": "PAVIMENTO", "NAME_1": "RP 5", "NAME_2": null, "TIPO_1": "RP", "N": 5, "JURISDIC": "DPV", "REFER": null, "JERAREFER": null }, "geometry": { "type": "MultiLineString", "coordinates": [ [ [ -68.755567980236577, -32.962081057432258 ], [ -68.755611830471736, -32.962168027065339 ], [ -68.755648460000074, -32.962250620000205 ], [ -68.755762565655061, -32.96270838985901 ], [ -68.75577425905108, -32.962746758814774 ], [ -68.755792529982401, -32.96278357474138 ], [ -68.755817378448995, -32.962815000743241 ], [ -68.755849535288121, -32.962841310884329 ], [ -68.755901790151682, -32.96287703055507 ], [ -68.755945274968212, -32.962897493998128 ], [ -68.755984740179841, -32.962910283650061 ], [ -68.756044303415933, -32.962919784534357 ], [ -68.756155756096945, -32.962923164656644 ] ] ] } },
{ "type": "Feature", "properties": { "fid": 295, "TIPO": "PAVIMENTO", "NAME_1": "RP 5", "NAME_2": null, "TIPO_1": "RP", "N": 5, "JURISDIC": "DPV", "REFER": null, "JERAREFER": null }, "geometry": { "type": "MultiLineString", "coordinates": [ [ [ -68.754645663623677, -32.963611247930089 ], [ -68.754642340000089, -32.963526310000226 ], [ -68.754657050000077, -32.963457710000249 ], [ -68.754679630000069, -32.963390650000228 ], [ -68.75470987000007, -32.963325770000218 ], [ -68.754747480000077, -32.96326368000021 ], [ -68.754792090000066, -32.963204980000221 ], [ -68.754865151149232, -32.963121358174938 ] ] ] } },
{ "type": "Feature", "properties": { "fid": 296, "TIPO": "PAVIMENTO", "NAME_1": "RP 10", "NAME_2": "JUAN JOSE PASO", "TIPO_1": "RP", "N": 10, "JURISDIC": "DPV", "REFER": null, "JERAREFER": null }, "geometry": { "type": "MultiLineString", "coordinates": [ [ [ -68.828676751349192, -32.969665037423056 ], [ -68.827672365487558, -32.969833055657602 ], [ -68.827446285483518, -32.969879514960475 ], [ -68.827253053328747, -32.969933157524622 ], [ -68.827004417081525, -32.970009309721661 ], [ -68.826878191481981, -32.970053242736313 ], [ -68.826493915169749, -32.97020421058334 ], [ -68.825517375556288, -32.970603976435712 ], [ -68.825305140366197, -32.970678577969089 ], [ -68.825068886506585, -32.970754956696794 ], [ -68.824800552060864, -32.970819250867294 ], [ -68.824237641715953, -32.970922763457416 ], [ -68.819003574533454, -32.971835907313256 ], [ -68.815878956670659, -32.972384499901743 ] ] ] } },
{ "type": "Feature", "properties": { "fid": 297, "TIPO": "PAVIMENTO", "NAME_1": "RP 10", "NAME_2": "JUAN JOSE PASO", "TIPO_1": "RP", "N": 10, "JURISDIC": "DPV", "REFER": null, "JERAREFER": null }, "geometry": { "type": "MultiLineString", "coordinates": [ [ [ -68.828676751349192, -32.969665037423056 ], [ -68.833048241921702, -32.968945413811078 ], [ -68.835005883523237, -32.968622426209834 ], [ -68.835500472140637, -32.968542533655558 ], [ -68.835688091180685, -32.968512629538665 ], [ -68.835940928437239, -32.968482278114543 ], [ -68.836201826967212, -32.968466852474066 ], [ -68.83744000713871, -32.96843480314562 ], [ -68.837974940130849, -32.96840822373138 ], [ -68.838661664495348, -32.968313865094224 ], [ -68.839046010674366, -32.968247879438643 ], [ -68.840704427317263, -32.967937947174072 ], [ -68.841544702658041, -32.967776114922295 ], [ -68.84220011861764, -32.967656553428611 ], [ -68.844442208714568, -32.967256641154805 ], [ -68.846213250793127, -32.966940705820555 ], [ -68.846548767449534, -32.966885843169159 ], [ -68.846951771753695, -32.966831217167517 ], [ -68.8473357869305, -32.966788151366046 ], [ -68.848408170461269, -32.966670000196146 ], [ -68.848632496244576, -32.966637303920677 ], [ -68.849299318222492, -32.966522397792296 ], [ -68.850524507621529, -32.966310278192346 ], [ -68.851626330164578, -32.966120291439964 ], [ -68.852525634906542, -32.96594482369391 ], [ -68.852814893108913, -32.965864457720372 ], [ -68.852964655013537, -32.965787668338905 ], [ -68.853197396036364, -32.965644099319839 ], [ -68.853383515756946, -32.965550849586904 ], [ -68.853542611100607, -32.965494949766274 ], [ -68.853675361600551, -32.965463492136074 ], [ -68.85378810388768, -32.96543002821528 ] ] ] } },
{ "type": "Feature", "properties": { "fid": 298, "TIPO": "PAVIMENTO", "NAME_1": "RP 10", "NAME_2": "JUAN JOSE PASO", "TIPO_1": "RP", "N": 10, "JURISDIC": "DPV", "REFER": null, "JERAREFER": null }, "geometry": { "type": "MultiLineString", "coordinates": [ [ [ -68.815878956670659, -32.972384499901743 ], [ -68.804914912614208, -32.974430484166007 ], [ -68.8011592919745, -32.975132417733263 ] ] ] } },
{ "type": "Feature", "properties": { "fid": 299, "TIPO": "PAVIMENTO", "NAME_1": "RP 13", "NAME_2": null, "TIPO_1": "RP", "N": 13, "JURISDIC": "DPV", "REFER": null, "JERAREFER": null }, "geometry": { "type": "MultiLineString", "coordinates": [ [ [ -68.85979922000007, -32.850715350000222 ], [ -68.859783450000094, -32.85083817000023 ], [ -68.859774930000086, -32.850961500000246 ], [ -68.859773700000076, -32.851085030000242 ], [ -68.859779750000087, -32.851208470000238 ], [ -68.859793070000094, -32.851331490000263 ], [ -68.859813630000104, -32.851453800000236 ], [ -68.859841370000083, -32.851575100000225 ], [ -68.859876230000097, -32.851695080000241 ], [ -68.859918120000103, -32.851813450000229 ], [ -68.859966940000078, -32.851929920000231 ], [ -68.860003870000085, -32.852007560000253 ] ] ] } },
{ "type": "Feature", "properties": { "fid": 300, "TIPO": "PAVIMENTO", "NAME_1": "RP 50", "NAME_2": null, "TIPO_1": "RP", "N": 50, "JURISDIC": "DPV", "REFER": null, "JERAREFER": null }, "geometry": { "type": "MultiLineString", "coordinates": [ [ [ -68.778139340657674, -32.908801697069087 ], [ -68.778031907581521, -32.908839791960865 ], [ -68.777439929406853, -32.908971342666348 ], [ -68.775297550000076, -32.909311880000224 ], [ -68.773599810000078, -32.909552380000257 ], [ -68.772055200000082, -32.909827940000234 ], [ -68.770007820000103, -32.910823290000252 ], [ -68.766650370000065, -32.912502120000227 ], [ -68.766396700000101, -32.912606030000241 ], [ -68.766019350000093, -32.91267989000022 ], [ -68.764657550000081, -32.912876160000224 ], [ -68.761957300000077, -32.913343260000225 ], [ -68.75798359000008, -32.914006670000241 ], [ -68.756598060000087, -32.914247540000225 ], [ -68.756126270000067, -32.914370890000235 ], [ -68.753513860000069, -32.915006980000236 ], [ -68.748984540000066, -32.916205840000252 ], [ -68.745493180000068, -32.917103440000218 ], [ -68.745387, -32.917138020000245 ], [ -68.744377900000103, -32.917608170000243 ], [ -68.742961440000073, -32.918321040000215 ], [ -68.742553970000074, -32.918608500000232 ], [ -68.741502250000082, -32.919535840000236 ], [ -68.740923230000078, -32.92003668000023 ], [ -68.740769540000088, -32.920195420000233 ], [ -68.738994770000076, -32.922483200000237 ], [ -68.736846800000066, -32.92538156000024 ], [ -68.735882280000084, -32.926671890000236 ], [ -68.735692870000065, -32.926939910000257 ], [ -68.735503660000091, -32.927143310000254 ], [ -68.734498450000075, -32.928229750000206 ], [ -68.732771950000085, -32.930040350000226 ], [ -68.729354260000065, -32.933611860000219 ], [ -68.726290950000077, -32.936865930000245 ], [ -68.723392980000099, -32.939956260000244 ], [ -68.72103910000007, -32.942426400000237 ], [ -68.71917025000009, -32.944335910000227 ], [ -68.71831801000009, -32.945392740000251 ], [ -68.715932910000092, -32.948315040000217 ], [ -68.714210550000089, -32.950433570000236 ], [ -68.712085270000088, -32.95314762000023 ], [ -68.71077011000007, -32.955088100000232 ], [ -68.710586110000065, -32.955465440000232 ], [ -68.709166730000092, -32.958603580000251 ] ] ] } },
{ "type": "Feature", "properties": { "fid": 301, "TIPO": "PAVIMENTO", "NAME_1": "RP 50", "NAME_2": null, "TIPO_1": "RP", "N": 50, "JURISDIC": "DPV", "REFER": null, "JERAREFER": null }, "geometry": { "type": "MultiLineString", "coordinates": [ [ [ -68.693176120000075, -32.984218790000241 ], [ -68.693065090000076, -32.984326130000234 ], [ -68.692831350000091, -32.984552100000251 ], [ -68.692417400000068, -32.985067100000208 ], [ -68.691277290000073, -32.986546900000228 ], [ -68.690239190000099, -32.987888500000231 ], [ -68.689, -32.989493900000248 ], [ -68.687970760000084, -32.990843050000237 ], [ -68.687682640000077, -32.991235010000231 ], [ -68.687469470000067, -32.991546600000262 ] ] ] } },
{ "type": "Feature", "properties": { "fid": 302, "TIPO": "PAVIMENTO", "NAME_1": "RP 13", "NAME_2": null, "TIPO_1": "RP", "N": 13, "JURISDIC": "DPV", "REFER": null, "JERAREFER": null }, "geometry": { "type": "MultiLineString", "coordinates": [ [ [ -68.865167260000092, -32.901361650000233 ], [ -68.865113020000067, -32.901370620000243 ], [ -68.865057880000066, -32.901373860000241 ], [ -68.865002700000105, -32.90137132000023 ], [ -68.864948300000066, -32.901363030000226 ], [ -68.864895550000071, -32.901349130000241 ], [ -68.864845240000065, -32.901329820000221 ], [ -68.864798150000098, -32.901305410000255 ], [ -68.864755, -32.901276270000224 ], [ -68.864716460000068, -32.90124285000023 ], [ -68.864735330000087, -32.901297990000238 ], [ -68.864746830000087, -32.901354550000228 ], [ -68.864750820000083, -32.901411840000222 ], [ -68.864747260000073, -32.901469150000231 ], [ -68.864736180000079, -32.901525780000227 ], [ -68.864717730000081, -32.901581020000243 ], [ -68.864692130000094, -32.901634190000259 ] ] ] } },
{ "type": "Feature", "properties": { "fid": 303, "TIPO": "PAVIMENTO", "NAME_1": "RP 13", "NAME_2": null, "TIPO_1": "RP", "N": 13, "JURISDIC": "DPV", "REFER": null, "JERAREFER": null }, "geometry": { "type": "MultiLineString", "coordinates": [ [ [ -68.864716460000068, -32.90124285000023 ], [ -68.864306770000084, -32.900737010000242 ], [ -68.864077920000085, -32.900446620000245 ], [ -68.863967600000052, -32.900297970000246 ], [ -68.863902450000097, -32.900063020000218 ], [ -68.863540750000098, -32.89829757000021 ], [ -68.863061250000072, -32.895930970000251 ], [ -68.862565650000079, -32.893408920000219 ], [ -68.862078140000065, -32.890959400000249 ], [ -68.861606660000106, -32.888758600000251 ], [ -68.861208840000103, -32.886582060000237 ], [ -68.860624140000098, -32.883507240000228 ], [ -68.859888740000088, -32.879972840000235 ], [ -68.859340660000072, -32.87709493000024 ], [ -68.859239250000087, -32.876511070000234 ], [ -68.858943490000087, -32.874579880000233 ], [ -68.858582730000094, -32.872348100000224 ], [ -68.858287030000071, -32.870396170000241 ], [ -68.858068060000079, -32.869107530000235 ], [ -68.858015430000066, -32.868741330000233 ], [ -68.858015750000092, -32.86854445000025 ], [ -68.858040650000106, -32.86833032000024 ], [ -68.858098380000087, -32.868060960000236 ], [ -68.858464620000106, -32.866824800000231 ], [ -68.858621020000086, -32.866275770000236 ], [ -68.858682890000082, -32.865975320000217 ], [ -68.858703720000079, -32.865743920000227 ], [ -68.858704230000072, -32.865426140000245 ], [ -68.858681180000104, -32.864476230000236 ], [ -68.85866689000008, -32.863160180000214 ], [ -68.858706030000093, -32.86170949000023 ], [ -68.85880767000009, -32.859550760000225 ], [ -68.858879120000068, -32.858366070000237 ], [ -68.858916460000088, -32.858048330000216 ], [ -68.858978410000077, -32.857692630000237 ], [ -68.859077200000087, -32.857330050000243 ], [ -68.859344630000095, -32.856432280000249 ], [ -68.859426960000093, -32.856128400000237 ], [ -68.859443700000071, -32.855893540000238 ], [ -68.859481320000071, -32.855392730000219 ], [ -68.859482090000085, -32.854905700000252 ], [ -68.859425490000092, -32.854466960000231 ], [ -68.859368770000103, -32.854104210000244 ] ] ] } },
{ "type": "Feature", "properties": { "fid": 304, "TIPO": "PAVIMENTO", "NAME_1": "RP 13", "NAME_2": null, "TIPO_1": "RP", "N": 13, "JURISDIC": "DPV", "REFER": null, "JERAREFER": null }, "geometry": { "type": "MultiLineString", "coordinates": [ [ [ -68.859328880000092, -32.851720460000244 ], [ -68.859245030000068, -32.851723900000266 ], [ -68.859162010000091, -32.851734360000236 ], [ -68.859080630000065, -32.851751760000234 ], [ -68.859001710000072, -32.851775900000234 ], [ -68.858926030000092, -32.851806560000234 ], [ -68.858854340000093, -32.851843430000237 ], [ -68.858787360000079, -32.851886130000231 ], [ -68.858725750000104, -32.851934260000249 ], [ -68.85867012000007, -32.851987320000255 ], [ -68.858621020000086, -32.852044800000243 ], [ -68.858578950000066, -32.85210611000025 ], [ -68.858544330000072, -32.85217066000024 ], [ -68.858517480000089, -32.852237790000224 ], [ -68.858498690000104, -32.852306850000232 ], [ -68.858488150000071, -32.852377140000229 ], [ -68.858485940000079, -32.852447970000227 ], [ -68.858492100000078, -32.852518640000234 ], [ -68.858506570000074, -32.852588430000218 ], [ -68.858529190000084, -32.852656670000243 ], [ -68.858559760000091, -32.852722660000239 ], [ -68.858597960000097, -32.85278575000023 ], [ -68.858643410000084, -32.852845330000243 ], [ -68.858695660000066, -32.852900780000233 ], [ -68.85875419000007, -32.852951570000236 ], [ -68.858818420000077, -32.852997190000252 ], [ -68.858887720000084, -32.85303718000025 ], [ -68.85896139000009, -32.853071150000233 ], [ -68.859038700000085, -32.853098760000236 ], [ -68.859118880000068, -32.853119740000224 ], [ -68.859201140000096, -32.853133870000249 ], [ -68.859284660000085, -32.853141020000251 ], [ -68.859368610000075, -32.853141110000244 ], [ -68.859452150000067, -32.853134150000237 ], [ -68.859534450000083, -32.853120200000234 ], [ -68.85961470000008, -32.853099410000212 ], [ -68.859692100000075, -32.853071970000236 ], [ -68.859765870000075, -32.853038170000225 ], [ -68.8598353000001, -32.85299833000024 ], [ -68.859899670000075, -32.852952860000244 ], [ -68.859958370000072, -32.852902200000244 ], [ -68.860010790000075, -32.852846860000234 ], [ -68.860056430000071, -32.852787390000231 ], [ -68.860094830000094, -32.852724380000225 ], [ -68.860125600000075, -32.852658460000228 ], [ -68.860148440000074, -32.85259028000025 ], [ -68.860163130000089, -32.85252052000024 ], [ -68.860169510000077, -32.852449870000243 ], [ -68.860167530000084, -32.852379030000229 ], [ -68.860157200000089, -32.85230871000023 ], [ -68.860138630000094, -32.852239610000225 ], [ -68.860112, -32.852172420000258 ], [ -68.860077580000095, -32.852107800000219 ], [ -68.860035700000083, -32.85204639000024 ], [ -68.859986790000079, -32.851988800000228 ], [ -68.859931330000094, -32.851935610000233 ], [ -68.859869870000097, -32.851887350000247 ], [ -68.859803020000072, -32.851844490000239 ], [ -68.859731450000083, -32.851807470000217 ], [ -68.859655870000068, -32.851776640000239 ], [ -68.859577020000074, -32.851752320000209 ], [ -68.859495700000096, -32.851734740000239 ], [ -68.859412710000072, -32.851724090000218 ], [ -68.859328880000092, -32.851720460000244 ] ] ] } },
{ "type": "Feature", "properties": { "fid": 305, "TIPO": "PAVIMENTO", "NAME_1": "RP 13", "NAME_2": null, "TIPO_1": "RP", "N": 13, "JURISDIC": "DPV", "REFER": null, "JERAREFER": null }, "geometry": { "type": "MultiLineString", "coordinates": [ [ [ -68.859368770000103, -32.854104210000244 ], [ -68.859353380000087, -32.853995220000243 ], [ -68.859330510000092, -32.853887170000235 ], [ -68.85930022000008, -32.853780430000242 ], [ -68.859262630000103, -32.853675360000238 ], [ -68.859217850000078, -32.853572320000232 ], [ -68.85916604000009, -32.85347165000023 ], [ -68.859107370000089, -32.853373690000232 ], [ -68.859042050000099, -32.853278790000218 ], [ -68.858970300000067, -32.853187250000232 ], [ -68.858892350000076, -32.853099400000232 ], [ -68.858808470000085, -32.853015520000241 ], [ -68.858750260000079, -32.852948460000235 ] ] ] } },
{ "type": "Feature", "properties": { "fid": 306, "TIPO": "PAVIMENTO", "NAME_1": "RP 13", "NAME_2": null, "TIPO_1": "RP", "N": 13, "JURISDIC": "DPV", "REFER": null, "JERAREFER": null }, "geometry": { "type": "MultiLineString", "coordinates": [ [ [ -68.859368770000103, -32.854104210000244 ], [ -68.859356840000089, -32.854010080000243 ], [ -68.859353360000071, -32.853915460000231 ], [ -68.859358320000084, -32.853820890000243 ], [ -68.859371710000076, -32.853726910000233 ], [ -68.85939345000007, -32.85363404000023 ], [ -68.859423420000084, -32.853542810000235 ], [ -68.859461440000089, -32.853453760000228 ], [ -68.859507300000089, -32.853367370000221 ], [ -68.859560730000084, -32.853284140000234 ], [ -68.859621450000091, -32.853204550000243 ], [ -68.859689090000074, -32.85312904000024 ], [ -68.859763280000095, -32.853058040000228 ], [ -68.859835390000072, -32.852998270000228 ] ] ] } },
{ "type": "Feature", "properties": { "fid": 307, "TIPO": "PAVIMENTO", "NAME_1": "RP 13", "NAME_2": null, "TIPO_1": "RP", "N": 13, "JURISDIC": "DPV", "REFER": null, "JERAREFER": null }, "geometry": { "type": "MultiLineString", "coordinates": [ [ [ -68.859827210000105, -32.850571130000219 ], [ -68.859896830000068, -32.850207230000258 ], [ -68.859961080000105, -32.849386910000227 ], [ -68.860022150000106, -32.848985210000251 ], [ -68.860077960000098, -32.848725940000243 ], [ -68.860171590000093, -32.848436940000227 ], [ -68.860654850000074, -32.846991990000241 ], [ -68.860657610000075, -32.84690559000024 ], [ -68.860653230000068, -32.846819230000236 ], [ -68.860641730000083, -32.84673335000025 ], [ -68.860623150000052, -32.846648350000244 ], [ -68.860597600000105, -32.846564650000246 ], [ -68.86058163000007, -32.846521880000246 ] ] ] } },
{ "type": "Feature", "properties": { "fid": 308, "TIPO": "PAVIMENTO", "NAME_1": "RP 13", "NAME_2": null, "TIPO_1": "RP", "N": 13, "JURISDIC": "DPV", "REFER": null, "JERAREFER": null }, "geometry": { "type": "MultiLineString", "coordinates": [ [ [ -68.860723900000067, -32.846316590000235 ], [ -68.86069557000009, -32.846318650000235 ], [ -68.860668110000091, -32.846324830000242 ], [ -68.860642330000076, -32.846334940000226 ], [ -68.860619020000073, -32.846348680000226 ], [ -68.860598890000077, -32.846365620000249 ], [ -68.860582550000075, -32.846385260000254 ], [ -68.860570510000088, -32.846407000000234 ], [ -68.860563110000086, -32.846430170000232 ], [ -68.860560600000099, -32.84645407000022 ], [ -68.860563040000102, -32.846477980000252 ], [ -68.860570360000068, -32.846501170000252 ], [ -68.860582340000079, -32.846522930000233 ], [ -68.860598610000068, -32.846542600000227 ], [ -68.860618690000067, -32.846559590000226 ], [ -68.860641950000073, -32.846573380000237 ], [ -68.860667700000064, -32.84658355000024 ], [ -68.860695150000069, -32.846589790000237 ], [ -68.860723470000067, -32.846591920000229 ], [ -68.860751790000066, -32.84658986000025 ], [ -68.860779260000086, -32.846583680000229 ], [ -68.860805040000088, -32.846573570000245 ], [ -68.860828350000077, -32.846559830000238 ], [ -68.860848480000087, -32.846542880000214 ], [ -68.860864810000095, -32.846523240000231 ], [ -68.860876860000104, -32.846501510000216 ], [ -68.860884250000083, -32.846478340000232 ], [ -68.860886770000064, -32.846454440000237 ], [ -68.860884330000076, -32.84643053000022 ], [ -68.860877010000081, -32.846407340000248 ], [ -68.86086503000007, -32.846385580000224 ], [ -68.860848750000102, -32.846365900000222 ], [ -68.860828680000097, -32.846348910000252 ], [ -68.860805410000069, -32.846335120000234 ], [ -68.860779660000105, -32.846324950000238 ], [ -68.860752210000072, -32.846318710000233 ], [ -68.860723900000067, -32.846316590000235 ] ] ] } },
{ "type": "Feature", "properties": { "fid": 309, "TIPO": "PAVIMENTO", "NAME_1": "RP 13", "NAME_2": null, "TIPO_1": "RP", "N": 13, "JURISDIC": "DPV", "REFER": null, "JERAREFER": null }, "geometry": { "type": "MultiLineString", "coordinates": [ [ [ -68.860654850000074, -32.846991990000241 ], [ -68.860720470000075, -32.84689640000024 ], [ -68.860819170000084, -32.846584030000237 ], [ -68.860826390000085, -32.846561190000237 ] ] ] } },
{ "type": "Feature", "properties": { "fid": 310, "TIPO": "PAVIMENTO", "NAME_1": "RP 13", "NAME_2": null, "TIPO_1": "RP", "N": 13, "JURISDIC": "DPV", "REFER": null, "JERAREFER": null }, "geometry": { "type": "MultiLineString", "coordinates": [ [ [ -68.872867467836926, -32.833880624980111 ], [ -68.872506735352559, -32.836002971620488 ], [ -68.865652060000087, -32.83526249000024 ], [ -68.865164370000073, -32.83624133000022 ], [ -68.864889390000101, -32.837573270000242 ], [ -68.864423560000077, -32.841000550000238 ], [ -68.863596010000066, -32.846638210000236 ], [ -68.860926120000087, -32.846433630000213 ], [ -68.860884310000088, -32.846430430000225 ] ] ] } },
{ "type": "Feature", "properties": { "fid": 311, "TIPO": "PAVIMENTO", "NAME_1": "RP 52", "NAME_2": null, "TIPO_1": "RP", "N": 52, "JURISDIC": "DPV", "REFER": null, "JERAREFER": null }, "geometry": { "type": "MultiLineString", "coordinates": [ [ [ -68.830737100000078, -32.822479030000224 ], [ -68.830707940000082, -32.822377910000242 ], [ -68.830686830000076, -32.822275380000256 ], [ -68.830673850000096, -32.822171890000234 ], [ -68.830669080000092, -32.822067890000234 ], [ -68.830672520000064, -32.821963860000245 ], [ -68.830684160000089, -32.821860260000228 ], [ -68.830703960000093, -32.821757530000248 ], [ -68.830731830000076, -32.821656160000224 ], [ -68.830767630000082, -32.821556570000226 ], [ -68.830811210000078, -32.821459220000243 ], [ -68.830862380000084, -32.821364540000225 ], [ -68.830920910000088, -32.821272950000242 ], [ -68.830986540000097, -32.821184860000223 ], [ -68.831058970000072, -32.821100660000219 ], [ -68.831137890000065, -32.821020720000234 ], [ -68.831222950000068, -32.82094540000022 ], [ -68.831313760000086, -32.820875030000217 ], [ -68.83140992000007, -32.820809930000244 ], [ -68.831568560000065, -32.820737870000258 ], [ -68.831723630000084, -32.820660450000226 ], [ -68.83187486000007, -32.82057780000023 ], [ -68.832022010000088, -32.82049005000021 ], [ -68.832164830000082, -32.820397350000242 ], [ -68.832303100000075, -32.820299850000254 ], [ -68.832436590000071, -32.820197710000251 ], [ -68.832565070000072, -32.820091100000234 ], [ -68.832688350000097, -32.81998018000025 ], [ -68.832806210000072, -32.819865150000233 ], [ -68.832918470000067, -32.819746190000245 ], [ -68.833024940000072, -32.819623490000225 ], [ -68.833125440000074, -32.819497260000233 ], [ -68.83319773000008, -32.819363990000227 ], [ -68.833263130000091, -32.819228200000239 ], [ -68.833321520000084, -32.819090160000229 ], [ -68.83337279000007, -32.818950120000224 ], [ -68.833416850000077, -32.818808330000238 ], [ -68.833453620000085, -32.818665070000222 ], [ -68.833483020000074, -32.818520610000256 ], [ -68.833505, -32.81837520000024 ], [ -68.833519520000067, -32.818229130000226 ], [ -68.833526550000087, -32.81808267000023 ], [ -68.83352608000007, -32.817936090000224 ], [ -68.833518110000085, -32.817789660000237 ], [ -68.833502660000065, -32.817643650000235 ] ] ] } },
{ "type": "Feature", "properties": { "fid": 312, "TIPO": "PAVIMENTO", "NAME_1": "RP 30", "NAME_2": null, "TIPO_1": "RP", "N": 30, "JURISDIC": "DPV", "REFER": null, "JERAREFER": null }, "geometry": { "type": "MultiLineString", "coordinates": [ [ [ -68.791482570000085, -32.815152910000251 ], [ -68.791509440000098, -32.815119690000238 ], [ -68.791634070000086, -32.814965580000234 ], [ -68.791765930000068, -32.814846460000233 ], [ -68.791878150000088, -32.814789030000227 ], [ -68.792060990000081, -32.814748180000258 ], [ -68.792130630000074, -32.814732630000229 ] ] ] } },
{ "type": "Feature", "properties": { "fid": 313, "TIPO": "PAVIMENTO", "NAME_1": "RP 82", "NAME_2": "PANAMERICANA", "TIPO_1": "RP", "N": 82, "JURISDIC": "DPV", "REFER": null, "JERAREFER": null }, "geometry": { "type": "MultiLineString", "coordinates": [ [ [ -68.901493420000065, -32.994802940000241 ], [ -68.902259150000091, -32.99546644000025 ], [ -68.902702380000079, -32.995942710000229 ], [ -68.902960010000086, -32.996264480000228 ], [ -68.903224520000066, -32.996594280000245 ], [ -68.903790010000066, -32.997388320000219 ], [ -68.904323760000082, -32.998102620000239 ], [ -68.904868310000083, -32.998831350000252 ] ] ] } },
{ "type": "Feature", "properties": { "fid": 314, "TIPO": "PAVIMENTO", "NAME_1": "RP 82", "NAME_2": null, "TIPO_1": "RP", "N": 82, "JURISDIC": "DPV", "REFER": null, "JERAREFER": null }, "geometry": { "type": "MultiLineString", "coordinates": [ [ [ -68.903224520000066, -32.996594280000245 ], [ -68.903223050000079, -32.996682180000235 ], [ -68.903217870000091, -32.996711170000246 ], [ -68.903206910000065, -32.996739000000233 ], [ -68.903190480000077, -32.996764850000226 ], [ -68.903169070000089, -32.996787970000241 ], [ -68.903143310000075, -32.996807680000231 ], [ -68.903113940000082, -32.996823400000224 ], [ -68.903081820000082, -32.996834680000234 ], [ -68.903047890000082, -32.996841190000239 ], [ -68.903013140000084, -32.996842730000225 ], [ -68.902978590000075, -32.996839270000244 ], [ -68.902897640000091, -32.996820700000242 ], [ -68.902874490000087, -32.996815390000229 ] ] ] } },
{ "type": "Feature", "properties": { "fid": 315, "TIPO": "PAVIMENTO", "NAME_1": "RP 82", "NAME_2": null, "TIPO_1": "RP", "N": 82, "JURISDIC": "DPV", "REFER": null, "JERAREFER": null }, "geometry": { "type": "MultiLineString", "coordinates": [ [ [ -68.902960010000086, -32.996264480000228 ], [ -68.902866700000104, -32.996248220000226 ], [ -68.902823680000097, -32.996245710000224 ], [ -68.902780770000092, -32.996249350000241 ], [ -68.90273920000007, -32.996259030000239 ], [ -68.902700170000074, -32.996274470000237 ], [ -68.90266478000008, -32.996295240000244 ], [ -68.902634040000095, -32.996320730000242 ], [ -68.902608850000064, -32.996350230000232 ], [ -68.902589910000103, -32.996382880000233 ], [ -68.902577770000093, -32.996417750000234 ], [ -68.902572780000071, -32.996453840000214 ], [ -68.902571360000081, -32.99649779000022 ], [ -68.902571230000078, -32.996501970000224 ] ] ] } },
{ "type": "Feature", "properties": { "fid": 316, "TIPO": "PAVIMENTO", "NAME_1": "RN 7", "NAME_2": null, "TIPO_1": "RN", "N": 7, "JURISDIC": "DNV", "REFER": null, "JERAREFER": null }, "geometry": { "type": "MultiLineString", "coordinates": [ [ [ -68.709212780000087, -32.958444510000241 ], [ -68.709698620000083, -32.958448570000236 ], [ -68.710238080000067, -32.95843742000023 ], [ -68.710743250000078, -32.958413780000228 ], [ -68.711013, -32.958402010000242 ], [ -68.7116311300001, -32.958324890000213 ], [ -68.712043290000068, -32.958251420000245 ], [ -68.712534050000102, -32.958132660000224 ], [ -68.712985610000075, -32.958005540000229 ], [ -68.713496150000097, -32.957837210000214 ], [ -68.7139184400001, -32.957660410000258 ], [ -68.714360450000086, -32.957454720000243 ], [ -68.714900770000071, -32.957170700000241 ], [ -68.715161170000073, -32.957014190000237 ], [ -68.721098200000071, -32.952777680000217 ], [ -68.723840530000089, -32.950791110000225 ], [ -68.72570304000007, -32.949455750000226 ], [ -68.742269850000085, -32.93755060000025 ], [ -68.746466800000078, -32.934527600000237 ], [ -68.747351340000066, -32.933899070000237 ], [ -68.749896050000075, -32.932039680000244 ], [ -68.752165910000073, -32.930258240000228 ], [ -68.764050150000088, -32.920836780000243 ], [ -68.768527480000088, -32.917294710000206 ], [ -68.771919180000083, -32.914601790000233 ], [ -68.773201760000106, -32.913602320000237 ], [ -68.773787690000105, -32.913089500000233 ], [ -68.774213270000104, -32.912711350000237 ], [ -68.775212820000078, -32.91166982000022 ], [ -68.775644870000065, -32.911161910000246 ], [ -68.776157040000086, -32.910602230000222 ], [ -68.776619620000076, -32.910182610000234 ], [ -68.777119100000078, -32.909773430000214 ], [ -68.777414167393701, -32.909570172440255 ], [ -68.777828552115992, -32.909324885187324 ], [ -68.778314660000078, -32.909069620000245 ], [ -68.778942896216989, -32.908792104830127 ], [ -68.779552830000071, -32.908547550000229 ], [ -68.779996080000075, -32.908398860000261 ], [ -68.780651850000069, -32.908204470000257 ], [ -68.781178180000083, -32.908081310000235 ], [ -68.78349280000009, -32.907660420000219 ], [ -68.785223130000077, -32.90736634000023 ], [ -68.789986310000074, -32.906397990000237 ], [ -68.791064420000083, -32.906153300000213 ], [ -68.791926400000079, -32.905910810000258 ], [ -68.792560060000071, -32.905680770000238 ], [ -68.793123670000099, -32.905466020000233 ], [ -68.794759890000066, -32.904739510000233 ], [ -68.795640490000096, -32.904332690000238 ], [ -68.796469230000071, -32.903972010000224 ], [ -68.797553970000067, -32.903465370000234 ], [ -68.798617420000085, -32.902945860000209 ], [ -68.800064740000082, -32.902262620000265 ], [ -68.801673460000075, -32.901530830000247 ], [ -68.803999194651112, -32.900413969274588 ], [ -68.806048740000065, -32.899460460000228 ], [ -68.807456340000073, -32.898792480000203 ], [ -68.808079350000085, -32.898529210000234 ], [ -68.808721690000098, -32.898300810000229 ], [ -68.809480474046325, -32.898057019134669 ], [ -68.810089444187057, -32.897893539976693 ], [ -68.810855178918573, -32.897713342916568 ], [ -68.812138346424973, -32.897446267578076 ], [ -68.812972049021056, -32.897314716872579 ], [ -68.813562930939881, -32.897251134031599 ], [ -68.814226713874618, -32.897210572564063 ], [ -68.814944761475331, -32.897209476308198 ], [ -68.815347087382918, -32.897223727634625 ], [ -68.815708480000069, -32.89725090000023 ], [ -68.817843, -32.897498450000228 ], [ -68.818881410000103, -32.897567640000219 ], [ -68.819616770000096, -32.897610070000233 ], [ -68.820272030000083, -32.897592210000248 ], [ -68.82119490000008, -32.897488240000236 ], [ -68.8223184900001, -32.897305590000236 ], [ -68.823045220000068, -32.897208850000254 ], [ -68.82380305000008, -32.897161040000249 ], [ -68.825331890000072, -32.897159420000229 ], [ -68.826437270000085, -32.897172240000231 ], [ -68.827039060000104, -32.897142990000233 ], [ -68.828100230000089, -32.896963960000228 ], [ -68.828858200000084, -32.896840910000243 ], [ -68.830164630000084, -32.896602030000217 ], [ -68.831261460000079, -32.896415500000224 ], [ -68.83264998000007, -32.89623707000024 ], [ -68.833160710000087, -32.896166110000237 ], [ -68.833570410000092, -32.896124520000242 ] ] ] } },
{ "type": "Feature", "properties": { "fid": 317, "TIPO": "PAVIMENTO", "NAME_1": "RP 50", "NAME_2": null, "TIPO_1": "RP", "N": 50, "JURISDIC": "DPV", "REFER": null, "JERAREFER": null }, "geometry": { "type": "MultiLineString", "coordinates": [ [ [ -68.709166730000092, -32.958603580000251 ], [ -68.707588020000102, -32.962081420000231 ], [ -68.706631610000102, -32.964160890000244 ], [ -68.705365150000077, -32.966977150000226 ], [ -68.7032866200001, -32.971503160000239 ], [ -68.703124500000087, -32.971762040000222 ], [ -68.702782410000083, -32.97225460000022 ], [ -68.700068910000098, -32.975482680000248 ], [ -68.699196230000069, -32.976557940000241 ], [ -68.698458720000104, -32.977459580000236 ], [ -68.694941560000075, -32.981942630000248 ], [ -68.693148970000095, -32.984253340000244 ], [ -68.687682330000072, -32.991323110000252 ], [ -68.68752939000008, -32.991493890000243 ], [ -68.687469470000067, -32.991546600000262 ], [ -68.687340850000069, -32.991596630000245 ], [ -68.683980920000067, -32.992491570000233 ], [ -68.683336620000077, -32.992659980000241 ], [ -68.682124640000069, -32.992907450000239 ], [ -68.680661620000066, -32.99318186000022 ], [ -68.679520510000089, -32.99344098000023 ], [ -68.676667830000071, -32.994051970000243 ], [ -68.676100110000064, -32.99414934000022 ], [ -68.675843510000107, -32.994203840000239 ], [ -68.675605890000071, -32.99428827000024 ], [ -68.675488420000065, -32.994336240000244 ], [ -68.675370920000105, -32.994393400000241 ], [ -68.675267, -32.994464390000225 ], [ -68.675157550000094, -32.994558350000247 ], [ -68.675042630000078, -32.994654590000238 ], [ -68.674944040000071, -32.994762370000238 ], [ -68.674853570000082, -32.994886260000214 ], [ -68.674432550000091, -32.995885080000221 ], [ -68.674325510000088, -32.996064100000204 ], [ -68.674133060000074, -32.996475060000222 ], [ -68.673326780000068, -32.998385430000233 ], [ -68.672641390000081, -33.000050160000249 ], [ -68.672639245515143, -33.000054891382696 ] ] ] } },
{ "type": "Feature", "properties": { "fid": 318, "TIPO": "PAVIMENTO", "NAME_1": "RN 7", "NAME_2": null, "TIPO_1": "RN", "N": 7, "JURISDIC": "DNV", "REFER": null, "JERAREFER": null }, "geometry": { "type": "MultiLineString", "coordinates": [ [ [ -68.653609193044886, -33.000054891382696 ], [ -68.655054480000075, -32.99932961000026 ], [ -68.655961510000068, -32.998800730000255 ], [ -68.656719270000082, -32.99828361000025 ], [ -68.657322550000075, -32.997879630000234 ], [ -68.658274710000072, -32.997150890000242 ], [ -68.659389530000098, -32.996128900000244 ], [ -68.679147050000068, -32.977552500000229 ], [ -68.687531460000102, -32.969673950000235 ], [ -68.693249050000105, -32.964308070000236 ], [ -68.695824200000104, -32.961882900000226 ], [ -68.697146770000074, -32.960647710000252 ], [ -68.697486670000103, -32.96038542000025 ], [ -68.697778010000064, -32.960159310000236 ], [ -68.698069240000081, -32.959964960000228 ], [ -68.698624690000088, -32.959607930000253 ], [ -68.69915826000009, -32.959355180000244 ], [ -68.69952472000007, -32.959188220000215 ], [ -68.700015070000106, -32.958985270000241 ], [ -68.700677640000066, -32.958773650000232 ], [ -68.701383130000082, -32.95859388000023 ], [ -68.701905390000093, -32.958499870000232 ], [ -68.702572890000098, -32.95841981000023 ], [ -68.703234880000068, -32.958376020000237 ], [ -68.70475224000009, -32.958388680000247 ], [ -68.7066569200001, -32.958429460000247 ], [ -68.709212780000087, -32.958444510000241 ] ] ] } }
]
}
